ID,Warehouse_block,Mode_of_Shipment,Customer_care_calls,Customer_rating,Cost_of_the_Product,Prior_purchases,Product_importance,Gender,Discount_offered,Weight_in_gms,Reached.on.Time_Y.N
1,D,Flight,0.0,2,-0.45121951219512196,0.0,low,F,2.0,-0.908269739915901,1
2,F,Flight,0.0,5,0.024390243902439025,-1.0,low,M,2.0,-0.3304781186731039,1
3,A,Flight,-1.0,2,-0.3780487804878049,1.0,low,M,2.0,-0.24139542127394487,1
4,B,Flight,-0.5,3,-0.4634146341463415,1.0,medium,M,0.5,-0.9257125058402118,1
5,C,Flight,-1.0,2,-0.36585365853658536,0.0,medium,F,2.0,-0.5186108082853138,1
6,F,Flight,-0.5,1,-0.6341463414634146,0.0,medium,F,0.8333333333333334,-0.8509577947360224,1
7,D,Flight,-0.5,4,0.43902439024390244,0.0,low,F,-0.6666666666666666,-0.5538078180968696,1
8,F,Flight,0.0,1,0.23170731707317074,-1.0,low,F,2.0,-0.41893786014639467,1
9,A,Flight,-0.5,4,-0.7804878048780488,0.0,low,F,0.6666666666666666,-0.7126615791932721,1
10,B,Flight,-0.5,2,-0.6097560975609756,0.0,medium,F,2.0,-0.9225977262108706,1
11,C,Flight,-0.5,4,-0.3048780487804878,-1.0,medium,M,0.8333333333333334,-0.3927737112599284,1
12,F,Flight,0.0,5,0.21951219512195122,0.0,medium,F,2.0,-0.2790842547889737,1
13,D,Flight,-0.5,5,-0.1951219512195122,0.0,medium,F,-1.0,-0.150132378134247,1
14,F,Flight,0.0,4,0.7439024390243902,0.0,high,M,2.0,-0.48185640865908735,1
15,A,Flight,0.0,3,-0.7560975609756098,0.0,low,M,2.0,-0.9780408036131444,1
16,B,Flight,0.0,3,0.15853658536585366,0.0,low,F,2.0,-0.44915122255100454,1
17,C,Flight,-0.5,4,-0.8658536585365854,-1.0,medium,F,-0.16666666666666666,-0.9204173804703317,1
18,F,Ship,0.5,5,0.15853658536585366,0.0,medium,M,2.0,-0.06136115869802212,1
19,D,Ship,0.5,5,0.3048780487804878,0.0,high,M,1.8333333333333333,-0.5151845506930385,1
20,F,Ship,0.0,5,-0.8414634146341463,0.0,medium,M,2.0,-0.9624669054664382,1
21,A,Ship,-0.5,3,-0.6463414634146342,-1.0,medium,F,2.0,-0.8185640865908737,1
22,B,Ship,-0.5,1,0.21951219512195122,1.0,medium,F,2.0,-0.389347453667653,1
23,C,Ship,-1.0,5,-0.7073170731707317,-1.0,low,M,-0.8333333333333334,-0.7472356330789597,1
24,F,Ship,0.0,3,-0.036585365853658534,0.0,high,M,0.8333333333333334,-0.07070549758604579,1
25,D,Ship,0.0,5,0.45121951219512196,-1.0,medium,F,2.0,-0.18314904220526398,1
26,F,Ship,-0.5,1,0.13414634146341464,1.0,low,M,2.0,-0.20339510979598194,1
27,A,Ship,0.0,1,-0.5121951219512195,0.0,high,F,2.0,-0.9602865597258994,1
28,B,Ship,0.5,1,-0.6341463414634146,0.0,medium,M,2.0,-0.8453511914032082,1
29,C,Ship,-1.0,3,0.24390243902439024,1.0,low,M,2.0,-0.3161501323781343,1
30,F,Ship,0.5,4,-0.3780487804878049,-1.0,low,F,2.0,-0.1027877277682604,1
31,D,Ship,-0.5,4,0.6341463414634146,-1.0,medium,F,2.0,-0.43856097181124437,1
32,F,Ship,0.5,3,0.524390243902439,-1.0,low,F,2.0,-0.2516741940507709,1
33,A,Ship,-0.5,1,0.10975609756097561,0.0,low,F,2.0,-0.11026319887867933,1
34,B,Ship,0.0,2,0.24390243902439024,0.0,medium,M,-0.5,-0.2765924310855007,1
35,C,Ship,0.0,2,0.15853658536585366,1.0,medium,F,2.0,-0.5260862793957327,1
36,F,Ship,0.5,4,-0.7926829268292683,0.0,medium,F,2.0,-0.7282354773399782,1
37,D,Ship,-0.5,5,-0.9390243902439024,1.0,high,F,2.0,-0.8322691169599751,1
38,F,Ship,-1.0,4,-0.4024390243902439,2.5,medium,F,1.5,-0.1694440118361626,1
39,A,Ship,0.5,1,0.012195121951219513,1.0,low,F,2.0,-0.07600062295592587,1
40,B,Ship,0.0,2,0.6707317073170732,2.0,low,F,2.0,-0.5500700825416602,1
41,C,Ship,0.5,1,0.15853658536585366,-1.0,low,M,1.3333333333333333,-0.10932876498987697,1
42,F,Ship,0.5,5,-0.9146341463414634,1.0,medium,M,2.0,-0.8983024451020091,1
43,D,Ship,-0.5,5,-0.9390243902439024,-1.0,medium,M,2.0,-0.7793178632611742,1
44,F,Ship,-0.5,1,-0.4878048780487805,-1.0,low,M,2.0,-0.8076623578881794,1
45,A,Ship,-0.5,1,-0.7682926829268293,-1.0,low,M,2.0,-0.8786793334371593,1
46,B,Ship,0.5,1,-0.04878048780487805,0.0,low,F,0.3333333333333333,-0.3753309453356175,1
47,C,Ship,-0.5,4,-0.5487804878048781,1.0,medium,F,2.0,-0.9045320043606915,1
48,F,Ship,0.5,1,-0.6585365853658537,-1.0,low,M,2.0,-0.801432798629497,1
49,D,Ship,0.5,4,-0.2926829268292683,-1.0,medium,M,0.3333333333333333,-0.12334527332191247,1
50,F,Ship,0.5,3,0.024390243902439025,0.0,low,F,2.0,-0.6238903597570472,1
51,A,Ship,0.0,1,-0.3780487804878049,0.0,low,M,2.0,-0.656284067902196,1
52,B,Ship,0.0,4,-0.8902439024390244,0.0,low,M,2.0,-0.7519078025229715,1
53,C,Ship,0.0,3,-0.5975609756097561,0.0,low,F,2.0,-0.8811711571406323,1
54,F,Ship,-1.0,1,-0.5365853658536586,0.0,low,M,2.0,-0.9409749260239838,1
55,D,Ship,0.0,3,-0.13414634146341464,0.0,high,M,0.8333333333333334,-0.19000155738981467,1
56,F,Ship,-1.0,5,0.3902439024390244,2.0,low,M,2.0,-0.5332502725432176,1
57,A,Ship,-0.5,3,0.2926829268292683,0.0,low,F,2.0,-0.3279862949696309,1
58,B,Ship,-0.5,3,-0.25609756097560976,0.0,medium,F,2.0,-0.2167886622021492,1
59,C,Ship,0.5,5,-0.8902439024390244,0.0,high,M,2.0,-0.8665316928827286,1
60,F,Ship,0.0,1,-0.7804878048780488,0.0,high,F,1.6666666666666667,-0.6933499454913565,1
61,D,Ship,-0.5,1,0.08536585365853659,0.0,low,F,2.0,-0.42205263977573587,1
62,F,Ship,-0.5,3,-0.4268292682926829,0.0,medium,M,2.0,-0.9316305871359601,1
63,A,Ship,0.5,1,-1.329268292682927,2.5,medium,M,2.0,-0.8898925401027877,1
64,B,Ship,-0.5,1,-0.45121951219512196,0.0,medium,M,2.0,-0.7067434978975238,1
65,C,Ship,0.0,5,0.573170731707317,-1.0,high,M,2.0,-0.34387167107927114,1
66,F,Ship,-0.5,2,-0.14634146341463414,0.0,low,M,2.0,-0.3949540570004672,1
67,D,Ship,-0.5,2,-1.2804878048780488,0.0,medium,F,1.3333333333333333,-0.7596947515963246,1
68,F,Ship,-0.5,3,-0.6829268292682927,0.0,low,F,-0.16666666666666666,-0.707366453823392,1
69,A,Ship,0.0,2,0.2073170731707317,1.0,medium,F,-0.16666666666666666,-0.5098894253231584,1
70,B,Ship,-0.5,5,-0.0975609756097561,0.0,medium,M,2.0,-0.38000311477962934,1
71,C,Ship,0.5,1,-0.32926829268292684,1.0,high,M,1.1666666666666667,-0.09344338888023672,1
72,F,Ship,0.5,5,0.1951219512195122,-1.0,low,F,-0.8333333333333334,-0.598037688833515,1
73,D,Ship,0.5,5,0.21951219512195122,0.0,medium,F,2.0,-0.3585111353371749,1
74,F,Ship,0.0,5,0.012195121951219513,0.0,medium,F,2.0,-0.0513938638841302,1
75,A,Ship,1.0,1,0.2926829268292683,2.5,low,F,1.0,-0.531692882728547,1
76,B,Ship,0.0,1,0.6341463414634146,0.0,low,F,2.0,-0.11649275813736178,1
77,C,Ship,-1.0,3,-0.6829268292682927,-1.0,medium,F,2.0,-0.735399470487463,1
78,F,Ship,-0.5,3,-1.2317073170731707,0.0,low,F,2.0,-0.8194985204796761,1
79,D,Ship,-0.5,4,0.10975609756097561,0.0,low,M,1.8333333333333333,-0.05918081295748326,1
80,F,Ship,-0.5,5,0.524390243902439,-1.0,medium,F,2.0,-0.13642734776514562,1
81,A,Ship,-0.5,4,-0.4146341463414634,-1.0,medium,F,2.0,-0.6874318641956082,1
82,B,Ship,-1.0,5,-1.0,0.0,low,M,1.8333333333333333,-0.7444323314125526,1
83,C,Ship,0.0,4,0.036585365853658534,0.0,high,F,2.0,-0.39682292477807196,1
84,F,Ship,0.5,5,-0.6341463414634146,0.0,high,F,2.0,-0.8674661267715309,1
85,D,Ship,0.0,5,-0.2073170731707317,-1.0,medium,F,2.0,-0.44821678866220216,1
86,F,Ship,-0.5,4,-0.2073170731707317,0.0,medium,M,1.0,-0.623267403831179,1
87,A,Ship,0.0,1,-0.35365853658536583,-1.0,low,M,2.0,-0.38592119607537767,1
88,B,Ship,1.0,2,0.7804878048780488,0.0,medium,F,-0.6666666666666666,-0.36598660644759384,1
89,C,Ship,-0.5,3,0.18292682926829268,0.0,low,M,2.0,-0.5637751129107615,1
90,F,Ship,0.0,1,-0.34146341463414637,1.0,medium,F,2.0,-0.08378757202927893,1
91,D,Ship,0.5,3,-0.4878048780487805,2.5,high,F,2.0,-0.954368478430151,1
92,F,Ship,0.5,5,0.8780487804878049,0.0,low,F,1.8333333333333333,-0.3071172714530447,1
93,A,Ship,0.0,4,-0.47560975609756095,-1.0,medium,F,0.0,-0.9222862482479365,1
94,B,Ship,-0.5,3,0.06097560975609756,0.0,medium,F,1.6666666666666667,-0.2373462077558013,1
95,C,Ship,0.0,1,-0.012195121951219513,1.0,high,F,2.0,-0.562529201059025,1
96,F,Ship,-1.0,3,0.25609756097560976,0.0,low,M,2.0,-0.6587758916056689,1
97,D,Ship,-0.5,3,-0.7926829268292683,-1.0,medium,M,1.8333333333333333,-0.9107615636193739,1
98,F,Ship,0.0,1,0.6951219512195121,-1.0,medium,F,0.16666666666666666,-0.544463479208846,1
99,A,Ship,-0.5,5,-0.8536585365853658,1.0,medium,M,-0.3333333333333333,-0.9484503971344027,1
100,B,Ship,0.0,2,-0.8414634146341463,-1.0,medium,M,2.0,-0.7886622021491979,1
101,C,Ship,0.5,3,-0.8658536585365854,-1.0,medium,M,2.0,-0.720137050303691,1
102,F,Ship,0.5,5,0.15853658536585366,1.0,low,M,2.0,-0.4750038934745367,1
103,D,Ship,-1.0,1,-0.012195121951219513,0.0,low,M,2.0,-0.44136427347765145,1
104,F,Ship,0.5,1,-0.8536585365853658,1.0,low,M,2.0,-0.7758916056688989,1
105,A,Ship,-0.5,3,0.04878048780487805,0.0,low,M,-0.6666666666666666,-0.5899392617972279,1
106,B,Ship,0.0,2,-0.8536585365853658,0.0,medium,M,2.0,-0.7976950630742875,1
107,C,Ship,-0.5,1,0.2926829268292683,0.0,low,M,1.6666666666666667,-0.4750038934745367,1
108,F,Ship,0.0,5,0.024390243902439025,0.0,high,M,2.0,-0.6528578103099206,1
109,D,Ship,0.0,5,0.2926829268292683,0.0,high,F,2.0,-0.2778383429372372,1
110,F,Ship,0.0,1,-0.8902439024390244,0.0,medium,M,2.0,-0.9029746145460209,1
111,A,Road,-0.5,1,-0.6829268292682927,-1.0,low,M,-0.8333333333333334,-0.8923843638062607,1
112,B,Road,0.0,2,0.3048780487804878,0.0,low,F,2.0,-0.14639464257903753,1
113,C,Road,0.0,3,-0.47560975609756095,-1.0,low,M,2.0,-0.7266780875253076,1
114,F,Road,-0.5,2,0.5975609756097561,0.0,low,M,2.0,-0.41488864662825103,1
115,D,Road,-0.5,5,-0.5609756097560976,-1.0,high,M,2.0,-0.7889736801121321,1
116,F,Road,-0.5,4,-0.4634146341463415,0.0,high,M,2.0,-0.7382027721538701,1
117,A,Road,0.0,1,-0.7804878048780488,1.0,high,M,2.0,-0.9733686341691326,1
118,B,Road,0.0,3,0.6219512195121951,-1.0,medium,F,2.0,-0.5678243264289051,1
119,C,Road,-1.0,5,0.5975609756097561,0.0,low,F,-0.3333333333333333,-0.37439651144681513,1
120,F,Road,0.5,1,-0.8414634146341463,0.0,low,M,2.0,-0.8603021336240461,1
121,D,Road,0.0,2,-0.3780487804878049,0.0,low,F,2.0,-0.43856097181124437,1
122,F,Road,-0.5,3,-0.10975609756097561,0.0,medium,F,2.0,-0.6173493225354306,1
123,A,Road,0.0,2,-0.6585365853658537,0.0,low,M,2.0,-0.7584488397445881,1
124,B,Road,-0.5,3,0.4634146341463415,-1.0,medium,F,2.0,-0.6375953901261485,1
125,C,Road,0.5,5,0.0975609756097561,0.0,low,M,0.5,-0.5821523127238748,1
126,F,Road,-0.5,3,-0.13414634146341464,-1.0,low,M,2.0,-0.16882105591029434,1
127,D,Road,0.0,5,0.07317073170731707,0.0,medium,M,2.0,-0.19716555053729948,1
128,F,Road,-0.5,3,-0.8170731707317073,1.0,low,F,2.0,-0.7559570160411151,1
129,A,Road,0.0,4,-0.17073170731707318,1.0,medium,M,1.5,-0.6506774645693817,1
130,B,Road,0.0,5,0.12195121951219512,1.0,medium,M,2.0,-0.6612677153091419,1
131,C,Road,-0.5,5,-0.4268292682926829,-1.0,low,F,1.6666666666666667,-0.8674661267715309,1
132,F,Road,-0.5,4,-0.8536585365853658,0.0,low,M,2.0,-0.7114156673415356,1
133,D,Flight,0.5,2,0.4024390243902439,0.0,low,M,1.6666666666666667,-0.08098427036287183,1
134,F,Flight,0.5,4,0.8048780487804879,2.5,medium,F,2.0,-0.1766080049836474,1
135,A,Flight,-0.5,3,-0.5609756097560976,-1.0,medium,F,-1.0,-0.722628874007164,1
136,B,Flight,-0.5,5,-0.6951219512195121,0.0,medium,F,-0.5,-0.7039401962311167,1
137,C,Flight,-0.5,3,-0.3048780487804878,1.0,medium,F,2.0,-0.6045787260551316,1
138,F,Flight,-0.5,5,-0.6341463414634146,-1.0,medium,M,0.0,-0.750661890671235,1
139,D,Flight,0.0,1,-0.08536585365853659,2.0,low,M,2.0,-0.5450864351347142,1
140,F,Flight,0.5,1,0.2804878048780488,-1.0,low,F,0.5,-0.09001713128796138,1
141,A,Flight,0.0,4,0.6097560975609756,0.0,high,M,2.0,-0.6631365830867466,1
142,B,Flight,0.5,4,-0.7926829268292683,0.0,low,M,2.0,-0.7799408191870425,1
143,C,Flight,0.5,5,-0.6341463414634146,0.0,low,M,2.0,-0.8369412864039869,1
144,F,Flight,-1.0,1,-0.10975609756097561,1.0,medium,F,2.0,-0.620775580127706,1
145,D,Flight,-1.0,1,-0.6829268292682927,0.0,medium,F,2.0,-0.8126460052951253,1
146,F,Flight,-1.0,2,0.4146341463414634,-1.0,low,M,2.0,-0.1376732596168821,1
147,A,Flight,-0.5,5,-0.2804878048780488,0.0,low,M,2.0,-0.12427970721071484,1
148,B,Flight,0.0,3,-0.8292682926829268,1.0,medium,F,2.0,-0.7179567045631522,1
149,C,Flight,-0.5,3,-0.9634146341463414,0.0,low,M,2.0,-0.8282199034418315,1
150,F,Flight,0.5,1,-0.7926829268292683,0.0,low,M,2.0,-0.9615324715776359,1
151,D,Flight,0.0,4,0.07317073170731707,-1.0,medium,F,0.0,-0.4977417847687276,1
152,F,Flight,0.5,3,-1.4146341463414633,2.0,medium,M,2.0,-0.8970565332502726,1
153,A,Flight,-0.5,4,-1.4268292682926829,1.0,low,M,2.0,-0.9067123501012303,1
154,B,Flight,-0.5,3,-0.3780487804878049,-1.0,low,M,2.0,-0.06759071795670456,1
155,C,Ship,-0.5,3,-0.6341463414634146,0.0,medium,F,0.16666666666666666,-0.7101697554897991,1
156,F,Ship,0.5,1,-1.2195121951219512,1.0,low,F,2.0,-0.8428593676997352,1
157,D,Ship,1.0,3,0.7439024390243902,2.0,low,M,2.0,-0.516430462544775,1
158,F,Ship,-0.5,2,-0.13414634146341464,-1.0,medium,F,2.0,-0.09468930073197321,1
159,A,Ship,0.5,5,-0.10975609756097561,-1.0,high,M,2.0,-0.1488864662825105,1
160,B,Ship,-0.5,3,-0.7926829268292683,0.0,low,F,2.0,-0.6861859523438717,1
161,C,Ship,-1.0,2,-1.2439024390243902,1.0,medium,M,2.0,-0.9378601463946425,1
162,F,Ship,-0.5,1,-0.08536585365853659,0.0,medium,F,2.0,-0.20775580127705964,1
163,D,Ship,0.0,1,0.573170731707317,1.0,low,F,2.0,-0.2248870892384364,1
164,F,Ship,0.5,2,0.7317073170731707,0.0,medium,M,-0.16666666666666666,-0.24108394331101074,1
165,A,Ship,-0.5,5,-0.8902439024390244,-1.0,low,M,2.0,-0.7653013549291388,1
166,B,Ship,-0.5,3,-0.5853658536585366,1.0,medium,F,1.6666666666666667,-0.8257280797383585,1
167,C,Ship,0.5,2,-0.8902439024390244,0.0,high,F,2.0,-0.974614546020869,1
168,F,Ship,0.0,5,-0.7560975609756098,0.0,low,M,2.0,-0.7600062295592587,1
169,D,Ship,0.0,2,0.43902439024390244,0.0,low,F,2.0,-0.5204796760629186,1
170,F,Ship,0.0,3,-0.6463414634146342,0.0,medium,F,2.0,-0.7288584332658464,1
171,A,Ship,0.0,3,-0.35365853658536583,0.0,medium,F,0.5,-0.5874474380937549,1
172,B,Ship,0.0,4,-0.4634146341463415,1.0,high,F,2.0,-0.9509422208378757,1
173,C,Ship,-0.5,4,-0.8048780487804879,0.0,low,M,2.0,-0.8095312256657842,1
174,F,Ship,-0.5,2,0.6829268292682927,0.0,low,F,2.0,-0.4354461921819031,1
175,D,Ship,-0.5,3,0.34146341463414637,0.0,low,F,2.0,-0.0666562840679022,1
176,F,Ship,0.0,4,-0.7804878048780488,-1.0,medium,M,-0.6666666666666666,-0.8920728858433266,1
177,A,Ship,0.0,5,-0.2682926829268293,0.0,high,M,2.0,-0.08627939573275191,1
178,B,Ship,0.0,5,-1.1951219512195121,0.0,medium,M,2.0,-0.8830400249182371,1
179,C,Ship,-0.5,3,-0.2682926829268293,0.0,medium,F,-0.8333333333333334,-0.04796760629185485,1
180,F,Ship,0.5,5,0.5,1.0,medium,M,-0.6666666666666666,-0.2208378757202928,1
181,D,Ship,0.0,1,-0.6463414634146342,2.5,medium,F,1.8333333333333333,-0.8892695841769195,1
182,F,Ship,0.0,5,-0.6951219512195121,0.0,low,M,2.0,-0.8291543373306338,1
183,A,Ship,-0.5,2,-0.6097560975609756,2.5,high,F,2.0,-0.6880548201214765,1
184,B,Ship,-0.5,5,-0.6341463414634146,2.5,medium,F,1.5,-0.9646472512069771,1
185,C,Ship,-0.5,3,-0.8292682926829268,-1.0,low,M,2.0,-0.829465815293568,1
186,F,Ship,-0.5,2,-0.06097560975609756,0.0,medium,M,2.0,-0.3575767014483725,1
187,D,Ship,0.5,4,-0.975609756097561,-1.0,medium,F,2.0,-0.8606136115869802,1
188,F,Ship,-1.0,1,0.0975609756097561,-1.0,medium,M,-0.3333333333333333,-0.11555832424855941,1
189,A,Ship,-1.0,5,-0.9146341463414634,0.0,low,F,2.0,-0.908269739915901,1
190,B,Ship,-1.0,4,-0.975609756097561,0.0,low,F,2.0,-0.8515807506618907,1
191,C,Ship,-1.0,5,-1.024390243902439,0.0,low,M,1.5,-0.9521881326896122,1
192,F,Ship,-1.0,5,-0.9878048780487805,0.0,low,F,2.0,-0.7952032393708145,1
193,D,Ship,-1.0,4,-0.9024390243902439,0.0,low,F,0.0,-0.8528266625136272,1
194,F,Ship,-1.0,2,-0.6829268292682927,0.0,low,M,2.0,-0.6793334371593209,1
195,A,Ship,0.0,2,0.6829268292682927,1.0,low,F,2.0,-0.7515963245600373,1
196,B,Ship,-1.0,5,-0.9024390243902439,0.0,low,F,2.0,-0.9714997663915278,1
197,C,Ship,-1.0,2,-0.9634146341463414,0.0,low,M,1.3333333333333333,-0.875253075844884,1
198,F,Ship,-1.0,3,-0.9512195121951219,0.0,low,F,2.0,-0.8039246223329699,1
199,D,Ship,-1.0,3,-0.8780487804878049,0.0,medium,F,2.0,1.0873695686030214,1
200,F,Ship,-1.0,2,-0.7317073170731707,0.0,medium,M,2.0,1.1515340289674505,1
201,A,Ship,-1.0,3,-0.9146341463414634,0.0,low,M,0.3333333333333333,-0.8341379847375798,1
202,B,Ship,-1.0,3,-0.6585365853658537,0.0,low,F,2.0,-0.9026631365830867,1
203,C,Ship,-1.0,4,-0.975609756097561,0.0,low,M,2.0,-0.9599750817629653,1
204,F,Ship,0.5,3,-0.6463414634146342,2.0,high,M,2.0,-0.7058090640087213,1
205,D,Ship,-1.0,5,-0.7195121951219512,0.0,low,M,2.0,-0.7933343715932097,1
206,F,Ship,-1.0,3,-0.8414634146341463,0.0,medium,F,2.0,1.071172714530447,1
207,A,Ship,-1.0,2,-0.6951219512195121,0.0,low,M,-1.0,-0.8322691169599751,1
208,B,Ship,-1.0,2,-0.6585365853658537,0.0,low,M,2.0,-0.7656128328920729,1
209,C,Ship,-1.0,4,-0.7560975609756098,0.0,low,M,2.0,-0.8257280797383585,1
210,F,Ship,-1.0,5,-0.8048780487804879,0.0,high,F,0.6666666666666666,-0.824482167886622,1
211,D,Ship,-1.0,1,-1.0609756097560976,0.0,low,F,1.3333333333333333,-0.8182526086279396,1
212,F,Ship,-1.0,5,-0.7317073170731707,0.0,low,F,2.0,-0.9456470954679956,1
213,A,Ship,-1.0,5,-1.0609756097560976,0.0,low,M,2.0,-0.8746301199190157,1
214,B,Ship,-1.0,5,-0.6585365853658537,0.0,medium,F,2.0,1.0129263354617661,1
215,C,Ship,-1.0,4,-1.0365853658536586,0.0,low,F,2.0,-0.9126304313969786,1
216,F,Ship,-1.0,5,-0.6829268292682927,0.0,low,F,2.0,-0.7559570160411151,1
217,D,Ship,0.0,3,-0.35365853658536583,0.0,medium,M,-0.6666666666666666,-0.3170845662669366,1
218,F,Ship,0.0,4,-0.4634146341463415,1.0,high,F,2.0,-0.8895810621398536,1
219,A,Ship,-0.5,4,-0.8048780487804879,0.0,low,M,2.0,-0.8179411306650054,1
220,B,Ship,-0.5,5,0.6829268292682927,0.0,low,M,2.0,-0.08223018221460832,1
221,C,Ship,-0.5,4,0.34146341463414637,0.0,low,M,2.0,-0.5506930384675284,1
222,F,Ship,0.0,3,-0.7804878048780488,-1.0,medium,M,2.0,-0.7976950630742875,1
223,D,Ship,0.0,2,-0.2682926829268293,0.0,high,M,-0.5,-0.6503659866064476,1
224,F,Ship,0.0,5,-1.1951219512195121,0.0,medium,F,0.3333333333333333,-0.8830400249182371,1
225,A,Ship,-0.5,4,-0.2682926829268293,0.0,medium,F,2.0,-0.2547889736801121,1
226,B,Ship,0.5,4,0.5,1.0,medium,F,2.0,-0.4292166329232207,1
227,C,Ship,0.0,3,-0.6463414634146342,2.5,medium,M,2.0,-0.8263510356642267,1
228,F,Ship,0.0,2,-0.6951219512195121,0.0,low,F,2.0,-0.8584332658464414,1
229,D,Ship,-0.5,2,-0.6097560975609756,2.5,high,M,1.1666666666666667,-0.8640398691792556,1
230,F,Ship,-0.5,3,-0.6341463414634146,2.5,medium,F,2.0,-0.8942532315838655,1
231,A,Ship,-0.5,1,-0.8292682926829268,-1.0,low,F,2.0,-0.8163837408503348,1
232,B,Ship,-0.5,4,-0.06097560975609756,0.0,medium,F,2.0,-0.5946114312412397,1
233,C,Ship,0.5,5,-0.975609756097561,-1.0,medium,M,2.0,-0.9534340445413487,1
234,F,Ship,-1.0,1,0.0975609756097561,-1.0,medium,M,2.0,-0.16290297461454603,1
235,D,Ship,-1.0,1,-0.9146341463414634,0.0,low,F,2.0,-0.7995639308518923,1
236,F,Ship,-1.0,2,-0.975609756097561,0.0,low,M,2.0,-0.8712038623267404,1
237,A,Ship,-1.0,3,-1.024390243902439,0.0,low,F,2.0,-0.7313502569693194,1
238,B,Ship,-1.0,2,-0.9878048780487805,0.0,low,M,-0.3333333333333333,-0.8973680112132066,1
239,C,Ship,-1.0,3,-0.9024390243902439,0.0,low,F,2.0,-0.8649743030680579,1
240,F,Ship,-1.0,3,-0.6829268292682927,0.0,low,M,0.5,-0.8204329543684784,1
241,D,Ship,0.0,5,0.6829268292682927,1.0,low,M,2.0,-0.7260551315994394,1
242,F,Ship,-1.0,4,-0.9024390243902439,0.0,low,F,2.0,-0.8942532315838655,1
243,A,Ship,-1.0,2,-0.9634146341463414,0.0,low,M,2.0,-0.7522192804859056,1
244,B,Ship,-1.0,4,-0.9512195121951219,0.0,low,M,2.0,-0.6824482167886622,1
245,C,Ship,-1.0,1,-0.8780487804878049,0.0,medium,F,0.16666666666666666,0.5964802990188444,1
246,F,Ship,-1.0,4,-0.7317073170731707,0.0,medium,F,2.0,1.1010745989721227,1
247,D,Ship,-1.0,3,-0.9146341463414634,0.0,low,F,-0.6666666666666666,-0.735399470487463,1
248,F,Road,-1.0,4,-0.6585365853658537,0.0,low,F,2.0,-0.9714997663915278,1
249,A,Road,-1.0,2,-0.975609756097561,0.0,low,F,2.0,-0.8157607849244666,1
250,B,Road,0.5,5,-0.6463414634146342,2.0,high,F,2.0,-0.8216788662202149,1
251,C,Road,-1.0,3,-0.7195121951219512,0.0,low,F,2.0,-0.7818096869646473,1
252,F,Road,-1.0,2,-0.8414634146341463,0.0,medium,F,-0.3333333333333333,0.608316461610341,1
253,D,Road,-1.0,1,-0.6951219512195121,0.0,low,M,2.0,-0.6911695997508176,1
254,F,Road,-1.0,5,-0.6585365853658537,0.0,low,F,2.0,-0.8565643980688367,1
255,A,Road,-1.0,2,-0.7560975609756098,0.0,low,F,2.0,-0.7316617349322535,1
256,B,Road,-1.0,2,-0.8048780487804879,0.0,high,F,2.0,-0.8721382962155427,1
257,C,Road,-1.0,2,-1.0609756097560976,0.0,low,M,1.0,-0.9409749260239838,1
258,F,Road,-1.0,2,-1.0365853658536586,0.0,medium,F,2.0,0.7677931786326118,1
259,D,Road,-1.0,3,-0.6829268292682927,0.0,low,F,1.0,-0.9045320043606915,1
260,F,Road,-1.0,4,-0.8170731707317073,0.0,low,M,-0.3333333333333333,-0.6942843793801589,1
261,A,Road,-1.0,5,-0.6707317073170732,0.0,low,F,2.0,-0.7874162902974614,1
262,B,Road,-1.0,3,-0.7682926829268293,0.0,low,F,2.0,-0.6911695997508176,1
263,C,Road,-0.5,1,0.975609756097561,1.0,low,F,2.0,-0.9531225665784145,1
264,F,Road,-0.5,2,0.14634146341463414,-1.0,medium,M,2.0,-0.8419249338109329,1
265,D,Road,0.5,3,0.6951219512195121,2.0,high,M,0.3333333333333333,-0.7276125214141099,1
266,F,Road,1.5,2,-0.13414634146341464,2.0,medium,F,2.0,-0.7142189690079427,1
267,A,Road,-1.0,3,0.6097560975609756,1.0,low,F,0.5,-0.7790063852982402,1
268,B,Road,0.0,1,0.5365853658536586,0.0,medium,M,2.0,-0.6036442921663292,1
269,C,Road,-0.5,5,0.32926829268292684,0.0,low,F,2.0,-0.3335928983024451,1
270,F,Flight,0.0,5,-0.07317073170731707,0.0,medium,M,2.0,-0.6519233764211182,1
271,D,Flight,-0.5,2,-0.06097560975609756,2.0,medium,F,0.8333333333333334,-0.34106836941286406,1
272,F,Flight,0.5,1,-0.3902439024390244,-1.0,medium,F,2.0,-0.44915122255100454,1
273,A,Flight,0.0,5,-0.8048780487804879,-1.0,medium,F,2.0,-0.9537455225042828,1
274,B,Flight,-1.0,3,-0.3780487804878049,-1.0,medium,F,2.0,-0.29590406478741627,1
275,C,Flight,-0.5,5,0.18292682926829268,2.5,medium,M,2.0,-0.4460364429216633,1
276,F,Flight,0.5,5,-1.2073170731707317,2.0,low,F,2.0,-0.7653013549291388,1
277,D,Flight,0.0,2,-0.9512195121951219,0.0,low,F,2.0,-0.6812023049369257,1
278,F,Flight,0.0,4,-0.024390243902439025,0.0,low,M,2.0,-0.26226444479053107,1
279,A,Flight,0.0,3,-0.524390243902439,0.0,low,F,2.0,-0.8861548045475782,1
280,B,Flight,-0.5,1,-0.7682926829268293,-1.0,low,M,2.0,-0.6927269895654883,1
281,C,Flight,-0.5,1,-0.10975609756097561,0.0,medium,M,2.0,-0.33857654570939105,1
282,F,Flight,0.5,4,-0.8170731707317073,0.0,medium,M,2.0,-0.9397290141722473,1
283,D,Flight,-0.5,3,-0.7195121951219512,0.0,low,F,2.0,-0.7590717956704564,1
284,F,Flight,0.5,4,-0.5975609756097561,0.0,low,F,2.0,-0.9341224108394331,1
285,A,Flight,0.5,5,0.1951219512195122,0.0,low,F,2.0,-0.28033016664071014,1
286,B,Flight,-1.0,4,-0.4024390243902439,1.0,medium,M,1.0,-0.5731194517987852,1
287,C,Flight,0.5,3,0.24390243902439024,-1.0,low,F,2.0,-0.26195296682759694,1
288,F,Flight,0.0,4,-0.7926829268292683,0.0,low,M,2.0,-0.6765301354929139,1
289,D,Flight,0.5,5,-0.7073170731707317,-1.0,low,M,2.0,-0.8061049680735088,1
290,F,Flight,0.0,2,-0.5121951219512195,0.0,medium,F,2.0,-0.7135960130820744,1
291,A,Flight,0.0,4,0.6829268292682927,0.0,low,M,0.8333333333333334,-0.2709858277526865,1
292,B,Ship,0.0,1,-0.0975609756097561,0.0,medium,M,2.0,-0.10652546332346986,1
293,C,Ship,0.0,3,-0.036585365853658534,1.0,medium,M,2.0,-0.3248715153402897,1
294,F,Ship,-0.5,2,-0.9512195121951219,1.0,low,M,2.0,-0.9528110886154805,1
295,D,Ship,0.5,1,-0.34146341463414637,-1.0,high,F,2.0,-0.05232829777293257,1
296,F,Ship,-0.5,1,-0.14634146341463414,-1.0,medium,M,2.0,-0.23391995016352593,1
297,A,Ship,0.0,2,-0.3780487804878049,0.0,medium,F,0.8333333333333334,-0.15667341535586357,1
298,B,Ship,0.0,4,0.21951219512195122,-1.0,low,M,2.0,-0.40118361625914967,1
299,C,Ship,0.0,2,-0.8170731707317073,1.0,medium,M,2.0,-0.9406634480610497,1
300,F,Ship,0.0,3,-0.9512195121951219,0.0,medium,M,2.0,-0.8154493069615325,1
301,D,Ship,0.5,3,-1.0609756097560976,0.0,low,F,2.0,-0.8419249338109329,1
302,F,Ship,0.0,5,-0.14634146341463414,-1.0,medium,M,2.0,-0.14141099517209157,1
303,A,Ship,-0.5,4,0.32926829268292684,-1.0,low,M,2.0,-0.1488864662825105,1
304,B,Ship,0.0,3,0.0975609756097561,-1.0,medium,M,2.0,-0.09842703628718268,1
305,C,Ship,-0.5,2,-0.3780487804878049,1.0,medium,F,0.8333333333333334,-0.42734776514561595,1
306,F,Ship,0.0,4,0.4268292682926829,0.0,medium,F,2.0,-0.11836162591496652,1
307,D,Ship,-0.5,1,0.35365853658536583,1.0,high,M,2.0,-0.09686964647251207,1
308,F,Ship,-0.5,3,-0.6219512195121951,0.0,medium,M,0.3333333333333333,-0.900794268805482,1
309,A,Ship,0.0,2,-0.5975609756097561,-1.0,high,M,0.6666666666666666,-0.7952032393708145,1
310,B,Ship,0.5,5,0.6341463414634146,0.0,medium,F,2.0,-0.33016664071016977,1
311,C,Ship,-0.5,4,-0.25609756097560976,-1.0,medium,M,2.0,-0.07475471110418938,1
312,F,Ship,-0.5,2,-0.7317073170731707,0.0,low,F,2.0,-0.9384831023205108,1
313,D,Ship,-0.5,3,-0.9024390243902439,0.0,medium,M,2.0,-0.9665161189845819,1
314,F,Ship,0.0,3,0.7073170731707317,0.0,medium,M,2.0,-0.13829621554275034,1
315,A,Ship,0.0,2,-0.8658536585365854,2.5,medium,M,2.0,-0.7771375175206354,1
316,B,Ship,0.0,2,-0.926829268292683,0.0,low,F,2.0,-0.7301043451175829,1
317,C,Ship,0.0,2,0.2926829268292683,-1.0,high,M,1.6666666666666667,-0.24637906868089082,1
318,F,Ship,0.0,5,0.7195121951219512,1.0,medium,F,2.0,-0.5531848621710014,1
319,D,Ship,-0.5,1,-0.17073170731707318,-1.0,medium,M,2.0,-0.4977417847687276,1
320,F,Ship,0.0,5,-0.012195121951219513,1.0,low,M,2.0,-0.5506930384675284,1
321,A,Ship,-0.5,4,0.12195121951219512,-1.0,medium,F,1.3333333333333333,-0.45102009032860924,1
322,B,Ship,0.0,5,-0.8902439024390244,0.0,medium,M,0.8333333333333334,-0.7715309141878212,1
323,C,Ship,-0.5,3,-0.7804878048780488,0.0,low,M,2.0,-0.9683849867621865,1
324,F,Ship,-0.5,1,-0.2682926829268293,-1.0,low,M,2.0,-0.4145771686653169,1
325,D,Ship,0.5,1,0.7926829268292683,1.0,medium,F,2.0,-0.2208378757202928,1
326,F,Ship,-0.5,4,0.3902439024390244,0.0,medium,M,2.0,-0.12490266313658309,1
327,A,Ship,-0.5,4,-0.5,0.0,medium,M,2.0,-0.7980065410372216,1
328,B,Ship,0.0,4,0.23170731707317074,1.0,medium,F,2.0,-0.5578570316150132,1
329,C,Ship,0.5,1,0.7317073170731707,-1.0,medium,M,2.0,-0.5376109640242953,1
330,F,Ship,0.0,5,0.35365853658536583,1.0,medium,F,2.0,-0.4257903753309453,1
331,D,Ship,-0.5,4,-0.2073170731707317,0.0,medium,F,2.0,-0.2248870892384364,1
332,F,Ship,0.0,3,-0.9024390243902439,0.0,high,F,2.0,-0.9584176919482946,1
333,A,Ship,-0.5,5,0.012195121951219513,0.0,medium,F,2.0,-0.48715153402896744,1
334,B,Ship,-0.5,4,-0.036585365853658534,0.0,medium,M,0.16666666666666666,-0.13673882572807974,1
335,C,Ship,0.0,2,0.07317073170731707,2.0,low,M,2.0,-0.40336396199968855,1
336,F,Ship,-0.5,1,-0.24390243902439024,1.0,low,M,2.0,-0.6612677153091419,1
337,D,Ship,0.5,1,0.5853658536585366,0.0,medium,F,2.0,-0.17131287961376732,1
338,F,Ship,0.0,4,-0.15853658536585366,-1.0,low,F,-1.0,-0.31210091885999064,1
339,A,Ship,-0.5,5,0.573170731707317,0.0,medium,M,1.3333333333333333,-0.361314437003582,1
340,B,Ship,0.0,4,-0.2804878048780488,2.5,low,F,2.0,-0.22551004516430462,1
341,C,Ship,-1.0,5,0.5,2.0,medium,F,2.0,-0.11649275813736178,1
342,F,Ship,-0.5,2,-0.5487804878048781,-1.0,high,M,2.0,-0.763432487151534,1
343,D,Ship,0.0,5,-0.6341463414634146,-1.0,medium,M,2.0,-0.6949073353060271,1
344,F,Ship,-1.0,5,0.4146341463414634,2.5,low,F,2.0,-0.43575767014483724,1
345,A,Ship,0.5,3,-0.2073170731707317,1.0,low,F,-0.8333333333333334,-0.6002180345740539,1
346,B,Ship,0.5,1,0.6097560975609756,0.0,low,M,-0.16666666666666666,-0.3946425790375331,1
347,C,Ship,0.5,5,0.5609756097560976,-1.0,medium,F,2.0,-0.42298707366453825,1
348,F,Ship,0.5,3,-0.34146341463414637,-1.0,medium,F,2.0,-0.5886933499454914,1
349,D,Ship,0.0,5,0.23170731707317074,1.0,low,F,2.0,-0.4977417847687276,1
350,F,Ship,0.5,1,-0.6463414634146342,0.0,low,M,2.0,-0.6836941286403987,1
351,A,Ship,0.0,5,-0.3170731707317073,0.0,low,F,1.0,-0.541971655505373,1
352,B,Ship,0.5,5,-0.524390243902439,-1.0,medium,F,2.0,-0.7643669210403364,1
353,C,Ship,-1.0,2,0.6463414634146342,0.0,medium,M,1.3333333333333333,-0.5195452421741161,1
354,F,Ship,0.0,3,0.5,-1.0,high,M,2.0,-0.37159320978040805,1
355,D,Ship,-0.5,2,-1.0,0.0,low,F,2.0,-0.8864662825105124,1
356,F,Ship,0.5,1,0.6341463414634146,0.0,low,F,2.0,-0.30898613923064944,1
357,A,Ship,-0.5,4,-0.1951219512195122,-1.0,low,M,2.0,-0.42828219903441833,1
358,B,Ship,-1.0,3,0.4024390243902439,-1.0,medium,F,2.0,-0.3183304781186731,1
359,C,Ship,-0.5,1,-0.9024390243902439,0.0,medium,F,2.0,-0.8902040180657218,1
360,F,Ship,0.0,3,-1.0121951219512195,2.0,low,M,-0.16666666666666666,-0.7755801277059649,1
361,D,Ship,0.5,2,0.3902439024390244,0.0,medium,M,2.0,-0.2843793801588538,1
362,F,Ship,-0.5,2,-0.6707317073170732,0.0,medium,F,-0.5,-0.7687276125214141,1
363,A,Ship,-0.5,5,-0.13414634146341464,-1.0,medium,M,2.0,-0.15791932720760007,1
364,B,Ship,0.0,3,-0.32926829268292684,1.0,high,F,2.0,-0.3139697866375954,1
365,C,Ship,1.0,2,-0.8292682926829268,0.0,low,F,2.0,-0.6893007319732128,1
366,F,Ship,-0.5,2,0.24390243902439024,0.0,medium,M,2.0,-0.638529824014951,1
367,D,Ship,-0.5,4,-1.1219512195121952,0.0,high,F,1.3333333333333333,-0.8705809064008722,1
368,F,Ship,-0.5,3,-0.9634146341463414,0.0,low,M,0.16666666666666666,-0.9577947360224264,1
369,A,Ship,-0.5,5,-1.353658536585366,0.0,low,M,-0.6666666666666666,-0.8553184862171002,1
370,B,Ship,-0.5,5,0.524390243902439,0.0,medium,F,2.0,-0.6154804547578259,1
371,C,Ship,0.0,3,-0.5487804878048781,-1.0,low,M,-0.8333333333333334,-0.8565643980688367,1
372,F,Ship,0.0,5,-0.6707317073170732,0.0,medium,M,1.8333333333333333,-0.7291699112287806,1
373,D,Ship,0.0,5,-0.3170731707317073,0.0,low,M,2.0,-0.34823236256034884,1
374,F,Ship,0.5,1,-0.9512195121951219,0.0,medium,M,2.0,-0.8500233608472201,1
375,A,Ship,0.5,1,0.15853658536585366,0.0,low,F,2.0,-0.3557078336707678,1
376,B,Ship,-0.5,5,0.5853658536585366,-1.0,low,F,2.0,-0.272231739604423,1
377,C,Ship,-1.0,3,-0.6951219512195121,-1.0,low,M,2.0,-0.6802678710481234,1
378,F,Ship,0.5,3,0.2926829268292683,-1.0,medium,F,2.0,-0.6528578103099206,1
379,D,Ship,-0.5,5,-0.7560975609756098,0.0,low,M,2.0,-0.893007319732129,1
380,F,Ship,-0.5,2,-0.15853658536585366,0.0,medium,M,-0.3333333333333333,-0.6569070238280642,1
381,A,Ship,-0.5,4,-0.8048780487804879,-1.0,low,M,2.0,-0.7385142501168043,1
382,B,Ship,0.5,2,-0.18292682926829268,1.0,low,F,2.0,-0.3937081451487307,1
383,C,Ship,0.5,4,0.012195121951219513,-1.0,low,F,2.0,-0.2018377199813113,1
384,F,Ship,0.0,5,-0.47560975609756095,-1.0,low,M,2.0,-0.8967450552873384,1
385,D,Road,0.0,3,0.2682926829268293,-1.0,high,M,2.0,-0.3195763899704096,1
386,F,Road,-1.0,5,-0.3902439024390244,-1.0,medium,F,2.0,-0.3902818875564554,1
387,A,Road,-0.5,1,0.45121951219512196,0.0,medium,M,2.0,-0.1404765612832892,1
388,B,Road,0.5,2,-0.5,0.0,low,F,0.0,-0.7145304469708769,1
389,C,Road,0.0,3,0.13414634146341464,0.0,low,F,2.0,-0.4865285781030992,1
390,F,Road,0.0,2,-0.573170731707317,1.0,low,F,2.0,-0.7612521414109952,1
391,D,Road,0.0,1,0.5487804878048781,0.0,low,M,2.0,-0.6213985360535742,1
392,F,Road,0.0,1,-0.43902439024390244,0.0,medium,F,2.0,-0.8023672325182993,1
393,A,Road,0.0,4,-0.43902439024390244,1.0,medium,F,1.0,-0.7895966360380003,1
394,B,Road,0.5,4,-0.5487804878048781,-1.0,low,F,2.0,-0.7425634636349479,1
395,C,Road,-0.5,2,0.7073170731707317,-1.0,low,M,2.0,-0.5693817162435758,1
396,F,Road,0.0,4,-0.3780487804878049,0.0,low,M,2.0,-0.27970721071484195,1
397,D,Road,-0.5,4,-0.10975609756097561,0.0,low,F,0.5,-0.44261018532938795,1
398,F,Road,-1.0,1,-1.1097560975609757,1.0,low,F,2.0,-0.969630898613923,1
399,A,Road,0.0,3,-0.7560975609756098,0.0,low,M,2.0,-0.839744588070394,1
400,B,Road,-0.5,1,0.07317073170731707,-1.0,high,F,2.0,-0.11711571406323003,1
401,C,Road,0.0,3,-0.975609756097561,0.0,low,M,2.0,-0.6802678710481234,1
402,F,Road,-0.5,2,0.036585365853658534,-1.0,high,M,2.0,-0.36038000311477963,1
403,D,Road,-0.5,2,0.6219512195121951,0.0,low,F,2.0,-0.42298707366453825,1
404,F,Road,0.0,2,0.4268292682926829,2.0,medium,M,2.0,-0.09749260239838031,1
405,A,Road,0.5,3,-0.012195121951219513,1.0,medium,F,2.0,-0.6684317084566267,1
406,B,Road,-1.0,2,-1.0975609756097562,0.0,low,F,2.0,-0.826973991590095,1
407,C,Flight,0.0,1,-0.4146341463414634,-1.0,low,M,2.0,-0.9207288584332658,1
408,F,Flight,0.0,5,-0.25609756097560976,0.0,medium,M,2.0,-0.5862015262420184,1
409,D,Flight,-0.5,2,-0.2682926829268293,0.0,medium,M,2.0,-0.25229714997663916,1
410,F,Flight,-1.0,5,-0.5853658536585366,0.0,medium,M,-0.6666666666666666,-0.7216944401183616,1
411,A,Flight,-0.5,2,0.6097560975609756,0.0,medium,M,-0.3333333333333333,-0.08970565332502725,1
412,B,Flight,-0.5,4,-0.17073170731707318,-1.0,medium,M,1.1666666666666667,-0.19342781498209002,1
413,C,Flight,0.0,3,-0.8780487804878049,1.0,medium,M,0.8333333333333334,-0.857498831957639,1
414,F,Flight,0.0,1,0.012195121951219513,-1.0,low,M,2.0,-0.33733063385765455,1
415,D,Flight,-1.0,1,0.04878048780487805,-1.0,low,M,1.3333333333333333,-0.43731505995950787,1
416,F,Flight,-0.5,2,-1.2073170731707317,0.0,low,F,2.0,-0.7273010434511759,1
417,A,Flight,0.0,3,-0.6707317073170732,0.0,low,M,2.0,-0.8780563775112911,1
418,B,Flight,0.5,5,-0.9878048780487805,0.0,low,M,2.0,-0.9129419093599128,1
419,C,Flight,0.5,2,-0.43902439024390244,0.0,low,M,2.0,-0.8198099984426102,1
420,F,Flight,0.0,2,-0.975609756097561,-1.0,low,F,2.0,-0.7584488397445881,1
421,D,Flight,-0.5,1,-0.36585365853658536,2.0,medium,F,2.0,-0.4999221305092665,1
422,F,Flight,0.0,2,0.45121951219512196,-1.0,medium,M,2.0,-0.5432175673571095,1
423,A,Flight,-0.5,2,-0.8902439024390244,0.0,low,M,0.0,-0.6902351658620153,1
424,B,Flight,0.0,4,0.18292682926829268,-1.0,medium,M,2.0,-0.11618128017442766,1
425,C,Flight,0.0,1,-0.13414634146341464,1.0,low,M,2.0,-0.10465659554586514,1
426,F,Flight,0.0,3,-0.6829268292682927,0.0,medium,F,2.0,-0.6970876810465659,1
427,D,Flight,-0.5,4,-0.573170731707317,0.0,medium,M,2.0,-0.745678243264289,1
428,F,Flight,0.5,4,-0.2073170731707317,1.0,low,F,2.0,-0.2635103566422676,1
429,A,Ship,-1.0,2,-0.9024390243902439,0.0,low,F,2.0,-0.7297928671546489,1
430,B,Ship,0.5,1,-0.10975609756097561,-1.0,medium,M,2.0,-0.180657218501791,1
431,C,Ship,0.5,5,-0.07317073170731707,0.0,low,F,2.0,-0.6637595390126149,1
432,F,Ship,0.0,2,-1.4390243902439024,0.0,low,M,2.0,-0.8892695841769195,1
433,D,Ship,1.0,4,-0.10975609756097561,0.0,low,F,2.0,-0.6494315527176452,1
434,F,Ship,0.0,2,0.012195121951219513,0.0,medium,F,2.0,-0.37252764366921043,1
435,A,Ship,0.0,1,0.024390243902439025,0.0,low,F,2.0,-0.46908581217878836,1
436,B,Ship,-0.5,1,-1.2439024390243902,-1.0,high,M,2.0,-0.7173337486372839,1
437,C,Ship,0.5,4,0.0975609756097561,0.0,low,F,2.0,-0.16103410683694128,1
438,F,Ship,0.5,2,-0.34146341463414637,0.0,medium,F,1.3333333333333333,-0.6217100140165084,1
439,D,Ship,-0.5,5,0.32926829268292684,0.0,medium,M,2.0,-0.4074131755178321,1
440,F,Ship,-0.5,3,-0.5121951219512195,0.0,low,F,2.0,-0.8970565332502726,1
441,A,Ship,-0.5,5,0.45121951219512196,-1.0,high,M,2.0,-0.5366765301354929,1
442,B,Ship,0.5,3,-0.2926829268292683,0.0,high,M,2.0,-0.4737579816228002,1
443,C,Ship,0.0,3,-0.34146341463414637,-1.0,medium,F,2.0,-0.41862638218346054,1
444,F,Ship,0.0,4,-0.08536585365853659,-1.0,medium,M,2.0,-0.4837252764366921,1
445,D,Ship,-0.5,3,-0.9634146341463414,0.0,low,F,2.0,-0.8668431708456626,1
446,F,Ship,0.0,4,-0.3048780487804878,-1.0,medium,F,1.8333333333333333,-0.3719046877433422,1
447,A,Ship,0.0,4,-0.5,2.0,medium,F,2.0,-0.7656128328920729,1
448,B,Ship,-0.5,4,-0.24390243902439024,0.0,medium,M,-0.6666666666666666,-0.6167263666095624,1
449,C,Ship,-0.5,1,-0.3780487804878049,0.0,low,M,2.0,-0.3522815760784924,1
450,F,Ship,0.0,3,-0.9024390243902439,-1.0,low,F,2.0,-0.9035975704718892,1
451,D,Ship,0.0,4,0.36585365853658536,0.0,medium,F,2.0,-0.4257903753309453,1
452,F,Ship,-1.0,3,-0.3048780487804878,1.0,low,M,2.0,-0.2473135025696932,1
453,A,Ship,-0.5,2,-0.6951219512195121,-1.0,medium,M,2.0,-0.8593676997352437,1
454,B,Ship,0.0,1,0.7439024390243902,2.5,medium,F,2.0,-0.4432331412552562,1
455,C,Ship,0.0,5,-0.9878048780487805,0.0,low,F,2.0,-0.8353838965893163,1
456,F,Ship,0.0,1,-0.7926829268292683,0.0,medium,M,2.0,-0.9254010278772777,1
457,D,Ship,-0.5,3,0.4878048780487805,-1.0,high,M,1.6666666666666667,-0.31023205108238594,1
458,F,Ship,-0.5,4,-0.8414634146341463,2.5,low,F,1.3333333333333333,-0.847220059180813,1
459,A,Ship,-0.5,2,-0.4268292682926829,2.0,low,F,2.0,-0.6721694440118362,1
460,B,Ship,0.5,2,-0.5609756097560976,0.0,low,M,2.0,-0.8170066967762031,1
461,C,Ship,0.0,1,-0.14634146341463414,0.0,medium,F,1.8333333333333333,-0.06509889425323158,1
462,F,Ship,-0.5,4,0.07317073170731707,2.5,low,M,2.0,-0.47624980532627315,1
463,D,Ship,-0.5,4,0.36585365853658536,2.5,low,M,-1.0,-0.450397134402741,1
464,F,Ship,0.0,2,-0.34146341463414637,2.5,medium,F,2.0,-0.32331412552561906,1
465,A,Ship,0.5,2,0.5975609756097561,2.5,medium,M,2.0,-0.31459274256346365,1
466,B,Ship,-0.5,2,0.975609756097561,1.0,low,F,1.3333333333333333,-0.8817941130665006,1
467,C,Ship,-0.5,5,0.14634146341463414,-1.0,medium,F,-0.8333333333333334,-0.9674505528733842,1
468,F,Ship,0.0,4,-0.5,2.0,medium,F,-0.8333333333333334,-0.9263354617660801,1
469,D,Ship,-0.5,5,-0.24390243902439024,0.0,medium,F,0.5,-0.5830867466126771,1
470,F,Ship,-0.5,5,-0.3780487804878049,0.0,low,F,-0.8333333333333334,-0.21491979442454445,1
471,A,Ship,0.0,1,-0.9024390243902439,-1.0,low,M,2.0,-0.7410060738202772,1
472,B,Ship,0.0,3,0.36585365853658536,0.0,medium,M,0.16666666666666666,-0.25883818719825574,1
473,C,Ship,-1.0,2,-0.3048780487804878,1.0,low,M,0.3333333333333333,-0.2292477807195141,1
474,F,Ship,-0.5,1,-0.6951219512195121,-1.0,medium,F,2.0,-0.8173181747391373,1
475,D,Ship,0.0,3,0.7439024390243902,2.5,medium,M,0.5,-0.6403986917925557,1
476,F,Ship,0.0,5,-0.9878048780487805,0.0,low,M,2.0,-0.9521881326896122,1
477,A,Ship,0.0,2,-0.7926829268292683,0.0,medium,M,2.0,-0.7120386232674039,1
478,B,Ship,-0.5,4,0.4878048780487805,-1.0,high,F,2.0,-0.054820121476405546,1
479,C,Ship,-0.5,4,-0.8414634146341463,2.5,low,F,2.0,-0.7958261952966827,1
480,F,Ship,-0.5,5,-0.4268292682926829,2.0,low,M,2.0,-0.9456470954679956,1
481,D,Ship,0.5,4,-0.5609756097560976,0.0,low,F,1.0,-0.8821055910294346,1
482,F,Ship,0.0,5,-0.14634146341463414,0.0,medium,F,2.0,-0.3015106681202305,1
483,A,Ship,-0.5,3,0.07317073170731707,2.5,low,M,2.0,-0.6254477495717178,1
484,B,Ship,-0.5,2,0.36585365853658536,2.5,low,F,2.0,-0.18283756424232986,1
485,C,Ship,0.0,3,-0.34146341463414637,2.5,medium,F,2.0,-0.6500545086435134,1
486,F,Ship,0.5,5,0.5975609756097561,2.5,medium,F,0.3333333333333333,-0.5958573430929762,1
487,D,Ship,-0.5,1,0.975609756097561,1.0,low,F,2.0,-0.8257280797383585,1
488,F,Ship,0.0,1,-0.9146341463414634,0.0,low,F,2.0,-0.7282354773399782,1
489,A,Ship,1.5,5,-0.2682926829268293,0.0,low,M,2.0,-0.8095312256657842,1
490,B,Ship,-0.5,3,0.25609756097560976,0.0,low,M,-0.3333333333333333,-0.3376421118205887,1
491,C,Ship,-1.0,1,-0.4634146341463415,0.0,low,F,1.3333333333333333,-0.6706120541971655,1
492,F,Ship,0.5,4,0.12195121951219512,0.0,low,F,2.0,-0.4740694595857343,1
493,D,Ship,-0.5,4,-1.048780487804878,0.0,medium,F,2.0,-0.8176296527020713,1
494,F,Ship,0.5,4,0.14634146341463414,2.0,low,M,2.0,-0.5946114312412397,1
495,A,Ship,0.5,1,-0.6585365853658537,2.0,medium,F,1.5,-0.8170066967762031,1
496,B,Ship,-0.5,1,-0.2073170731707317,2.0,low,M,2.0,-0.5995950786481856,1
497,C,Ship,0.0,2,0.024390243902439025,0.0,low,F,0.8333333333333334,-0.5843326584644136,1
498,F,Ship,0.0,4,-0.18292682926829268,-1.0,low,M,0.3333333333333333,-0.3345273321912475,1
499,D,Ship,0.5,5,0.6951219512195121,-1.0,low,M,2.0,-0.0598037688833515,1
500,F,Ship,0.5,1,-0.15853658536585366,0.0,low,F,2.0,-0.46472512069771066,1
501,A,Ship,-0.5,4,-0.024390243902439025,-1.0,low,M,2.0,-0.6628251051238125,1
502,B,Ship,-0.5,2,-0.45121951219512196,0.0,low,M,0.5,-0.781186731038779,1
503,C,Ship,-0.5,4,-0.2804878048780488,1.0,medium,F,2.0,-0.38810154181591655,1
504,F,Ship,-0.5,2,-0.4878048780487805,0.0,low,M,2.0,-0.6737268338265068,1
505,D,Ship,0.5,3,-0.6341463414634146,-1.0,low,F,1.1666666666666667,-0.966827596947516,1
506,F,Ship,-0.5,1,0.06097560975609756,-1.0,low,F,2.0,-0.45257748014327986,1
507,A,Ship,0.0,4,-0.7195121951219512,0.0,medium,F,2.0,-0.8497118828842859,1
508,B,Ship,0.5,3,0.1951219512195122,0.0,medium,F,-0.6666666666666666,-0.3818719825572341,1
509,C,Ship,0.0,5,-0.2682926829268293,-1.0,medium,F,2.0,-0.5145615947671702,1
510,F,Ship,0.5,2,0.25609756097560976,0.0,low,M,1.1666666666666667,-0.3628718268182526,1
511,D,Ship,-0.5,2,-0.17073170731707318,0.0,low,M,2.0,-0.15791932720760007,1
512,F,Ship,0.5,2,-0.5121951219512195,0.0,medium,M,2.0,-0.7730883040024918,1
513,A,Ship,0.5,4,-0.6585365853658537,1.0,low,F,-0.16666666666666666,-0.7930228936302757,1
514,B,Ship,0.5,3,0.43902439024390244,2.0,low,M,0.8333333333333334,-0.4444790531069927,1
515,C,Ship,0.0,2,-0.4878048780487805,0.0,low,M,0.3333333333333333,-0.76841613455848,1
516,F,Ship,-0.5,2,-0.12195121951219512,0.0,high,F,2.0,-0.1685095779473602,1
517,D,Ship,-0.5,5,0.7317073170731707,0.0,medium,F,2.0,-0.20962466905466437,1
518,F,Ship,0.5,5,0.5853658536585366,-1.0,medium,F,2.0,-0.12614857498831958,1
519,A,Ship,0.0,5,-0.926829268292683,0.0,medium,M,2.0,-0.7363339043762653,1
520,B,Ship,-0.5,1,0.012195121951219513,0.0,medium,F,-0.8333333333333334,-0.08596791776981778,1
521,C,Ship,-0.5,1,-0.8414634146341463,-1.0,low,F,2.0,-0.7400716399314748,1
522,F,Road,0.0,5,-0.7926829268292683,-1.0,medium,M,2.0,-0.9369257125058402,1
523,D,Road,1.0,5,-0.024390243902439025,-1.0,medium,M,2.0,-0.5575455536520791,1
524,F,Road,-0.5,1,-0.7195121951219512,0.0,medium,F,2.0,-0.9207288584332658,1
525,A,Road,0.5,2,-0.7317073170731707,0.0,low,M,2.0,-0.9067123501012303,1
526,B,Road,-0.5,3,0.4268292682926829,0.0,medium,M,2.0,-0.6154804547578259,1
527,C,Road,0.5,1,-0.0975609756097561,-1.0,low,M,-0.8333333333333334,-0.20526397757358666,1
528,F,Road,0.0,5,0.25609756097560976,0.0,medium,F,2.0,-0.6646939729014172,1
529,D,Road,0.5,5,0.573170731707317,0.0,medium,F,0.16666666666666666,-0.2778383429372372,1
530,F,Road,1.0,1,0.35365853658536583,1.0,high,F,2.0,-0.19062451331568292,1
531,A,Road,-0.5,2,0.2804878048780488,-1.0,high,M,2.0,-0.32580594922909206,1
532,B,Road,-1.0,4,-0.4268292682926829,-1.0,low,F,2.0,-0.7005139386388413,1
533,C,Road,0.0,3,-0.2682926829268293,0.0,low,F,2.0,-0.20277215387011369,1
534,F,Road,-0.5,1,-0.8902439024390244,0.0,medium,F,2.0,-0.7198255723407568,1
535,D,Road,-0.5,2,0.3780487804878049,0.0,low,F,2.0,-0.610808285313814,1
536,F,Road,0.0,4,-0.45121951219512196,1.0,medium,F,2.0,-0.7397601619685408,1
537,A,Road,-1.0,3,-0.7317073170731707,1.0,high,F,1.6666666666666667,-0.7014483725276437,1
538,B,Road,0.0,4,0.17073170731707318,0.0,medium,F,0.8333333333333334,-0.2460675907179567,1
539,C,Road,-0.5,3,-0.08536585365853659,2.5,high,F,2.0,-0.13923064943155272,1
540,F,Road,0.0,4,0.6341463414634146,1.0,medium,F,2.0,-0.45102009032860924,1
541,D,Road,-0.5,3,-0.5121951219512195,0.0,medium,F,2.0,-0.7606291854851269,1
542,F,Road,0.0,3,-0.8780487804878049,0.0,low,F,2.0,-0.8213673882572808,1
543,A,Road,0.0,5,0.04878048780487805,0.0,low,F,2.0,-0.2955925868244822,1
544,B,Flight,-0.5,3,0.2073170731707317,-1.0,low,M,2.0,-0.3697243420028033,1
545,C,Flight,0.0,2,-0.4146341463414634,0.0,low,F,2.0,-0.8456626693661423,1
546,F,Flight,-0.5,1,-0.5609756097560976,0.0,low,M,2.0,-0.704874630119919,1
547,D,Flight,0.5,5,-0.8170731707317073,1.0,high,F,2.0,-0.7808752530758449,1
548,F,Flight,0.5,4,0.3780487804878049,2.0,low,M,-0.16666666666666666,-0.1734932253543062,1
549,A,Flight,-1.0,4,-0.3902439024390244,0.0,medium,M,2.0,-0.1111976327674817,1
550,B,Flight,-0.5,4,-0.4634146341463415,0.0,medium,F,0.16666666666666666,-0.8042361002959041,1
551,C,Flight,0.5,3,-0.2073170731707317,1.0,medium,F,2.0,-0.3837408503348388,1
552,F,Flight,-0.5,5,0.23170731707317074,0.0,medium,M,2.0,-0.19623111664849713,1
553,D,Flight,-0.5,4,-0.7073170731707317,-1.0,low,M,0.16666666666666666,-0.9356798006541037,1
554,F,Flight,-1.0,3,0.524390243902439,1.0,medium,F,2.0,-0.6466282510512381,1
555,A,Flight,0.5,4,0.43902439024390244,0.0,low,F,0.6666666666666666,-0.241706899236879,1
556,B,Flight,0.5,4,-0.3048780487804878,2.0,low,M,-0.6666666666666666,-0.2641333125681358,1
557,C,Flight,-0.5,3,0.5,-1.0,high,M,0.0,-0.26101853293879457,1
558,F,Flight,-1.0,3,-0.1951219512195122,-1.0,medium,M,2.0,-0.19778850646316773,1
559,D,Flight,0.0,2,-0.6097560975609756,0.0,medium,M,1.3333333333333333,-0.8285313814047656,1
560,F,Flight,0.5,2,0.6951219512195121,0.0,medium,M,2.0,-0.11337797850802056,1
561,A,Flight,-0.5,1,-0.35365853658536583,-1.0,medium,F,2.0,-0.2647562684940041,1
562,B,Flight,-1.0,5,-0.6951219512195121,2.5,high,F,1.6666666666666667,-0.7428749415978819,1
563,C,Flight,-0.5,2,-0.9390243902439024,-1.0,medium,M,1.6666666666666667,-0.7712194362248871,1
564,F,Flight,-0.5,3,0.18292682926829268,0.0,low,M,1.1666666666666667,-0.6182837564242329,1
565,D,Flight,-0.5,3,0.24390243902439024,-1.0,medium,F,2.0,-0.5295125369880082,1
566,F,Ship,0.0,3,0.024390243902439025,-1.0,low,M,2.0,-0.1778539168353839,1
567,A,Ship,-0.5,1,-0.6219512195121951,1.0,low,F,2.0,-0.6880548201214765,1
568,B,Ship,0.5,2,0.6585365853658537,0.0,low,M,2.0,-0.5055287338420806,1
569,C,Ship,-0.5,3,-0.10975609756097561,2.0,medium,M,2.0,-0.36162591496651614,1
570,F,Ship,0.0,5,0.6219512195121951,-1.0,medium,F,1.8333333333333333,-0.36754399626226447,1
571,D,Ship,-1.0,2,0.2682926829268293,0.0,medium,M,-0.6666666666666666,-0.22831334683071172,1
572,F,Ship,0.0,1,-1.0,0.0,low,M,2.0,-0.7002024606759072,1
573,A,Ship,-0.5,4,0.24390243902439024,-1.0,medium,M,2.0,-0.32424855941442143,1
574,B,Ship,0.0,3,-1.2926829268292683,2.5,low,F,2.0,-0.7487930228936303,1
575,C,Ship,0.0,2,0.7560975609756098,-1.0,low,M,2.0,-0.13798473757981622,1
576,F,Ship,0.0,2,-0.4268292682926829,1.0,low,M,-1.0,-0.9612209936147018,1
577,D,Ship,0.0,1,0.1951219512195122,0.0,medium,M,2.0,-0.5992836006852515,1
578,F,Ship,-0.5,2,-0.04878048780487805,0.0,medium,F,2.0,-0.6394642579037533,1
579,A,Ship,-0.5,2,-0.5,0.0,low,F,1.3333333333333333,-0.671857966048902,1
580,B,Ship,-1.0,5,-0.15853658536585366,0.0,medium,F,2.0,-0.07942688054820121,1
581,C,Ship,-0.5,3,0.0,-1.0,low,M,2.0,-0.2513627160878368,1
582,F,Ship,0.0,2,0.024390243902439025,-1.0,medium,F,2.0,-0.3504127083008877,1
583,D,Ship,-1.0,5,-0.8536585365853658,0.0,medium,M,2.0,-0.8833515028811711,1
584,F,Ship,0.5,5,-0.3902439024390244,0.0,medium,F,2.0,-0.3457405388568759,1
585,A,Ship,-0.5,3,-0.6219512195121951,-1.0,medium,F,2.0,-0.8659087369568603,1
586,B,Ship,-0.5,3,0.24390243902439024,0.0,medium,F,0.16666666666666666,-0.5653325027254322,1
587,C,Ship,-0.5,2,-0.6829268292682927,0.0,high,F,2.0,-0.8852203706587759,1
588,F,Ship,-0.5,5,-0.24390243902439024,-1.0,medium,M,-0.5,-0.20339510979598194,1
589,D,Ship,-0.5,1,-0.15853658536585366,2.5,medium,F,-0.6666666666666666,-0.5145615947671702,1
590,F,Ship,-0.5,2,-0.43902439024390244,-1.0,medium,F,2.0,-0.6902351658620153,1
591,A,Ship,0.0,1,0.0,2.0,medium,M,2.0,-0.46098738514250115,1
592,B,Ship,-0.5,3,0.8170731707317073,-1.0,medium,M,2.0,-0.3432487151534029,1
593,C,Ship,-0.5,2,0.5609756097560976,0.0,medium,F,-0.8333333333333334,-0.6145460208690235,1
594,F,Ship,-0.5,2,-0.17073170731707318,-1.0,medium,F,2.0,-0.30369101386076935,1
595,D,Ship,0.5,3,-0.06097560975609756,-1.0,high,F,2.0,-0.48839744588070394,1
596,F,Ship,-0.5,1,-0.35365853658536583,0.0,low,M,2.0,-0.27067434978975236,1
597,A,Ship,0.0,3,0.1951219512195122,0.0,low,F,2.0,-0.5958573430929762,1
598,B,Ship,-0.5,4,-0.975609756097561,0.0,medium,F,2.0,-0.8126460052951253,1
599,C,Ship,0.0,5,0.6829268292682927,-1.0,low,F,2.0,-0.4136427347765146,1
600,F,Ship,0.0,1,-0.9024390243902439,0.0,medium,F,-1.0,-0.8363183304781187,1
601,D,Ship,1.0,3,-0.9878048780487805,2.0,medium,M,2.0,-0.8665316928827286,1
602,F,Ship,-0.5,4,-0.8414634146341463,0.0,medium,M,2.0,-0.9129419093599128,1
603,A,Ship,0.0,3,-0.0975609756097561,0.0,medium,M,2.0,-0.6273166173493225,1
604,B,Ship,-0.5,1,-0.6341463414634146,-1.0,low,F,2.0,-0.9419093599127861,1
605,C,Ship,0.0,3,-0.32926829268292684,-1.0,low,F,2.0,-0.15075533406011524,1
606,F,Ship,0.0,4,-0.5853658536585366,2.0,low,F,2.0,-0.9176140788039246,1
607,D,Ship,0.0,5,-0.43902439024390244,0.0,low,F,2.0,-0.7257436536365052,1
608,F,Ship,-0.5,1,-0.573170731707317,-1.0,high,F,2.0,-0.6796449151222551,1
609,A,Ship,0.0,4,0.12195121951219512,0.0,high,M,2.0,-0.3127238747858589,1
610,B,Ship,0.0,4,-0.6829268292682927,0.0,medium,M,0.6666666666666666,-0.9110730415823081,1
611,C,Ship,-0.5,4,-0.975609756097561,-1.0,medium,M,2.0,-0.9191714686185952,1
612,F,Ship,0.0,2,-0.8170731707317073,-1.0,medium,F,2.0,-0.8603021336240461,1
613,D,Ship,0.0,3,-0.32926829268292684,0.0,low,M,2.0,-0.6048902040180657,1
614,F,Ship,0.0,5,0.4024390243902439,-1.0,medium,F,1.8333333333333333,-0.5435290453200436,1
615,A,Ship,0.5,4,-0.3902439024390244,1.0,high,M,2.0,-0.6033328142033951,1
616,B,Ship,0.0,1,-0.45121951219512196,1.0,medium,F,2.0,-0.9655816850957795,1
617,C,Ship,0.5,5,-0.8658536585365854,-1.0,high,F,1.8333333333333333,-0.9602865597258994,1
618,F,Ship,0.5,3,0.3780487804878049,-1.0,medium,F,0.16666666666666666,-0.28593676997352435,1
619,D,Ship,0.0,1,-0.9878048780487805,1.0,medium,M,2.0,-0.7210714841924933,1
620,F,Ship,-0.5,5,0.12195121951219512,-1.0,low,M,1.0,-0.08036131443700358,1
621,A,Ship,-1.0,5,0.6219512195121951,-1.0,low,F,2.0,-0.0903286092508955,1
622,B,Ship,0.0,1,-0.926829268292683,-1.0,low,M,2.0,-0.8163837408503348,1
623,C,Ship,-0.5,4,0.47560975609756095,0.0,low,M,-0.16666666666666666,-0.1124435446192182,1
624,F,Ship,0.0,1,-0.5975609756097561,0.0,medium,M,2.0,-0.8895810621398536,1
625,D,Ship,0.0,3,0.6219512195121951,0.0,low,F,2.0,-0.1778539168353839,1
626,F,Ship,-0.5,2,0.2926829268292683,0.0,high,F,2.0,-0.31365830867466127,1
627,A,Ship,0.5,2,0.2682926829268293,0.0,low,F,2.0,-0.23267403831178943,1
628,B,Ship,0.0,2,-0.2926829268292683,2.0,high,F,2.0,-0.351035664226756,1
629,C,Ship,1.0,1,-1.3414634146341464,1.0,medium,F,2.0,-0.8431708456626694,1
630,F,Ship,0.0,5,0.3780487804878049,-1.0,low,F,2.0,-0.47749571717800965,1
631,D,Ship,-0.5,1,-0.7195121951219512,0.0,medium,F,2.0,-0.9739915900950008,1
632,F,Ship,-0.5,2,0.23170731707317074,0.0,low,M,2.0,-0.6248247936458495,1
633,A,Ship,0.0,3,-0.524390243902439,1.0,low,F,2.0,-0.8129574832580595,1
634,B,Ship,-1.0,3,-0.6097560975609756,-1.0,low,M,2.0,-0.8279084254788973,1
635,C,Ship,-0.5,1,-0.8902439024390244,0.0,low,M,-0.16666666666666666,-0.8684005606603333,1
636,F,Ship,0.5,3,0.6341463414634146,-1.0,low,F,2.0,-0.6326117427192026,1
637,D,Ship,-0.5,4,-0.2682926829268293,-1.0,low,F,2.0,-0.119607537766703,1
638,F,Ship,-0.5,3,0.18292682926829268,2.5,medium,F,2.0,-0.5765457093910605,1
639,A,Ship,1.0,2,0.6707317073170732,1.0,medium,M,2.0,-0.30462544774957173,1
640,B,Ship,-0.5,4,0.4024390243902439,1.0,low,M,2.0,-0.37688833515028813,1
641,C,Ship,0.0,4,-0.6951219512195121,-1.0,low,F,-0.8333333333333334,-0.9537455225042828,1
642,F,Ship,-0.5,2,-0.8048780487804879,0.0,medium,F,2.0,-0.8936302756579972,1
643,D,Ship,0.0,1,0.3170731707317073,-1.0,low,M,1.1666666666666667,-0.5332502725432176,1
644,F,Ship,0.0,3,-0.2073170731707317,1.0,medium,M,2.0,-0.16570627628095314,1
645,A,Ship,1.0,4,-1.1341463414634145,2.0,low,M,2.0,-0.7522192804859056,1
646,B,Ship,0.0,2,-1.0975609756097562,0.0,high,M,2.0,-0.9475159632456004,1
647,C,Ship,0.0,2,-0.7439024390243902,0.0,medium,F,2.0,-0.9232206821367388,1
648,F,Ship,0.5,2,-1.329268292682927,1.0,high,M,-1.0,-0.7871048123345273,1
649,D,Ship,0.0,3,-0.14634146341463414,0.0,medium,M,-0.8333333333333334,-0.05824637906868089,1
650,F,Ship,0.5,4,-0.6341463414634146,-1.0,low,F,2.0,-0.7830555988163838,1
651,A,Ship,-0.5,4,-0.6097560975609756,0.0,medium,M,1.0,-0.9316305871359601,1
652,B,Ship,-0.5,2,0.2073170731707317,1.0,medium,M,2.0,-0.24264133312568137,1
653,C,Ship,0.5,2,-0.06097560975609756,1.0,medium,F,0.8333333333333334,-0.37875720292789283,1
654,F,Ship,-0.5,1,-0.6951219512195121,-1.0,high,M,2.0,-0.7011368945647095,1
655,D,Ship,0.0,5,0.4268292682926829,-1.0,low,M,-0.5,-0.44354461921819033,1
656,F,Ship,-1.0,3,0.6097560975609756,-1.0,low,F,2.0,-0.3902818875564554,1
657,A,Ship,-0.5,1,-1.2560975609756098,1.0,low,M,2.0,-0.7179567045631522,1
658,B,Ship,-0.5,1,0.34146341463414637,0.0,medium,F,0.5,-0.16913253387322846,1
659,C,Road,0.0,4,-0.5487804878048781,0.0,low,M,2.0,-0.9627783834293724,1
660,F,Road,0.5,3,-0.926829268292683,-1.0,low,M,1.0,-0.9634013393552406,1
661,D,Road,0.5,1,-0.6829268292682927,0.0,low,M,0.3333333333333333,-0.8304002491823703,1
662,F,Road,0.5,3,-0.8292682926829268,1.0,low,M,-0.3333333333333333,-0.7572029278928516,1
663,A,Road,0.0,4,0.04878048780487805,2.0,medium,F,2.0,-0.35944556922597726,1
664,B,Road,-0.5,2,-0.43902439024390244,-1.0,medium,F,2.0,-0.9039090484348232,1
665,C,Road,0.0,5,-0.2073170731707317,0.0,low,F,2.0,-0.11368945647095469,1
666,F,Road,-0.5,3,0.35365853658536583,-1.0,medium,M,1.6666666666666667,-0.2862482479364585,1
667,D,Road,0.5,2,0.4878048780487805,1.0,high,M,2.0,-0.47998754088148265,1
668,F,Road,-0.5,1,0.2804878048780488,1.0,low,M,2.0,-0.4257903753309453,1
669,A,Road,0.5,1,-0.4268292682926829,0.0,low,F,2.0,-0.6864974303068058,1
670,B,Road,-0.5,2,-0.3048780487804878,0.0,medium,M,2.0,-0.6357265223485439,1
671,C,Road,0.0,3,0.36585365853658536,0.0,medium,M,-1.0,-0.05201681980999844,1
672,F,Road,-0.5,3,0.6341463414634146,-1.0,medium,M,2.0,-0.17287026942843794,1
673,D,Road,0.5,4,0.5975609756097561,0.0,high,M,0.5,-0.5017909982868712,1
674,F,Road,-0.5,2,0.4024390243902439,-1.0,medium,M,2.0,-0.2990188444167575,1
675,A,Road,0.0,5,-0.14634146341463414,0.0,low,F,-0.16666666666666666,-0.47749571717800965,1
676,B,Road,0.0,4,0.15853658536585366,0.0,medium,F,-1.0,-0.4323314125525619,1
677,C,Road,0.0,5,-0.3048780487804878,-1.0,low,F,1.3333333333333333,-0.5270207132845351,1
678,F,Road,1.0,4,-0.6585365853658537,-1.0,low,F,2.0,-0.7662357888179411,1
679,D,Road,-0.5,3,-1.1829268292682926,0.0,medium,M,2.0,-0.7883507241862638,1
680,F,Road,-0.5,1,-0.14634146341463414,-1.0,high,M,2.0,-0.5721850179099829,1
681,A,Flight,0.0,3,-0.15853658536585366,0.0,medium,F,2.0,-0.5176763743965115,1
682,B,Flight,-0.5,4,0.7195121951219512,-1.0,medium,F,2.0,-0.46659398847531536,1
683,C,Flight,0.0,4,-0.8658536585365854,-1.0,medium,M,2.0,-0.9690079426880548,1
684,F,Flight,0.0,5,-0.9390243902439024,1.0,high,M,2.0,-0.8992368789908114,1
685,D,Flight,0.5,5,0.2682926829268293,0.0,high,M,2.0,-0.21616570627628096,1
686,F,Flight,0.0,2,0.32926829268292684,-1.0,low,M,1.6666666666666667,-0.09500077869490733,1
687,A,Flight,0.0,2,-0.32926829268292684,-1.0,low,F,-0.16666666666666666,-0.16321445257748016,1
688,B,Flight,0.0,5,0.7195121951219512,-1.0,high,M,2.0,-0.19716555053729948,1
689,C,Flight,0.5,2,-0.5365853658536586,0.0,low,M,1.3333333333333333,-0.8830400249182371,1
690,F,Flight,-0.5,5,-0.926829268292683,0.0,low,F,2.0,-0.8979909671390749,1
691,D,Flight,0.5,4,-0.7804878048780488,-1.0,low,M,2.0,-0.9702538545397913,1
692,F,Flight,0.5,5,-0.9024390243902439,0.0,high,F,2.0,-0.8612365675128485,1
693,A,Flight,0.0,1,0.43902439024390244,-1.0,low,M,1.6666666666666667,-0.18844416757514407,1
694,B,Flight,-0.5,3,-0.08536585365853659,2.5,medium,M,2.0,-0.6126771530914188,1
695,C,Flight,0.0,4,0.0,0.0,low,M,2.0,-0.4563152156984893,1
696,F,Flight,0.0,1,-0.4268292682926829,0.0,low,M,2.0,-0.9138763432487151,1
697,D,Flight,0.5,1,-0.7926829268292683,1.0,medium,F,2.0,-0.946581529356798,1
698,F,Flight,-0.5,5,-0.7682926829268293,-1.0,low,F,1.5,-0.8494004049213518,1
699,A,Flight,0.0,3,0.6097560975609756,0.0,medium,M,2.0,-0.5522504282821991,1
700,B,Flight,1.0,5,-1.2317073170731707,0.0,high,M,2.0,-0.969319420650989,1
701,C,Flight,1.0,1,0.8170731707317073,0.0,medium,F,2.0,-0.5024139542127395,1
702,F,Flight,0.0,2,-0.2073170731707317,2.5,medium,M,2.0,-0.13050926646939728,1
703,D,Ship,-0.5,4,0.6219512195121951,2.5,low,F,2.0,-0.2647562684940041,1
704,F,Ship,0.0,2,0.5487804878048781,0.0,low,F,2.0,-0.11991901572963713,1
705,A,Ship,0.5,1,-0.17073170731707318,2.5,low,F,1.8333333333333333,-0.10683694128640399,1
706,B,Ship,-1.0,4,-1.2560975609756098,-1.0,high,M,2.0,-0.7357109484503971,1
707,C,Ship,-0.5,5,0.10975609756097561,0.0,medium,M,2.0,-0.14919794424544464,1
708,F,Ship,-0.5,3,0.32926829268292684,0.0,low,M,-0.3333333333333333,-0.4472823547733998,1
709,D,Ship,0.0,1,-0.9146341463414634,0.0,low,F,2.0,-0.9334994549135649,1
710,F,Ship,1.5,1,-0.2682926829268293,0.0,low,M,2.0,-0.8649743030680579,1
711,A,Ship,-0.5,4,-1.1829268292682926,0.0,medium,M,2.0,-0.816695218813269,1
712,B,Ship,-0.5,1,-0.14634146341463414,-1.0,high,F,2.0,-0.320510823859212,1
713,C,Ship,0.0,2,-0.15853658536585366,0.0,medium,F,2.0,-0.6488085967917769,1
714,F,Ship,-0.5,3,0.7195121951219512,-1.0,medium,F,1.5,-0.5242174116181281,1
715,D,Ship,0.0,3,-0.8658536585365854,-1.0,medium,F,2.0,-0.6973991590095001,1
716,F,Ship,0.0,1,-0.9390243902439024,1.0,high,M,1.3333333333333333,-0.8590562217723096,1
717,A,Ship,0.5,3,0.2682926829268293,0.0,high,F,2.0,-0.19623111664849713,1
718,B,Ship,0.0,1,0.32926829268292684,-1.0,low,F,2.0,-0.3781342470020246,1
719,C,Ship,0.0,5,-0.32926829268292684,-1.0,low,M,2.0,-0.289985983491668,1
720,F,Ship,0.0,3,0.7195121951219512,-1.0,high,M,2.0,-0.2139853605357421,1
721,D,Ship,0.5,3,-0.5365853658536586,0.0,low,F,0.8333333333333334,-0.9752375019467373,1
722,F,Ship,-0.5,4,-0.926829268292683,0.0,low,F,2.0,-0.7790063852982402,1
723,A,Ship,0.5,3,-0.7804878048780488,-1.0,low,M,-0.8333333333333334,-0.76841613455848,1
724,B,Ship,0.5,4,-0.9024390243902439,0.0,high,F,2.0,-0.8774334215854228,1
725,C,Ship,0.0,3,0.43902439024390244,-1.0,low,F,2.0,-0.3958884908892696,1
726,F,Ship,-0.5,4,-0.08536585365853659,2.5,medium,F,2.0,-0.460675907179567,1
727,D,Ship,0.0,2,0.0,0.0,low,F,1.8333333333333333,-0.4905777916212428,1
728,F,Ship,0.0,3,-0.4268292682926829,0.0,low,M,2.0,-0.6995795047500389,1
729,A,Ship,0.5,2,-0.7926829268292683,1.0,medium,M,2.0,-0.9596636038000311,1
730,B,Ship,-0.5,1,-0.7682926829268293,-1.0,low,F,-0.5,-0.7478585890048279,1
731,C,Ship,0.0,5,0.6097560975609756,0.0,medium,M,1.5,-0.593054041426569,1
732,F,Ship,1.0,5,-1.2317073170731707,0.0,high,F,2.0,-0.8556299641800342,1
733,D,Ship,1.0,3,0.8170731707317073,0.0,medium,M,0.6666666666666666,-0.6273166173493225,1
734,F,Ship,0.0,4,-0.2073170731707317,2.5,medium,F,2.0,-0.6491200747547111,1
735,A,Ship,-0.5,4,0.6219512195121951,2.5,low,M,-0.8333333333333334,-0.1641488864662825,1
736,B,Ship,0.0,1,0.5487804878048781,0.0,low,M,2.0,-0.5363650521725588,1
737,C,Ship,0.5,3,-0.17073170731707318,2.5,low,F,0.3333333333333333,-0.43856097181124437,1
738,F,Ship,-1.0,1,-1.2560975609756098,-1.0,high,F,0.5,-0.6942843793801589,1
739,D,Ship,-0.5,2,0.10975609756097561,0.0,medium,F,-0.16666666666666666,-0.6298084410527955,1
740,F,Ship,-0.5,2,0.32926829268292684,0.0,low,M,2.0,-0.34854384052328297,1
741,A,Ship,0.0,5,-0.9146341463414634,0.0,low,F,2.0,-0.8945647095467996,1
742,B,Ship,1.5,4,-0.2682926829268293,0.0,low,F,2.0,-0.7646783990032705,1
743,C,Ship,-0.5,5,-0.4146341463414634,1.0,medium,F,2.0,-0.8310232051082386,1
744,F,Ship,-0.5,3,-0.7439024390243902,2.0,low,M,2.0,-0.9531225665784145,1
745,D,Ship,-1.0,4,0.8048780487804879,1.0,low,M,2.0,-0.8366298084410528,1
746,F,Ship,1.5,5,0.35365853658536583,2.0,medium,M,2.0,-0.9496963089861392,1
747,A,Ship,-0.5,4,0.0,-1.0,low,M,2.0,-0.0834760940663448,1
748,B,Ship,0.0,4,-0.45121951219512196,-1.0,low,M,-0.16666666666666666,-0.9459585734309298,1
749,C,Ship,-0.5,2,-0.3902439024390244,0.0,medium,F,2.0,-0.09998442610185329,1
750,F,Ship,0.0,5,-0.35365853658536583,0.0,medium,M,1.6666666666666667,-0.4127083008877122,1
751,D,Ship,-0.5,3,-0.8658536585365854,0.0,medium,M,2.0,-0.8933187976950631,1
752,F,Ship,-0.5,3,-0.6341463414634146,0.0,medium,M,0.0,-0.7002024606759072,1
753,A,Ship,-0.5,1,-0.524390243902439,-1.0,low,M,2.0,-0.6696776203083632,1
754,B,Ship,0.5,1,0.15853658536585366,0.0,low,F,1.1666666666666667,-0.48590562217723093,1
755,C,Ship,-0.5,5,-0.10975609756097561,2.5,low,F,2.0,-0.5971032549447126,1
756,F,Ship,-0.5,5,0.5365853658536586,0.0,low,M,1.6666666666666667,-0.3476094066344806,1
757,D,Ship,0.0,5,-0.23170731707317074,2.0,medium,F,0.5,-0.19062451331568292,1
758,F,Ship,0.0,1,0.12195121951219512,-1.0,low,M,0.16666666666666666,-0.15916523905933655,1
759,A,Ship,-1.0,5,-0.2682926829268293,2.5,low,F,2.0,-0.4597414732907647,1
760,B,Ship,-0.5,3,-0.14634146341463414,0.0,medium,F,2.0,-0.05077090795826195,1
761,C,Ship,0.5,3,0.25609756097560976,-1.0,medium,F,0.8333333333333334,-0.24637906868089082,1
762,F,Ship,-0.5,4,0.04878048780487805,0.0,low,M,2.0,-0.10309920573119452,1
763,D,Ship,1.0,5,-0.4634146341463415,1.0,medium,M,2.0,-0.8992368789908114,1
764,F,Ship,-0.5,3,0.08536585365853659,-1.0,medium,F,2.0,-0.320510823859212,1
765,A,Ship,-0.5,4,-0.6951219512195121,0.0,low,F,2.0,-0.8655972589939261,1
766,B,Ship,0.0,2,0.5487804878048781,1.0,low,F,1.0,-0.5151845506930385,1
767,C,Ship,-1.0,1,0.4268292682926829,0.0,low,M,0.6666666666666666,-0.5030369101386077,1
768,F,Ship,0.0,1,0.5975609756097561,2.0,low,F,2.0,-0.5784145771686653,1
769,D,Ship,0.0,3,-0.8902439024390244,0.0,low,F,-0.8333333333333334,-0.6958417691948294,1
770,F,Ship,0.0,1,-1.2195121951219512,0.0,medium,F,0.3333333333333333,-0.906089394175362,1
771,A,Ship,-0.5,4,-0.4268292682926829,1.0,low,F,2.0,-0.979598193427815,1
772,B,Ship,0.0,3,-0.4268292682926829,0.0,medium,M,2.0,-0.798940974926024,1
773,C,Ship,-0.5,5,-0.25609756097560976,0.0,low,F,2.0,-0.19498520479676063,1
774,F,Ship,-0.5,2,-0.9390243902439024,0.0,medium,F,2.0,-0.9042205263977574,1
775,D,Ship,-0.5,5,-1.2682926829268293,0.0,low,M,2.0,-0.7083008877121943,1
776,F,Ship,-0.5,1,0.6829268292682927,0.0,medium,F,2.0,-0.1766080049836474,1
777,A,Ship,0.5,1,-0.47560975609756095,0.0,medium,F,2.0,-0.946581529356798,1
778,B,Ship,0.5,1,0.24390243902439024,-1.0,low,M,0.8333333333333334,-0.5534963401339356,1
779,C,Ship,-1.0,4,-0.45121951219512196,0.0,medium,M,2.0,-0.9456470954679956,1
780,F,Ship,-0.5,4,-0.7439024390243902,-1.0,low,F,2.0,-0.8431708456626694,1
781,D,Ship,0.0,5,0.4634146341463415,0.0,low,M,1.5,-0.5659554586513004,1
782,F,Ship,-1.0,4,-1.1219512195121952,-1.0,low,F,2.0,-0.9144992991745834,1
783,A,Ship,0.0,5,0.012195121951219513,-1.0,medium,F,2.0,-0.5890048279084255,1
784,B,Ship,-0.5,3,-0.9024390243902439,1.0,low,F,2.0,-0.9163681669521881,1
785,C,Ship,-0.5,1,-0.06097560975609756,-1.0,low,M,2.0,-0.595545865130042,1
786,F,Ship,-1.0,3,-0.8536585365853658,0.0,high,M,2.0,-0.8251051238124902,1
787,D,Ship,0.0,2,-0.04878048780487805,0.0,low,M,1.5,-0.6550381560504595,1
788,F,Ship,0.5,1,-0.6585365853658537,0.0,medium,F,2.0,-0.7649898769662047,1
789,A,Ship,0.5,4,-0.975609756097561,-1.0,low,F,2.0,-0.8098427036287182,1
790,B,Ship,-0.5,2,-0.926829268292683,0.0,medium,F,2.0,-0.931319109173026,1
791,C,Ship,0.0,3,-0.17073170731707318,-1.0,medium,M,2.0,-0.2068213673882573,1
792,F,Ship,0.5,4,-0.9878048780487805,-1.0,medium,M,2.0,-0.9306961532471577,1
793,D,Ship,-1.0,4,-1.1341463414634145,2.0,low,M,2.0,-0.735399470487463,1
794,F,Ship,0.0,3,0.524390243902439,0.0,medium,M,-0.3333333333333333,-0.5170534184706432,1
795,A,Ship,0.0,5,0.5,1.0,low,M,1.1666666666666667,-0.3270518610808285,1
796,B,Road,0.0,1,-0.6829268292682927,0.0,low,F,2.0,-0.96184394954057,1
797,C,Road,0.0,4,0.4146341463414634,1.0,low,F,2.0,-0.5690702382806416,1
798,F,Road,-1.0,3,-0.24390243902439024,1.0,medium,M,2.0,-0.11026319887867933,1
799,D,Road,0.0,3,-0.36585365853658536,0.0,medium,F,2.0,-0.42828219903441833,1
800,F,Road,0.5,5,0.4268292682926829,1.0,medium,F,2.0,-0.4211182058869335,1
801,A,Road,0.5,5,-0.5365853658536586,-1.0,medium,F,2.0,-0.8942532315838655,1
802,B,Road,-0.5,4,0.573170731707317,-1.0,medium,F,-1.0,-0.23391995016352593,1
803,C,Road,-0.5,2,0.5853658536585366,-1.0,low,F,2.0,-0.5541192960598038,1
804,F,Road,0.0,4,0.12195121951219512,0.0,medium,M,0.3333333333333333,-0.3728391216321445,1
805,D,Road,-0.5,4,-1.024390243902439,-1.0,medium,F,2.0,-0.9144992991745834,1
806,F,Road,0.0,1,-0.9878048780487805,0.0,low,M,2.0,-0.8627939573275191,1
807,A,Road,-0.5,1,-0.8414634146341463,1.0,low,F,2.0,-0.7469241551160255,1
808,B,Road,-1.0,4,-0.9512195121951219,2.5,low,F,2.0,-0.9144992991745834,1
809,C,Road,0.0,5,-0.6219512195121951,2.0,low,M,2.0,-0.7758916056688989,1
810,F,Road,-0.5,3,-0.3780487804878049,0.0,low,F,2.0,-0.6129886310543529,1
811,D,Road,0.5,3,0.024390243902439025,0.0,medium,F,-1.0,-0.53418470643202,1
812,F,Road,0.0,1,-0.3902439024390244,0.0,medium,M,2.0,-0.6678087525307584,1
813,A,Road,0.0,5,-0.2804878048780488,0.0,low,F,2.0,-0.547266780875253,1
814,B,Road,-0.5,2,-0.9024390243902439,-1.0,high,F,0.0,-0.8559414421429684,1
815,C,Road,0.0,4,-0.6463414634146342,0.0,high,F,2.0,-0.9294502413954213,1
816,F,Road,0.0,2,-0.17073170731707318,1.0,low,M,2.0,-0.4366921040336396,1
817,D,Road,0.0,1,-0.4634146341463415,0.0,medium,F,2.0,-0.7033172403052484,1
818,F,Flight,0.5,2,0.4024390243902439,0.0,low,M,2.0,-0.1569848933187977,1
819,A,Flight,-0.5,4,0.5853658536585366,-1.0,low,M,1.3333333333333333,-0.26849400404921353,1
820,B,Flight,0.0,5,-0.7317073170731707,-1.0,low,F,2.0,-0.8151378289985983,1
821,C,Flight,-0.5,1,-0.34146341463414637,0.0,medium,F,0.6666666666666666,-0.10870580906400872,1
822,F,Flight,-1.0,1,-1.4146341463414633,0.0,low,F,2.0,-0.7297928671546489,1
823,D,Flight,-0.5,3,0.6585365853658537,0.0,low,F,2.0,-0.08627939573275191,1
824,F,Flight,0.5,3,-0.43902439024390244,-1.0,medium,F,2.0,-0.7223173960442298,1
825,A,Flight,-0.5,1,-0.8780487804878049,-1.0,high,M,1.8333333333333333,-0.8475315371437471,1
826,B,Flight,0.0,5,-0.6585365853658537,0.0,low,M,2.0,-0.720137050303691,1
827,C,Flight,0.5,2,0.21951219512195122,-1.0,medium,M,2.0,-0.6151689767948918,1
828,F,Flight,0.0,2,-0.06097560975609756,-1.0,low,F,2.0,-0.5033483881015418,1
829,D,Flight,0.0,2,0.1951219512195122,0.0,medium,M,2.0,-0.17037844572496497,1
830,F,Flight,0.5,4,0.10975609756097561,0.0,low,F,2.0,-0.646316773088304,1
831,A,Flight,0.0,4,-0.15853658536585366,0.0,high,F,0.0,-0.46877433421585424,1
832,B,Flight,-0.5,5,0.12195121951219512,0.0,medium,F,2.0,-0.3775112910761564,1
833,C,Flight,-1.0,3,0.45121951219512196,0.0,low,F,-0.8333333333333334,-0.24855941442142968,1
834,F,Flight,-0.5,4,-0.8414634146341463,2.5,medium,M,2.0,-0.6852515184550693,1
835,D,Flight,0.5,4,0.6951219512195121,0.0,medium,F,1.5,-0.49400404921351815,1
836,F,Flight,-0.5,5,0.04878048780487805,1.0,medium,M,2.0,-0.34293723719046876,1
837,A,Flight,-0.5,4,0.18292682926829268,-1.0,low,M,2.0,-0.4737579816228002,1
838,B,Flight,0.5,2,0.7804878048780488,-1.0,low,F,1.6666666666666667,-0.5158075066189067,1
839,C,Flight,-1.0,4,-0.5609756097560976,0.0,low,F,1.3333333333333333,-0.704874630119919,1
840,F,Ship,0.5,2,-0.7682926829268293,2.5,medium,M,0.8333333333333334,-0.6942843793801589,1
841,D,Ship,-0.5,1,0.21951219512195122,0.0,low,M,0.3333333333333333,-0.3709702538545398,1
842,F,Ship,-0.5,2,-0.9024390243902439,-1.0,low,F,1.5,-0.7674817006696776,1
843,A,Ship,0.0,2,-0.8902439024390244,0.0,low,M,2.0,-0.7880392462233297,1
844,B,Ship,0.5,4,-0.3902439024390244,2.0,medium,F,2.0,-0.23391995016352593,1
845,C,Ship,0.0,2,-0.9146341463414634,2.0,low,F,2.0,-0.6765301354929139,1
846,F,Ship,0.5,2,-0.8414634146341463,2.0,medium,F,2.0,-0.7260551315994394,1
847,D,Ship,0.0,4,-0.9024390243902439,0.0,medium,M,0.6666666666666666,-0.6970876810465659,1
848,F,Ship,-0.5,4,0.6463414634146342,0.0,medium,F,2.0,-0.17442765924310855,1
849,A,Ship,-0.5,1,-0.2804878048780488,0.0,high,F,2.0,-0.6478741629029746,1
850,B,Ship,0.0,2,-0.9878048780487805,1.0,medium,F,2.0,-0.8559414421429684,1
851,C,Ship,0.0,2,-0.5365853658536586,-1.0,low,F,-1.0,-0.8419249338109329,1
852,F,Ship,0.0,5,-0.5365853658536586,-1.0,low,F,2.0,-0.8148263510356643,1
853,D,Ship,-0.5,2,-0.7926829268292683,1.0,medium,F,2.0,-0.7827441208534496,1
854,F,Ship,0.5,4,0.7926829268292683,-1.0,medium,F,-1.0,-0.06727923999377045,1
855,A,Ship,0.0,3,-1.1341463414634145,-1.0,medium,M,0.6666666666666666,-0.6986450708612366,1
856,B,Ship,-0.5,2,-0.9146341463414634,-1.0,low,M,2.0,-0.7419405077090796,1
857,C,Ship,-0.5,4,0.6219512195121951,-1.0,high,F,2.0,-0.5158075066189067,1
858,F,Ship,0.5,2,0.3048780487804878,2.0,medium,M,2.0,-0.5223485438405233,1
859,D,Ship,0.0,3,-1.1585365853658536,2.0,medium,M,-0.3333333333333333,-0.7188911384519545,1
860,F,Ship,0.0,1,0.6219512195121951,1.0,low,F,2.0,-0.07880392462233297,1
861,A,Ship,0.5,3,-0.8536585365853658,2.5,medium,F,2.0,-0.9780408036131444,1
862,B,Ship,-0.5,2,-0.8048780487804879,-1.0,low,F,2.0,-0.8135804391839278,1
863,C,Ship,0.5,4,0.6707317073170732,-1.0,medium,M,2.0,-0.4295281108861548,1
864,F,Ship,-1.0,3,-0.3170731707317073,0.0,medium,F,2.0,-0.29839588849088927,1
865,D,Ship,-0.5,4,-0.32926829268292684,-1.0,high,M,0.16666666666666666,-0.1320666562840679,1
866,F,Ship,1.0,1,-0.5609756097560976,2.0,high,F,2.0,-0.7936458495561439,1
867,A,Ship,0.0,1,-0.18292682926829268,-1.0,low,F,2.0,-0.24232985516274724,1
868,B,Ship,0.0,3,0.573170731707317,0.0,low,F,0.5,-0.41956081607226287,1
869,C,Ship,-0.5,1,0.04878048780487805,0.0,low,M,-0.5,-0.5746768416134559,1
870,F,Ship,-0.5,1,-0.21951219512195122,0.0,low,F,2.0,-0.38560971811244354,1
871,D,Ship,0.0,5,-0.8170731707317073,0.0,medium,F,2.0,-0.8347609406634481,1
872,F,Ship,0.0,2,-0.07317073170731707,0.0,high,M,1.6666666666666667,-0.42734776514561595,1
873,A,Ship,-0.5,1,-0.43902439024390244,2.0,low,F,1.3333333333333333,-0.9054664382494938,1
874,B,Ship,0.0,4,-0.2073170731707317,0.0,medium,M,2.0,-0.33296994237657684,1
875,C,Ship,-1.0,4,-0.0975609756097561,-1.0,low,F,2.0,-0.06042672480921975,1
876,F,Ship,0.0,1,0.0975609756097561,0.0,medium,M,2.0,-0.3086746612677153,1
877,D,Ship,-0.5,3,0.4024390243902439,-1.0,medium,M,2.0,-0.21429683849867623,1
878,F,Ship,0.0,1,0.0975609756097561,0.0,medium,M,2.0,-0.4880859679177698,1
879,A,Ship,1.0,1,-0.10975609756097561,2.0,low,M,1.1666666666666667,-0.29154337330633856,1
880,B,Ship,0.5,2,0.36585365853658536,0.0,low,M,0.16666666666666666,-0.18003426257592275,1
881,C,Ship,-1.0,4,-0.24390243902439024,2.5,medium,F,2.0,-0.11805014795203239,1
882,F,Ship,0.0,5,-0.2926829268292683,-1.0,low,M,2.0,-0.18719825572340756,1
883,D,Ship,-0.5,4,-0.5487804878048781,-1.0,low,M,1.6666666666666667,-0.9054664382494938,1
884,F,Ship,-0.5,2,0.45121951219512196,-1.0,low,F,-0.3333333333333333,-0.2199034418314904,1
885,A,Ship,-1.0,2,-0.6463414634146342,-1.0,medium,F,-1.0,-0.7808752530758449,1
886,B,Ship,-0.5,2,0.4634146341463415,1.0,low,M,2.0,-0.5594144214296839,1
887,C,Ship,0.0,2,0.6951219512195121,0.0,low,F,2.0,-0.45351191403208224,1
888,F,Ship,0.5,3,-0.7804878048780488,0.0,medium,M,2.0,-0.9225977262108706,1
889,D,Ship,-0.5,5,-0.024390243902439025,0.0,high,M,-0.16666666666666666,-0.6478741629029746,1
890,F,Ship,0.5,3,-0.1951219512195122,1.0,high,M,2.0,-0.23111664849711883,1
891,A,Ship,-0.5,4,0.6341463414634146,-1.0,high,F,2.0,-0.10932876498987697,1
892,B,Ship,-0.5,4,0.5,1.0,low,F,0.8333333333333334,-0.5865130042049524,1
893,C,Ship,0.0,1,-0.5853658536585366,0.0,high,F,-0.6666666666666666,-0.839744588070394,1
894,F,Ship,-0.5,2,0.21951219512195122,-1.0,low,F,2.0,-0.626070705497586,1
895,D,Ship,-0.5,5,-0.1951219512195122,-1.0,medium,F,2.0,-0.3532160099672948,1
896,F,Ship,0.0,3,-0.5365853658536586,0.0,low,F,2.0,-0.7976950630742875,1
897,A,Ship,0.0,2,-0.6341463414634146,-1.0,low,M,1.5,-0.9764834137984738,1
898,B,Ship,-0.5,4,-0.9634146341463414,0.0,low,M,2.0,-0.8631054352904532,1
899,C,Ship,-0.5,5,0.34146341463414637,0.0,medium,M,2.0,-0.12334527332191247,1
900,F,Ship,0.0,3,-0.0975609756097561,0.0,medium,F,2.0,-0.5924310855007008,1
901,D,Ship,0.5,5,0.47560975609756095,2.5,medium,M,2.0,-0.4740694595857343,1
902,F,Ship,0.5,3,-0.07317073170731707,0.0,medium,M,2.0,-0.08254166017754244,1
903,A,Ship,-0.5,3,0.43902439024390244,0.0,low,F,2.0,-0.21367388257280798,1
904,B,Ship,0.0,1,-0.8658536585365854,-1.0,medium,M,-0.6666666666666666,-0.6706120541971655,1
905,C,Ship,0.5,5,0.2682926829268293,0.0,medium,F,2.0,-0.24419872294035197,1
906,F,Ship,0.0,4,-0.8170731707317073,0.0,low,M,1.0,-0.9356798006541037,1
907,D,Ship,-1.0,5,-1.2317073170731707,2.0,low,M,2.0,-0.7821211649275813,1
908,F,Ship,0.5,1,-0.5975609756097561,-1.0,high,M,2.0,-0.9216632923220682,1
909,A,Ship,0.0,1,0.25609756097560976,1.0,low,M,2.0,-0.6488085967917769,1
910,B,Ship,0.0,5,-0.34146341463414637,2.5,low,F,2.0,-0.19560816072262888,1
911,C,Ship,0.0,2,0.7317073170731707,2.5,medium,F,2.0,-0.3737735555209469,1
912,F,Ship,-1.0,5,-0.6219512195121951,0.0,medium,F,2.0,-0.9562373462077558,1
913,D,Ship,0.0,4,-0.6463414634146342,0.0,low,F,-0.16666666666666666,-0.8606136115869802,1
914,F,Ship,0.0,4,0.6097560975609756,-1.0,low,M,2.0,-0.564709546799564,1
915,A,Ship,-0.5,1,0.5,-1.0,medium,M,2.0,-0.21491979442454445,1
916,B,Ship,0.0,1,0.5365853658536586,0.0,medium,M,-0.6666666666666666,-0.06883662980844105,1
917,C,Ship,0.5,5,0.573170731707317,2.5,medium,M,2.0,-0.6372839121632144,1
918,F,Ship,0.5,3,-0.3170731707317073,2.5,medium,M,-0.6666666666666666,-0.15947671702227068,1
919,D,Ship,-0.5,4,-0.3170731707317073,0.0,high,M,0.6666666666666666,-0.33546176608004985,1
920,F,Ship,-0.5,2,-0.6585365853658537,2.5,medium,M,2.0,-0.8101541815916524,1
921,A,Ship,-0.5,2,0.0,-1.0,low,M,2.0,-0.20121476405544308,1
922,B,Ship,0.0,4,-0.06097560975609756,2.5,medium,F,2.0,-0.2504282821990344,1
923,C,Ship,0.0,1,-0.07317073170731707,2.5,high,M,0.16666666666666666,-0.6092508954991435,1
924,F,Ship,-0.5,3,0.6219512195121951,1.0,low,M,2.0,-0.4958729169911229,1
925,D,Ship,0.0,1,-0.6463414634146342,-1.0,high,F,2.0,-0.671857966048902,1
926,F,Ship,0.5,3,0.036585365853658534,0.0,high,F,2.0,-0.3370191558947204,1
927,A,Ship,-0.5,1,-0.04878048780487805,-1.0,low,F,2.0,-0.5310699268026787,1
928,B,Ship,-0.5,3,-0.4268292682926829,-1.0,low,F,2.0,-0.7291699112287806,1
929,C,Ship,-0.5,2,-0.4146341463414634,1.0,medium,M,2.0,-0.9294502413954213,1
930,F,Ship,-0.5,3,-0.7439024390243902,2.0,low,F,0.8333333333333334,-0.6780875253075845,1
931,D,Ship,0.0,3,-0.6341463414634146,-1.0,low,M,-0.8333333333333334,-0.7584488397445881,1
932,F,Ship,-0.5,2,-0.9634146341463414,0.0,low,M,2.0,-0.7011368945647095,1
933,A,Road,-0.5,5,0.34146341463414637,0.0,medium,F,-0.6666666666666666,-0.5858900482790843,1
934,B,Road,0.0,4,-0.0975609756097561,0.0,medium,F,2.0,-0.41893786014639467,1
935,C,Road,0.5,1,0.47560975609756095,2.5,medium,M,0.8333333333333334,-0.5179878523594456,1
936,F,Road,0.5,2,-0.07317073170731707,0.0,medium,M,0.16666666666666666,-0.22021491979442454,1
937,D,Road,-0.5,2,0.43902439024390244,0.0,low,F,2.0,-0.10932876498987697,1
938,F,Road,0.0,5,-0.8658536585365854,-1.0,medium,F,2.0,-0.8687120386232674,1
939,A,Road,0.5,3,0.2682926829268293,0.0,medium,M,0.0,-0.17442765924310855,1
940,B,Road,0.0,1,-0.8170731707317073,0.0,low,F,1.3333333333333333,-0.6830711727145304,1
941,C,Road,-1.0,1,-1.2317073170731707,2.0,low,F,0.3333333333333333,-0.6827596947515964,1
942,F,Road,0.5,4,-0.5975609756097561,-1.0,high,M,2.0,-0.8307117271453045,1
943,D,Road,0.0,4,0.25609756097560976,1.0,low,M,2.0,-0.6631365830867466,1
944,F,Road,0.0,2,-0.34146341463414637,2.5,low,M,2.0,-0.13300109017287026,1
945,A,Road,0.0,5,0.7317073170731707,2.5,medium,F,-0.3333333333333333,-0.07444323314125526,1
946,B,Road,-1.0,2,-0.6219512195121951,0.0,medium,M,2.0,-0.8104656595545865,1
947,C,Road,0.0,2,-0.6463414634146342,0.0,low,F,2.0,-0.7257436536365052,1
948,F,Road,0.0,1,0.6097560975609756,-1.0,low,M,0.16666666666666666,-0.5335617505061517,1
949,D,Road,-0.5,3,0.5,-1.0,medium,M,-0.6666666666666666,-0.3909048434823236,1
950,F,Road,0.0,1,0.5365853658536586,0.0,medium,M,2.0,-0.5360535742096246,1
951,A,Road,0.5,2,0.573170731707317,2.5,medium,F,-1.0,-0.26195296682759694,1
952,B,Road,0.5,4,-0.3170731707317073,2.5,medium,F,2.0,-0.5242174116181281,1
953,C,Road,-0.5,5,-0.3170731707317073,0.0,high,F,0.3333333333333333,-0.29372371904687744,1
954,F,Road,-0.5,1,-0.6585365853658537,2.5,medium,F,2.0,-0.6843170845662669,1
955,D,Flight,-0.5,1,0.0,-1.0,low,F,2.0,-0.4451020090328609,1
956,F,Flight,0.0,5,-0.06097560975609756,2.5,medium,F,2.0,-0.374085033483881,1
957,A,Flight,0.0,1,-0.07317073170731707,2.5,high,F,2.0,-0.4594299953278306,1
958,B,Flight,-0.5,1,0.6219512195121951,1.0,low,M,2.0,-0.5918081295748325,1
959,C,Flight,0.0,1,-0.6463414634146342,-1.0,high,F,2.0,-0.9574832580594923,1
960,F,Flight,0.5,2,0.036585365853658534,0.0,high,M,2.0,-0.4824793645849556,1
961,D,Flight,-0.5,4,-0.04878048780487805,-1.0,low,F,2.0,-0.43856097181124437,1
962,F,Flight,-0.5,3,-0.4268292682926829,-1.0,low,F,2.0,-0.7425634636349479,1
963,A,Flight,-0.5,2,-0.4146341463414634,1.0,medium,M,2.0,-0.8783678554742252,1
964,B,Flight,0.0,5,-0.6829268292682927,2.0,medium,F,2.0,-0.6893007319732128,1
965,C,Flight,1.0,1,0.9390243902439024,2.0,medium,F,2.0,-0.76841613455848,1
966,F,Flight,0.5,2,0.2073170731707317,-1.0,medium,F,2.0,-0.07942688054820121,1
967,D,Flight,0.0,5,-0.6219512195121951,1.0,low,F,2.0,-0.8344494627005139,1
968,F,Flight,0.5,3,-0.8292682926829268,0.0,low,M,2.0,-0.9173026008409905,1
969,A,Flight,-1.0,5,0.7073170731707317,-1.0,low,M,2.0,-0.15916523905933655,1
970,B,Flight,-1.0,1,-1.1341463414634145,-1.0,medium,F,1.8333333333333333,-0.7195140943778228,1
971,C,Flight,1.0,2,-1.170731707317073,-1.0,low,M,2.0,-0.9764834137984738,1
972,F,Flight,-0.5,5,-0.5,-1.0,low,M,1.1666666666666667,-0.7821211649275813,1
973,D,Flight,0.0,5,0.35365853658536583,-1.0,low,M,2.0,-0.45569225977262107,1
974,F,Flight,0.5,4,0.18292682926829268,0.0,medium,M,2.0,-0.5120697710636972,1
975,A,Flight,0.5,3,-1.4390243902439024,1.0,medium,F,0.8333333333333334,-0.7768260395577012,1
976,B,Flight,0.5,5,0.4268292682926829,0.0,medium,M,2.0,-0.18408347609406633,1
977,C,Ship,-0.5,2,-0.5975609756097561,-1.0,low,F,2.0,-0.6799563930851892,1
978,F,Ship,0.0,5,0.10975609756097561,0.0,medium,F,2.0,-0.5363650521725588,1
979,D,Ship,-0.5,3,0.6463414634146342,-1.0,low,F,2.0,-0.3737735555209469,1
980,F,Ship,0.0,4,-0.9024390243902439,-1.0,low,F,2.0,-0.7220059180812958,1
981,A,Ship,0.0,4,-0.06097560975609756,0.0,low,F,2.0,-0.6460052951253699,1
982,B,Ship,-0.5,5,0.35365853658536583,0.0,medium,M,-0.5,-0.2990188444167575,1
983,C,Ship,-0.5,2,-0.47560975609756095,1.0,medium,F,1.6666666666666667,-0.8948761875097336,1
984,F,Ship,0.5,4,-0.9878048780487805,0.0,low,M,0.3333333333333333,-0.9649587291699112,1
985,D,Ship,-0.5,3,-0.573170731707317,0.0,medium,F,2.0,-0.9462700513938639,1
986,F,Ship,1.0,1,-0.5121951219512195,2.5,high,F,2.0,-0.9646472512069771,1
987,A,Ship,0.5,4,0.524390243902439,-1.0,low,M,2.0,-0.5893163058713596,1
988,B,Ship,-0.5,3,-0.14634146341463414,-1.0,medium,M,2.0,-0.09095156517676374,1
989,C,Ship,-0.5,1,0.10975609756097561,0.0,medium,F,2.0,-0.06447593832736334,1
990,F,Ship,-0.5,2,-0.3902439024390244,-1.0,low,F,2.0,-0.4849711882884286,1
991,D,Ship,-0.5,2,0.24390243902439024,0.0,medium,M,2.0,-0.4236100295904065,1
992,F,Ship,-0.5,5,-0.9024390243902439,0.0,low,F,2.0,-0.9699423765768572,1
993,A,Ship,0.0,3,-0.9512195121951219,0.0,medium,M,0.3333333333333333,-0.8101541815916524,1
994,B,Ship,0.0,3,-0.04878048780487805,0.0,medium,F,-0.16666666666666666,-0.4924466593988475,1
995,C,Ship,0.5,1,0.5487804878048781,0.0,high,F,2.0,-0.35072418626382185,1
996,F,Ship,0.0,2,-0.8902439024390244,-1.0,medium,M,2.0,-0.977106369724342,1
997,D,Ship,0.0,3,-0.7682926829268293,1.0,medium,M,1.0,-0.7992524528889581,1
998,F,Ship,-0.5,5,-0.6097560975609756,0.0,medium,F,2.0,-0.8490889269584176,1
999,A,Ship,-0.5,3,-0.8902439024390244,-1.0,medium,F,2.0,-0.7447438093754867,1
1000,B,Ship,-0.5,3,0.6951219512195121,-1.0,medium,M,1.3333333333333333,-0.1890671235010123,1
1001,C,Ship,0.0,3,-0.2804878048780488,1.0,low,F,1.3333333333333333,-0.4999221305092665,1
1002,F,Ship,-0.5,1,-0.4024390243902439,0.0,medium,M,2.0,-0.2750350412708301,1
1003,D,Ship,-0.5,3,0.32926829268292684,2.0,low,M,0.16666666666666666,-0.6126771530914188,1
1004,F,Ship,-0.5,3,0.4878048780487805,0.0,medium,M,-0.6666666666666666,-0.40865908736956863,1
1005,A,Ship,-0.5,2,-0.8292682926829268,2.5,medium,F,2.0,-0.9303846752842236,1
1006,B,Ship,0.5,1,0.6951219512195121,-1.0,high,M,2.0,-0.437626537922442,1
1007,C,Ship,-0.5,1,-0.35365853658536583,-1.0,medium,F,2.0,-0.41924933810932874,1
1008,F,Ship,0.0,5,-0.5365853658536586,0.0,low,F,0.3333333333333333,-0.9378601463946425,1
1009,D,Ship,0.0,1,0.6219512195121951,-1.0,medium,M,1.8333333333333333,-0.2560348855318486,1
1010,F,Ship,0.0,4,-0.8780487804878049,1.0,low,F,0.16666666666666666,-0.7388257280797383,1
1011,A,Ship,-1.0,5,0.17073170731707318,-1.0,low,F,2.0,-0.3504127083008877,1
1012,B,Ship,0.0,5,0.5853658536585366,1.0,low,M,1.5,-0.39806883662980846,1
1013,C,Ship,-0.5,3,-0.10975609756097561,-1.0,medium,F,2.0,-0.5363650521725588,1
1014,F,Ship,0.0,1,-0.43902439024390244,-1.0,high,M,2.0,-0.8680890826973992,1
1015,D,Ship,-1.0,2,-0.7439024390243902,-1.0,low,M,2.0,-0.9403519700981156,1
1016,F,Ship,-0.5,4,-0.34146341463414637,-1.0,low,M,2.0,-0.21865752997975393,1
1017,A,Ship,0.0,1,-0.573170731707317,0.0,high,F,2.0,-0.8553184862171002,1
1018,B,Ship,-0.5,3,-0.8048780487804879,-1.0,low,M,2.0,-0.6849400404921352,1
1019,C,Ship,-0.5,2,-0.573170731707317,-1.0,low,M,-0.8333333333333334,-0.9777293256502102,1
1020,F,Ship,-0.5,2,0.573170731707317,2.0,medium,M,2.0,-0.5173648964335773,1
1021,D,Ship,-0.5,4,-0.5853658536585366,0.0,medium,M,2.0,-0.9512536988008098,1
1022,F,Ship,-0.5,1,0.14634146341463414,-1.0,low,M,1.8333333333333333,-0.5700046721694441,1
1023,A,Ship,-0.5,4,0.5609756097560976,0.0,low,F,2.0,-0.6684317084566267,1
1024,B,Ship,0.5,1,0.3902439024390244,0.0,medium,F,2.0,-0.04859056221772309,1
1025,C,Ship,-0.5,2,0.08536585365853659,0.0,low,F,2.0,-0.14421429683849868,1
1026,F,Ship,0.5,4,-0.2804878048780488,1.0,medium,M,2.0,-0.6572185017909983,1
1027,D,Ship,-0.5,1,-0.926829268292683,2.0,medium,F,0.16666666666666666,-0.8721382962155427,1
1028,F,Ship,-0.5,1,-0.8292682926829268,0.0,medium,M,1.5,-0.7584488397445881,1
1029,A,Ship,-0.5,3,-0.25609756097560976,0.0,medium,M,0.6666666666666666,-0.29933032237969165,1
1030,B,Ship,-0.5,1,0.18292682926829268,-1.0,medium,F,0.8333333333333334,-0.32331412552561906,1
1031,C,Ship,0.0,1,0.3048780487804878,-1.0,high,M,1.5,-0.5123812490266314,1
1032,F,Ship,1.0,2,-1.353658536585366,1.0,medium,M,2.0,-0.951876654726678,1
1033,D,Ship,0.5,4,0.4878048780487805,2.0,low,F,2.0,-0.6572185017909983,1
1034,F,Ship,-1.0,2,-0.1951219512195122,-1.0,low,M,0.6666666666666666,-0.14421429683849868,1
1035,A,Ship,-0.5,3,-0.07317073170731707,0.0,medium,M,2.0,-0.1140009344338888,1
1036,B,Ship,-0.5,5,0.47560975609756095,-1.0,medium,M,1.6666666666666667,-0.605513159943934,1
1037,C,Ship,0.0,3,0.573170731707317,-1.0,high,M,2.0,-0.564709546799564,1
1038,F,Ship,-0.5,1,-0.7073170731707317,0.0,medium,M,2.0,-0.9020401806572185,1
1039,D,Ship,0.0,3,-1.4268292682926829,-1.0,low,M,2.0,-0.7945802834449462,1
1040,F,Ship,-1.0,5,0.7439024390243902,-1.0,low,M,2.0,-0.49929917458339823,1
1041,A,Ship,-1.0,1,-0.3048780487804878,-1.0,high,M,2.0,-0.5357420962466906,1
1042,B,Ship,-0.5,1,0.2682926829268293,0.0,medium,M,2.0,-0.26755957016041115,1
1043,C,Ship,0.5,1,-0.5365853658536586,0.0,medium,F,2.0,-0.7058090640087213,1
1044,F,Ship,0.0,2,0.45121951219512196,-1.0,low,M,2.0,-0.4597414732907647,1
1045,D,Ship,-0.5,3,-0.10975609756097561,-1.0,medium,F,2.0,-0.6111197632767482,1
1046,F,Ship,0.0,5,-0.9634146341463414,0.0,medium,F,2.0,-0.7491045008565644,1
1047,A,Ship,-0.5,3,0.2073170731707317,-1.0,medium,F,2.0,-0.6142345429060894,1
1048,B,Ship,-0.5,4,0.524390243902439,0.0,medium,M,2.0,-0.3762653792244199,1
1049,C,Ship,0.5,2,-0.6341463414634146,0.0,high,M,2.0,-0.908269739915901,1
1050,F,Ship,1.0,5,0.2804878048780488,2.0,high,F,2.0,-0.49088926958417695,1
1051,D,Ship,-0.5,4,-0.975609756097561,1.0,medium,M,2.0,-0.7045631521569848,1
1052,F,Ship,-1.0,1,-0.6219512195121951,0.0,medium,F,2.0,-0.9437782276903909,1
1053,A,Ship,0.5,5,0.6097560975609756,0.0,medium,F,2.0,-0.6634480610496807,1
1054,B,Ship,0.5,2,-0.5,1.0,low,M,2.0,-0.770907958261953,1
1055,C,Ship,-1.0,4,-0.2804878048780488,0.0,low,F,2.0,-0.4868400560660333,1
1056,F,Ship,-0.5,3,-0.7560975609756098,0.0,medium,M,-0.3333333333333333,-0.8609250895499143,1
1057,D,Ship,-0.5,4,0.7073170731707317,1.0,low,F,2.0,-0.6544152001245912,1
1058,F,Ship,0.0,2,-0.1951219512195122,-1.0,low,M,2.0,-0.2432642890515496,1
1059,A,Ship,0.0,3,0.5609756097560976,1.0,medium,M,2.0,-0.1498209001713129,1
1060,B,Ship,0.0,3,-0.6829268292682927,2.5,medium,M,2.0,-0.831957638997041,1
1061,C,Ship,0.5,3,0.4634146341463415,1.0,medium,M,2.0,-0.1308207444323314,1
1062,F,Ship,0.0,2,-0.18292682926829268,0.0,low,M,2.0,-0.5229714997663916,1
1063,D,Ship,0.0,2,0.7073170731707317,1.0,low,M,2.0,-0.5737424077246535,1
1064,F,Ship,-0.5,4,-0.06097560975609756,0.0,low,M,2.0,-0.6023983803145927,1
1065,A,Ship,-0.5,2,-0.8170731707317073,1.0,low,M,1.0,-0.7762030836318331,1
1066,B,Ship,0.0,2,-0.5853658536585366,1.0,low,F,2.0,-0.7444323314125526,1
1067,C,Ship,-0.5,4,-0.5975609756097561,-1.0,low,M,2.0,-0.760940663448061,1
1068,F,Ship,0.0,5,-0.6341463414634146,-1.0,medium,F,2.0,-0.7581373617816539,1
1069,D,Ship,-0.5,3,0.5,0.0,medium,M,2.0,-0.11991901572963713,1
1070,F,Road,0.5,5,-0.4268292682926829,2.0,low,M,2.0,-0.84472823547734,1
1071,A,Road,-0.5,4,0.43902439024390244,-1.0,high,M,2.0,-0.2934122410839433,1
1072,B,Road,-0.5,5,0.45121951219512196,-1.0,low,F,2.0,-0.06634480610496807,1
1073,C,Road,0.0,4,-0.1951219512195122,-1.0,low,F,-0.3333333333333333,-0.5852670923532161,1
1074,F,Road,-0.5,1,-0.8048780487804879,-1.0,medium,M,2.0,-0.964335773244043,1
1075,D,Road,0.0,5,0.6585365853658537,0.0,medium,F,-0.6666666666666666,-0.4332658464413643,1
1076,F,Road,0.5,2,0.3048780487804878,0.0,low,F,2.0,-0.14826351035664226,1
1077,A,Road,-0.5,4,-0.23170731707317074,0.0,medium,M,0.5,-0.6628251051238125,1
1078,B,Road,0.0,3,0.4634146341463415,-1.0,medium,F,2.0,-0.46441364273477653,1
1079,C,Road,-0.5,5,0.7073170731707317,0.0,medium,M,2.0,-0.11493536832269118,1
1080,F,Road,-1.0,4,-0.8902439024390244,0.0,medium,F,2.0,-0.7852359445569226,1
1081,D,Road,-0.5,1,0.12195121951219512,0.0,low,F,2.0,-0.16352593054041425,1
1082,F,Road,1.0,3,0.6829268292682927,0.0,low,F,2.0,-0.27970721071484195,1
1083,A,Road,1.0,3,0.2682926829268293,0.0,medium,M,-0.16666666666666666,-0.47033172403052487,1
1084,B,Road,-0.5,1,0.15853658536585366,0.0,medium,F,2.0,-0.19841146238903598,1
1085,C,Road,-0.5,4,0.5853658536585366,0.0,low,M,0.0,-0.5372994860613611,1
1086,F,Road,-0.5,1,0.17073170731707318,-1.0,low,M,2.0,-0.5893163058713596,1
1087,D,Road,0.0,2,-0.4634146341463415,0.0,low,M,2.0,-0.6977106369724342,1
1088,F,Road,0.0,2,-0.8170731707317073,0.0,medium,M,2.0,-0.7089238436380626,1
1089,A,Road,0.5,2,-0.21951219512195122,0.0,medium,M,2.0,-0.6428905154960286,1
1090,B,Road,-0.5,1,-1.2439024390243902,2.0,medium,F,2.0,-0.903286092508955,1
1091,C,Road,0.0,2,0.08536585365853659,-1.0,medium,M,2.0,-0.3376421118205887,1
1092,F,Flight,-0.5,5,-0.7317073170731707,0.0,medium,M,2.0,-0.8836629808441053,1
1093,D,Flight,0.0,4,-0.17073170731707318,0.0,low,M,2.0,-0.3653636505217256,1
1094,F,Flight,-1.0,5,0.024390243902439025,-1.0,medium,F,2.0,-0.10652546332346986,1
1095,A,Flight,-0.5,1,-0.35365853658536583,0.0,medium,M,-0.6666666666666666,-0.3420028033016664,1
1096,B,Flight,0.0,2,-0.18292682926829268,0.0,low,M,2.0,-0.3597570471889114,1
1097,C,Flight,0.5,2,0.6219512195121951,0.0,low,F,0.8333333333333334,-0.3915277994081919,1
1098,F,Flight,-0.5,2,0.5975609756097561,0.0,low,F,2.0,-0.6341691325338732,1
1099,D,Flight,0.0,2,-0.4024390243902439,-1.0,low,F,2.0,-0.4155116025541193,1
1100,F,Flight,0.0,3,-0.6219512195121951,-1.0,low,F,0.8333333333333334,-0.9521881326896122,1
1101,A,Flight,0.5,2,0.5609756097560976,-1.0,medium,M,2.0,-0.05824637906868089,1
1102,B,Flight,1.0,2,-0.6707317073170732,2.0,medium,F,2.0,-0.9039090484348232,1
1103,C,Flight,0.0,1,0.15853658536585366,0.0,medium,M,2.0,-0.3444946270051394,1
1104,F,Flight,-0.5,3,-1.3414634146341464,2.0,medium,F,2.0,-0.6893007319732128,1
1105,D,Flight,-0.5,4,-0.3170731707317073,1.0,low,F,2.0,-0.3370191558947204,1
1106,F,Flight,0.5,3,-0.14634146341463414,0.0,high,M,2.0,-0.19093599127861705,1
1107,A,Flight,-0.5,3,-0.012195121951219513,2.5,low,F,1.6666666666666667,-0.5372994860613611,1
1108,B,Flight,-0.5,1,-0.036585365853658534,-1.0,low,F,2.0,-0.25447749571717804,1
1109,C,Flight,0.0,4,0.21951219512195122,0.0,medium,F,2.0,-0.5186108082853138,1
1110,F,Flight,0.0,3,-0.8658536585365854,-1.0,high,M,2.0,-0.7543996262264445,1
1111,D,Flight,0.5,1,-0.21951219512195122,0.0,medium,M,2.0,-0.3712817318174739,1
1112,F,Flight,0.0,1,-0.7804878048780488,2.5,medium,F,2.0,-0.9590406478741629,1
1113,A,Flight,0.5,1,0.0975609756097561,0.0,high,M,2.0,-0.5600373773555521,1
1114,B,Ship,-0.5,2,-0.13414634146341464,0.0,high,M,-0.6666666666666666,-0.42298707366453825,1
1115,C,Ship,0.5,2,-0.43902439024390244,0.0,medium,M,2.0,-0.9260239838031459,1
1116,F,Ship,0.0,2,0.7073170731707317,-1.0,low,M,2.0,-0.2734776514561595,1
1117,D,Ship,0.0,2,-0.3902439024390244,0.0,low,M,2.0,-0.06416446036442922,1
1118,F,Ship,0.0,4,-0.10975609756097561,0.0,low,F,0.6666666666666666,-0.5899392617972279,1
1119,A,Ship,-0.5,2,-0.524390243902439,0.0,medium,M,0.6666666666666666,-0.893007319732129,1
1120,B,Ship,0.0,1,-0.5121951219512195,-1.0,low,M,2.0,-0.671546488085968,1
1121,C,Ship,-0.5,2,-0.04878048780487805,-1.0,medium,M,2.0,-0.06883662980844105,1
1122,F,Ship,-1.0,1,0.6097560975609756,0.0,medium,M,0.5,-0.23049369257125057,1
1123,D,Ship,0.0,1,-0.4024390243902439,1.0,low,F,2.0,-0.5450864351347142,1
1124,F,Ship,-0.5,5,0.3170731707317073,0.0,medium,F,2.0,-0.38311789440897054,1
1125,A,Ship,0.0,4,-0.9024390243902439,1.0,medium,F,2.0,-0.8431708456626694,1
1126,B,Ship,1.0,4,0.8414634146341463,2.0,medium,F,2.0,-0.45569225977262107,1
1127,C,Ship,0.0,3,0.5975609756097561,1.0,medium,M,2.0,-0.37034729792867155,1
1128,F,Ship,0.0,4,-0.9512195121951219,0.0,high,F,2.0,-0.9079582619529668,1
1129,D,Ship,0.0,4,-0.8414634146341463,1.0,low,F,2.0,-0.9154337330633857,1
1130,F,Ship,-0.5,3,-0.6341463414634146,-1.0,low,F,2.0,-0.7431864195608161,1
1131,A,Ship,0.5,1,0.1951219512195122,2.5,low,F,2.0,-0.6484971188288429,1
1132,B,Ship,-0.5,3,-0.8048780487804879,2.0,medium,M,2.0,-0.8400560660333282,1
1133,C,Ship,-0.5,3,-0.47560975609756095,0.0,high,F,2.0,-0.9148107771375176,1
1134,F,Ship,0.0,2,0.15853658536585366,-1.0,high,M,2.0,-0.17629652702071327,1
1135,D,Ship,0.0,1,-0.45121951219512196,1.0,low,F,1.0,-0.8036131443700358,1
1136,F,Ship,1.0,1,0.524390243902439,0.0,medium,M,2.0,-0.22831334683071172,1
1137,A,Ship,0.5,5,-0.1951219512195122,2.0,medium,M,2.0,-0.41924933810932874,1
1138,B,Ship,-0.5,5,0.45121951219512196,0.0,medium,M,2.0,-0.15511602554119297,1
1139,C,Ship,0.5,5,-0.6829268292682927,0.0,medium,F,2.0,-0.9042205263977574,1
1140,F,Ship,0.0,5,-0.524390243902439,2.5,medium,F,2.0,-0.7192026164148887,1
1141,D,Ship,0.0,1,0.5609756097560976,-1.0,low,M,-0.8333333333333334,-0.3641177386699891,1
1142,F,Ship,-0.5,4,0.5975609756097561,0.0,low,M,2.0,-0.36038000311477963,1
1143,A,Ship,1.0,3,0.6707317073170732,-1.0,high,M,2.0,-0.5759227534651923,1
1144,B,Ship,-0.5,3,0.12195121951219512,-1.0,low,F,2.0,-0.28936302756579974,1
1145,C,Ship,0.0,1,-1.170731707317073,2.0,low,M,2.0,-0.8522037065877589,1
1146,F,Ship,0.5,1,-0.34146341463414637,2.5,low,M,2.0,-0.5045942999532783,1
1147,D,Ship,0.5,5,-0.2804878048780488,-1.0,high,M,2.0,-0.4488397445880704,1
1148,F,Ship,0.5,5,-0.4878048780487805,2.5,medium,F,2.0,-0.923532160099673,1
1149,A,Ship,-0.5,1,-0.9024390243902439,-1.0,medium,F,2.0,-0.875253075844884,1
1150,B,Ship,0.0,2,-0.25609756097560976,-1.0,high,F,2.0,-0.5538078180968696,1
1151,C,Ship,-0.5,4,-0.8048780487804879,2.5,high,F,0.8333333333333334,-0.7382027721538701,1
1152,F,Ship,-1.0,2,-0.4634146341463415,2.0,low,F,2.0,-0.9151222551004516,1
1153,D,Ship,0.0,1,-0.9634146341463414,2.5,medium,M,2.0,-0.6727923999377045,1
1154,F,Ship,1.0,5,-0.7317073170731707,2.5,medium,F,2.0,-0.6724809219747703,1
1155,A,Ship,0.0,5,-0.8658536585365854,2.5,low,M,2.0,-0.7453667653013549,1
1156,B,Ship,0.0,3,-0.5,-1.0,low,F,0.5,-0.9250895499143436,1
1157,C,Ship,0.0,5,0.5853658536585366,0.0,medium,F,2.0,-0.31459274256346365,1
1158,F,Ship,0.0,1,-0.524390243902439,0.0,low,F,2.0,-0.8201214764055443,1
1159,D,Ship,0.0,3,0.3902439024390244,-1.0,low,M,2.0,-0.5488241706899237,1
1160,F,Ship,-0.5,4,0.6341463414634146,-1.0,high,F,2.0,-0.4267248092197477,1
1161,A,Ship,0.0,5,-1.0609756097560976,2.5,low,M,2.0,-0.8528266625136272,1
1162,B,Ship,0.5,2,-0.573170731707317,2.5,low,M,2.0,-0.6939729014172248,1
1163,C,Ship,0.0,2,-0.32926829268292684,1.0,medium,M,2.0,-0.6070705497586045,1
1164,F,Ship,-0.5,2,-0.6341463414634146,-1.0,low,F,2.0,-0.7895966360380003,1
1165,D,Ship,0.5,2,0.1951219512195122,2.5,low,M,0.5,-0.16975548979909671,1
1166,F,Ship,-0.5,4,-0.8048780487804879,2.0,medium,F,2.0,-0.8126460052951253,1
1167,A,Ship,-0.5,3,-0.47560975609756095,0.0,high,F,2.0,-0.9095156517676375,1
1168,B,Ship,0.0,1,0.15853658536585366,-1.0,high,M,2.0,-0.33296994237657684,1
1169,C,Ship,0.0,3,-0.45121951219512196,1.0,low,M,2.0,-0.7419405077090796,1
1170,F,Ship,1.0,1,0.524390243902439,0.0,medium,M,2.0,-0.5949229092041738,1
1171,D,Ship,0.5,1,-0.1951219512195122,2.0,medium,F,2.0,-0.2996418003426258,1
1172,F,Ship,-0.5,1,0.45121951219512196,0.0,medium,F,1.8333333333333333,-0.5946114312412397,1
1173,A,Ship,0.5,2,-0.6829268292682927,0.0,medium,M,1.5,-0.8254166017754244,1
1174,B,Ship,0.0,3,-0.524390243902439,2.5,medium,F,0.3333333333333333,-0.6977106369724342,1
1175,C,Ship,0.0,3,0.5609756097560976,-1.0,low,M,2.0,-0.5055287338420806,1
1176,F,Ship,-0.5,1,0.5975609756097561,0.0,low,M,2.0,-0.1432798629496963,1
1177,D,Ship,1.0,4,0.6707317073170732,-1.0,high,M,2.0,-0.04641021647718424,1
1178,F,Ship,-0.5,2,0.12195121951219512,-1.0,low,F,2.0,-0.12459118517364896,1
1179,A,Ship,0.0,3,-1.170731707317073,2.0,low,F,1.3333333333333333,-0.7936458495561439,1
1180,B,Ship,0.5,4,-0.34146341463414637,2.5,low,F,2.0,-0.16446036442921663,1
1181,C,Ship,0.5,2,-0.2804878048780488,-1.0,high,F,-0.16666666666666666,-0.6509889425323159,1
1182,F,Ship,0.5,1,-0.4878048780487805,2.5,medium,M,2.0,-0.7830555988163838,1
1183,D,Ship,-0.5,3,-0.9024390243902439,-1.0,medium,M,2.0,-0.7170222706743498,1
1184,F,Ship,0.0,1,-0.25609756097560976,-1.0,high,M,2.0,-0.19903441831490423,1
1185,A,Ship,-0.5,5,-0.8048780487804879,2.5,high,F,2.0,-0.7948917614078804,1
1186,B,Ship,-1.0,3,-0.4634146341463415,2.0,low,M,2.0,-0.9017287026942844,1
1187,C,Ship,0.0,4,-0.9634146341463414,2.5,medium,F,2.0,-0.8684005606603333,1
1188,F,Ship,1.0,5,-0.7317073170731707,2.5,medium,F,1.1666666666666667,-0.9173026008409905,1
1189,D,Ship,0.0,5,-0.8658536585365854,2.5,low,M,2.0,-0.9512536988008098,1
1190,F,Ship,0.0,2,-0.5,-1.0,low,F,2.0,-0.8761875097336863,1
1191,A,Ship,0.0,3,0.5853658536585366,0.0,medium,M,2.0,-0.3877900638529824,1
1192,B,Ship,0.0,5,-0.524390243902439,0.0,low,F,2.0,-0.7681046565955458,1
1193,C,Ship,0.0,4,0.3902439024390244,-1.0,low,M,0.6666666666666666,-0.5815293567980065,1
1194,F,Ship,-0.5,4,0.6341463414634146,-1.0,high,M,2.0,-0.46908581217878836,1
1195,D,Ship,0.0,1,-1.0609756097560976,2.5,low,F,0.8333333333333334,-0.8191870425167419,1
1196,F,Ship,0.5,5,-0.573170731707317,2.5,low,M,2.0,-0.8104656595545865,1
1197,A,Ship,0.0,2,-0.32926829268292684,1.0,medium,M,2.0,-0.2878056377511291,1
1198,B,Ship,1.0,2,0.975609756097561,1.0,low,M,2.0,-0.786170378445725,1
1199,C,Ship,0.0,2,-0.6829268292682927,1.0,low,F,1.0,-0.7363339043762653,1
1200,F,Ship,1.0,5,-0.9634146341463414,2.0,low,M,2.0,-0.9565488241706899,1
1201,D,Ship,0.0,2,0.2926829268292683,0.0,low,F,2.0,-0.6958417691948294,1
1202,F,Ship,1.0,1,-0.012195121951219513,0.0,low,M,2.0,-0.8101541815916524,1
1203,A,Ship,0.0,4,0.2804878048780488,-1.0,medium,M,2.0,-0.8266625136271609,1
1204,B,Ship,0.0,1,0.524390243902439,0.0,low,M,2.0,-0.8849088926958417,1
1205,C,Ship,0.5,2,-0.1951219512195122,2.0,low,M,2.0,-0.6712350101230338,1
1206,F,Ship,-0.5,3,0.04878048780487805,0.0,medium,M,2.0,-0.22551004516430462,1
1207,D,Road,0.0,4,0.2682926829268293,1.0,low,M,2.0,-0.5821523127238748,1
1208,F,Road,-0.5,1,-1.3902439024390243,0.0,low,F,1.6666666666666667,-0.9406634480610497,1
1209,A,Road,-0.5,1,-0.7317073170731707,-1.0,low,F,2.0,-0.6712350101230338,1
1210,B,Road,0.5,1,0.2926829268292683,0.0,low,M,2.0,-0.0987385142501168,1
1211,C,Road,0.5,5,-1.048780487804878,2.0,low,M,2.0,-0.9783522815760785,1
1212,F,Road,0.0,1,-0.9024390243902439,0.0,medium,M,0.3333333333333333,-0.8465971032549447,1
1213,D,Road,-1.0,4,-0.32926829268292684,0.0,low,M,2.0,-0.08441052795514717,1
1214,F,Road,0.0,3,0.5121951219512195,0.0,low,F,1.3333333333333333,-0.3096090951565177,1
1215,A,Road,-0.5,3,0.6829268292682927,1.0,low,F,1.8333333333333333,-0.5457093910605825,1
1216,B,Road,0.0,2,-0.14634146341463414,-1.0,low,F,2.0,-0.3553963557078337,1
1217,C,Road,-0.5,5,0.5121951219512195,0.0,low,F,2.0,-0.3669210403363962,1
1218,F,Road,0.0,3,-0.9634146341463414,-1.0,medium,F,2.0,-0.7948917614078804,1
1219,D,Road,0.0,4,-0.36585365853658536,1.0,medium,M,0.16666666666666666,-0.5740538856875876,1
1220,F,Road,0.5,5,-0.5487804878048781,1.0,medium,F,2.0,-0.6936614234542906,1
1221,A,Road,-0.5,2,-0.43902439024390244,1.0,medium,F,2.0,-0.9562373462077558,1
1222,B,Road,0.0,5,0.6219512195121951,0.0,medium,F,2.0,-0.3264289051549603,1
1223,C,Road,0.0,3,0.036585365853658534,-1.0,medium,M,2.0,-0.6263821834605202,1
1224,F,Road,-0.5,1,0.5365853658536586,-1.0,medium,M,0.6666666666666666,-0.42298707366453825,1
1225,D,Road,-0.5,3,0.04878048780487805,-1.0,medium,M,0.3333333333333333,-0.6478741629029746,1
1226,F,Road,-0.5,1,-0.9634146341463414,-1.0,medium,M,0.0,-0.8824170689923688,1
1227,A,Road,-0.5,3,-0.7804878048780488,-1.0,medium,F,2.0,-0.964335773244043,1
1228,B,Road,-0.5,4,-0.17073170731707318,0.0,medium,F,2.0,-0.37595390126148576,1
1229,C,Flight,1.0,1,-0.9512195121951219,0.0,high,M,0.8333333333333334,-0.796449151222551,1
1230,F,Flight,-0.5,2,-1.1585365853658536,-1.0,low,M,2.0,-0.7344650365986607,1
1231,D,Flight,0.5,4,-0.024390243902439025,2.5,medium,F,-0.3333333333333333,-0.65659554586513,1
1232,F,Flight,0.0,2,0.7073170731707317,-1.0,low,M,2.0,-0.5519389503192649,1
1233,A,Flight,0.0,2,-0.5853658536585366,0.0,low,M,-0.3333333333333333,-0.7908425478897368,1
1234,B,Flight,-0.5,5,-0.4634146341463415,0.0,high,F,-1.0,-0.6749727456782433,1
1235,C,Flight,-1.0,3,0.8048780487804879,1.0,low,M,1.6666666666666667,-0.1850179099828687,1
1236,F,Flight,-0.5,2,-0.5487804878048781,-1.0,medium,F,2.0,-0.6936614234542906,1
1237,D,Flight,-0.5,1,0.2073170731707317,2.5,medium,F,2.0,-0.1625914966516119,1
1238,F,Flight,0.0,1,-0.9024390243902439,-1.0,low,F,-0.3333333333333333,-0.8954991434356019,1
1239,A,Flight,-0.5,5,-0.3780487804878049,0.0,medium,F,2.0,-0.3086746612677153,1
1240,B,Flight,0.0,5,-0.6951219512195121,0.0,medium,M,2.0,-0.8073508799252452,1
1241,C,Flight,0.0,5,-0.04878048780487805,1.0,medium,F,2.0,-0.07600062295592587,1
1242,F,Flight,0.0,5,0.15853658536585366,1.0,low,F,2.0,-0.6017754243887244,1
1243,D,Flight,0.0,1,0.43902439024390244,-1.0,medium,M,2.0,-0.3513471421896901,1
1244,F,Flight,1.0,3,-0.524390243902439,2.0,high,M,2.0,-0.6858744743809375,1
1245,A,Flight,0.0,2,-0.9512195121951219,-1.0,medium,F,1.6666666666666667,-0.8920728858433266,1
1246,B,Flight,0.0,3,0.5365853658536586,0.0,medium,M,2.0,-0.4890204018065722,1
1247,C,Flight,1.0,2,0.6951219512195121,2.0,low,M,1.1666666666666667,-0.5092664693972901,1
1248,F,Flight,0.0,4,-0.2073170731707317,0.0,low,F,2.0,-0.38436380626070704,1
1249,D,Flight,0.5,2,0.036585365853658534,0.0,low,M,2.0,-0.35819965737424075,1
1250,F,Flight,0.0,1,0.4024390243902439,0.0,low,F,0.3333333333333333,-0.5404142656907024,1
1251,A,Ship,0.0,4,-0.2682926829268293,1.0,medium,F,2.0,-0.17131287961376732,1
1252,B,Ship,-0.5,1,0.4878048780487805,0.0,medium,M,-0.16666666666666666,-0.20339510979598194,1
1253,C,Ship,0.5,5,0.14634146341463414,0.0,medium,F,2.0,-0.09624669054664382,1
1254,F,Ship,0.5,3,-0.2073170731707317,-1.0,low,F,2.0,-0.5195452421741161,1
1255,D,Ship,-0.5,1,-0.13414634146341464,1.0,medium,M,0.8333333333333334,-0.4267248092197477,1
1256,F,Ship,0.0,5,-0.21951219512195122,0.0,medium,M,1.5,-0.13300109017287026,1
1257,A,Ship,-1.0,2,-0.4146341463414634,0.0,low,M,2.0,-0.9132533873228469,1
1258,B,Ship,-0.5,5,0.06097560975609756,0.0,low,F,2.0,-0.3127238747858589,1
1259,C,Ship,0.0,4,0.6341463414634146,-1.0,low,F,1.3333333333333333,-0.22551004516430462,1
1260,F,Ship,0.5,1,-0.8536585365853658,-1.0,low,F,2.0,-0.9553029123189535,1
1261,D,Ship,0.5,3,-0.2073170731707317,-1.0,low,F,0.8333333333333334,-0.23329699423765768,1
1262,F,Ship,0.0,1,0.5365853658536586,0.0,medium,F,-0.5,-0.14421429683849868,1
1263,A,Ship,-0.5,3,-0.32926829268292684,0.0,low,F,2.0,-0.5195452421741161,1
1264,B,Ship,0.5,4,-0.36585365853658536,0.0,low,M,0.3333333333333333,-0.25447749571717804,1
1265,C,Ship,0.0,3,-0.8780487804878049,-1.0,medium,F,2.0,-0.7892851580750662,1
1266,F,Ship,-0.5,5,0.8414634146341463,2.0,low,F,2.0,-0.40523282977729325,1
1267,D,Ship,0.0,2,0.08536585365853659,-1.0,low,F,1.0,-0.32767481700669676,1
1268,F,Ship,-0.5,2,0.23170731707317074,2.0,low,M,2.0,-0.6662513627160879,1
1269,A,Ship,1.0,4,-1.0365853658536586,2.0,low,F,2.0,-0.8366298084410528,1
1270,B,Ship,-0.5,4,-0.7317073170731707,-1.0,medium,F,2.0,-0.8120230493692572,1
1271,C,Ship,0.0,4,-0.6829268292682927,0.0,medium,M,2.0,-0.8603021336240461,1
1272,F,Ship,0.5,3,0.2682926829268293,2.5,medium,M,0.3333333333333333,-0.13518143591340911,1
1273,D,Ship,-0.5,5,0.524390243902439,0.0,low,F,2.0,-0.6164148886466283,1
1274,F,Ship,0.0,5,-0.6585365853658537,0.0,medium,M,2.0,-0.8216788662202149,1
1275,A,Ship,0.0,2,0.5,1.0,low,F,2.0,-0.2962155427503504,1
1276,B,Ship,0.0,3,-0.04878048780487805,-1.0,medium,M,2.0,-0.3192649120074755,1
1277,C,Ship,0.5,3,-0.5487804878048781,1.0,medium,F,2.0,-0.890515496028656,1
1278,F,Ship,-0.5,1,0.7439024390243902,-1.0,high,F,-1.0,-0.483413798473758,1
1279,D,Ship,-0.5,2,-0.35365853658536583,0.0,medium,M,2.0,-0.5239059336551939,1
1280,F,Ship,-0.5,2,-0.012195121951219513,-1.0,medium,F,2.0,-0.41738047033172404,1
1281,A,Ship,-0.5,4,-0.4268292682926829,0.0,high,M,2.0,-0.7995639308518923,1
1282,B,Ship,-0.5,3,-1.2682926829268293,0.0,low,M,0.0,-0.9076467839900327,1
1283,C,Ship,-0.5,4,0.024390243902439025,0.0,low,F,2.0,-0.656284067902196,1
1284,F,Ship,0.0,1,0.6463414634146342,0.0,medium,M,2.0,-0.4463479208845974,1
1285,D,Ship,0.5,4,0.0,-1.0,medium,F,-1.0,-0.13705030369101387,1
1286,F,Ship,0.5,2,-0.21951219512195122,0.0,low,M,2.0,-0.6036442921663292,1
1287,A,Ship,-1.0,2,-0.2682926829268293,-1.0,low,F,0.16666666666666666,-0.3183304781186731,1
1288,B,Ship,0.0,1,-0.2804878048780488,0.0,low,M,-0.5,-0.44385609718112445,1
1289,C,Ship,-0.5,4,0.0975609756097561,0.0,medium,M,2.0,-0.44697087681046566,1
1290,F,Ship,-0.5,3,-0.8902439024390244,0.0,medium,M,0.5,-0.7469241551160255,1
1291,D,Ship,0.0,3,0.34146341463414637,0.0,low,M,-1.0,-0.41769194829465817,1
1292,F,Ship,-0.5,4,-0.024390243902439025,-1.0,high,M,1.0,-0.4410527955147173,1
1293,A,Ship,0.5,5,-0.9878048780487805,0.0,medium,F,2.0,-0.7790063852982402,1
1294,B,Ship,0.5,5,0.4878048780487805,2.0,low,F,2.0,-0.5111353371748949,1
1295,C,Ship,0.0,3,-0.2926829268292683,0.0,medium,F,-0.8333333333333334,-0.6304313969786638,1
1296,F,Ship,0.5,3,-0.35365853658536583,0.0,low,M,2.0,-0.5126927269895655,1
1297,D,Ship,-0.5,5,-0.2804878048780488,0.0,medium,M,2.0,-0.0806727923999377,1
1298,F,Ship,0.0,4,-0.6829268292682927,-1.0,medium,M,1.3333333333333333,-0.9714997663915278,1
1299,A,Ship,-0.5,5,-0.524390243902439,0.0,low,F,2.0,-0.8771219436224887,1
1300,B,Ship,-0.5,4,-0.6585365853658537,-1.0,medium,M,2.0,-0.954368478430151,1
1301,C,Ship,0.0,2,0.25609756097560976,0.0,low,F,2.0,-0.3304781186731039,1
1302,F,Ship,0.0,4,0.4024390243902439,0.0,low,M,2.0,-0.5569225977262109,1
1303,D,Ship,0.0,1,-0.7560975609756098,0.0,medium,F,2.0,-0.760940663448061,1
1304,F,Ship,0.0,3,-0.926829268292683,0.0,medium,M,1.3333333333333333,-0.9559258682448217,1
1305,A,Ship,0.5,4,0.6829268292682927,-1.0,high,F,2.0,-0.3669210403363962,1
1306,B,Ship,1.0,1,-0.25609756097560976,1.0,medium,M,0.16666666666666666,-0.3728391216321445,1
1307,C,Ship,0.0,3,0.4634146341463415,-1.0,medium,M,-1.0,-0.564709546799564,1
1308,F,Ship,-0.5,1,-0.13414634146341464,-1.0,medium,F,2.0,-0.053885687587603176,1
1309,D,Ship,0.5,4,-0.8902439024390244,0.0,medium,M,2.0,-0.7699735243731506,1
1310,F,Ship,0.0,3,-0.2073170731707317,0.0,low,F,2.0,-0.16570627628095314,1
1311,A,Ship,1.0,2,-0.8780487804878049,0.0,low,F,2.0,-0.8774334215854228,1
1312,B,Ship,-0.5,4,-0.6463414634146342,0.0,low,F,2.0,-0.9658931630587136,1
1313,C,Ship,-1.0,2,-0.9146341463414634,0.0,medium,F,2.0,-0.8926958417691948,1
1314,F,Ship,-1.0,5,-0.34146341463414637,-1.0,low,M,1.6666666666666667,-0.07880392462233297,1
1315,D,Ship,0.5,3,-0.2926829268292683,0.0,low,M,2.0,-0.4790531069926803,1
1316,F,Ship,0.5,3,-0.34146341463414637,1.0,low,M,2.0,-0.05232829777293257,1
1317,A,Ship,-0.5,2,-0.4024390243902439,0.0,low,F,2.0,-0.6182837564242329,1
1318,B,Ship,0.0,4,-1.2560975609756098,2.5,low,M,0.16666666666666666,-0.9356798006541037,1
1319,C,Ship,-1.0,3,-0.6707317073170732,0.0,medium,M,2.0,-0.9422208378757203,1
1320,F,Ship,0.0,3,-0.10975609756097561,0.0,medium,F,2.0,-0.5787260551315995,1
1321,D,Ship,0.5,1,-0.975609756097561,0.0,high,F,0.8333333333333334,-0.7394486840056066,1
1322,F,Ship,-0.5,1,-0.2804878048780488,0.0,low,F,-0.5,-0.06291854851269273,1
1323,A,Ship,-1.0,3,-0.8902439024390244,-1.0,medium,F,2.0,-0.7864818564086591,1
1324,B,Ship,0.5,1,0.13414634146341464,-1.0,medium,M,2.0,-0.21647718423921508,1
1325,C,Ship,-0.5,5,-0.524390243902439,0.0,medium,F,2.0,-0.8874007163993147,1
1326,F,Ship,0.0,3,0.8780487804878049,2.0,low,M,2.0,-0.37719981311322226,1
1327,D,Ship,-0.5,1,0.5,2.0,low,F,-1.0,-0.4472823547733998,1
1328,F,Ship,0.0,5,-1.2317073170731707,2.5,medium,M,2.0,-0.8132689612209936,1
1329,A,Ship,0.5,1,-0.15853658536585366,0.0,medium,F,2.0,-0.5173648964335773,1
1330,B,Ship,-0.5,1,-0.36585365853658536,0.0,medium,F,2.0,-0.41301977885064634,1
1331,C,Ship,-0.5,1,-0.18292682926829268,-1.0,medium,F,1.8333333333333333,-0.2501168042361003,1
1332,F,Ship,0.0,4,0.5,-1.0,medium,M,2.0,-0.5862015262420184,1
1333,D,Ship,0.0,5,0.6707317073170732,1.0,medium,M,2.0,-0.21585422831334683,1
1334,F,Ship,0.5,5,0.5609756097560976,-1.0,low,F,2.0,-0.3376421118205887,1
1335,A,Ship,-0.5,1,-0.1951219512195122,1.0,medium,F,2.0,-0.40523282977729325,1
1336,B,Ship,0.0,2,0.5121951219512195,-1.0,medium,M,0.5,-0.318019000155739,1
1337,C,Ship,-0.5,1,-0.9024390243902439,1.0,low,M,2.0,-0.923532160099673,1
1338,F,Ship,-0.5,4,-0.5975609756097561,1.0,medium,F,0.0,-0.7855474225198568,1
1339,D,Ship,-0.5,3,-0.8536585365853658,0.0,low,M,-1.0,-0.8954991434356019,1
1340,F,Ship,-1.0,2,0.3170731707317073,0.0,low,M,2.0,-0.3641177386699891,1
1341,A,Ship,0.0,2,-0.3780487804878049,1.0,low,M,1.3333333333333333,-0.16103410683694128,1
1342,B,Ship,0.5,3,-0.15853658536585366,-1.0,low,M,-0.5,-0.12209936147017598,1
1343,C,Ship,0.0,4,0.024390243902439025,-1.0,medium,F,-0.16666666666666666,-0.27846129886310544,1
1344,F,Road,0.0,5,0.04878048780487805,0.0,low,M,2.0,-0.45693817162435757,1
1345,D,Road,-0.5,4,-0.8170731707317073,0.0,low,F,-0.8333333333333334,-0.8852203706587759,1
1346,F,Road,-0.5,5,0.6097560975609756,-1.0,medium,F,-1.0,-0.06291854851269273,1
1347,A,Road,0.0,4,-0.8414634146341463,0.0,low,F,2.0,-0.7780719514094377,1
1348,B,Road,-0.5,5,0.6097560975609756,2.5,low,M,2.0,-0.4354461921819031,1
1349,C,Road,0.0,5,0.47560975609756095,-1.0,medium,F,2.0,-0.48590562217723093,1
1350,F,Road,-1.0,4,0.524390243902439,2.5,low,M,-0.3333333333333333,-0.05077090795826195,1
1351,D,Road,0.0,1,-0.14634146341463414,0.0,high,M,2.0,-0.49400404921351815,1
1352,F,Road,0.5,5,0.3780487804878049,1.0,medium,F,0.8333333333333334,-0.5992836006852515,1
1353,A,Road,0.0,1,-0.6341463414634146,-1.0,low,F,2.0,-0.8126460052951253,1
1354,B,Road,-0.5,2,-0.6829268292682927,0.0,medium,F,2.0,-0.8213673882572808,1
1355,C,Road,-0.5,1,-0.3902439024390244,0.0,medium,F,2.0,-0.19093599127861705,1
1356,F,Road,-0.5,4,0.04878048780487805,0.0,medium,F,-0.5,-0.19155894720448527,1
1357,D,Road,0.0,5,-0.15853658536585366,0.0,medium,M,2.0,-0.18252608627939573,1
1358,F,Road,0.5,1,-0.36585365853658536,1.0,medium,F,2.0,-0.5971032549447126,1
1359,A,Road,0.0,1,0.32926829268292684,0.0,medium,F,2.0,-0.10496807350879925,1
1360,B,Road,0.5,5,0.5975609756097561,-1.0,medium,M,2.0,-0.2837564242329855,1
1361,C,Road,0.5,5,0.1951219512195122,-1.0,medium,F,2.0,-0.239215075533406,1
1362,F,Road,-0.5,4,0.3170731707317073,0.0,low,F,2.0,-0.5584799875408815,1
1363,D,Road,0.0,5,0.23170731707317074,0.0,medium,F,2.0,-0.09126304313969787,1
1364,F,Road,0.0,3,0.2804878048780488,-1.0,medium,M,2.0,-0.3852982401495094,1
1365,A,Road,0.5,4,-0.8536585365853658,0.0,low,F,2.0,-0.9254010278772777,1
1366,B,Flight,-0.5,1,-0.573170731707317,0.0,low,M,-1.0,-0.9023516586201527,1
1367,C,Flight,0.0,5,-0.926829268292683,0.0,low,F,2.0,-0.7603177075221929,1
1368,F,Flight,0.5,3,-0.5975609756097561,-1.0,medium,M,2.0,-0.847220059180813,1
1369,D,Flight,0.0,3,0.4024390243902439,1.0,low,F,2.0,-0.09686964647251207,1
1370,F,Flight,-0.5,2,-0.7560975609756098,2.5,low,F,0.0,-0.770907958261953,1
1371,A,Flight,0.5,3,-0.18292682926829268,1.0,low,F,2.0,-0.21055910294346675,1
1372,B,Flight,0.5,4,0.6585365853658537,0.0,medium,M,-0.16666666666666666,-0.6052016819809999,1
1373,C,Flight,0.0,5,-0.7804878048780488,-1.0,low,F,2.0,-0.7372683382650678,1
1374,F,Flight,0.5,5,-0.2926829268292683,1.0,medium,F,2.0,-0.15729637128173182,1
1375,D,Flight,0.0,3,-0.7439024390243902,1.0,low,M,2.0,-0.9275813736178166,1
1376,F,Flight,0.0,2,-0.35365853658536583,0.0,low,M,2.0,-0.23018221460831645,1
1377,A,Flight,0.5,1,0.7317073170731707,0.0,medium,M,2.0,-0.638841301977885,1
1378,B,Flight,0.0,3,0.5365853658536586,-1.0,high,M,0.6666666666666666,-0.5908736956860302,1
1379,C,Flight,-0.5,1,-1.2682926829268293,0.0,low,F,2.0,-0.9325650210247625,1
1380,F,Flight,-0.5,5,0.3170731707317073,2.5,low,M,2.0,-0.18377199813113224,1
1381,D,Flight,1.0,5,-1.170731707317073,-1.0,low,F,-0.16666666666666666,-0.7547111041893786,1
1382,F,Flight,-0.5,2,0.35365853658536583,-1.0,low,F,2.0,-0.09313191091730261,1
1383,A,Flight,1.0,2,0.13414634146341464,2.5,low,M,2.0,-0.6516118984581841,1
1384,B,Flight,-0.5,2,0.2926829268292683,1.0,medium,F,2.0,-0.3021336240460987,1
1385,C,Flight,0.0,4,-1.0609756097560976,2.0,low,F,1.5,-0.6833826506774646,1
1386,F,Flight,-0.5,5,-0.5853658536585366,-1.0,low,M,2.0,-0.7737112599283601,1
1387,D,Flight,-0.5,1,-0.4146341463414634,0.0,low,F,2.0,-0.8518922286248248,1
1388,F,Ship,0.0,4,-0.6463414634146342,-1.0,medium,M,2.0,-0.6877433421585423,1
1389,A,Ship,0.5,1,0.1951219512195122,0.0,low,F,2.0,-0.3597570471889114,1
1390,B,Ship,0.5,3,-0.573170731707317,0.0,low,F,2.0,-0.8023672325182993,1
1391,C,Ship,0.0,5,-0.34146341463414637,0.0,low,F,1.5,-0.45351191403208224,1
1392,F,Ship,0.0,4,-0.7804878048780488,0.0,high,M,0.3333333333333333,-0.7877277682603956,1
1393,D,Ship,0.0,1,0.47560975609756095,2.5,medium,M,2.0,-0.3719046877433422,1
1394,F,Ship,0.5,2,0.3048780487804878,-1.0,medium,F,2.0,-0.38997040959352125,1
1395,A,Ship,1.0,2,0.975609756097561,1.0,low,M,2.0,-0.8983024451020091,1
1396,B,Ship,0.0,2,-0.6829268292682927,1.0,low,F,2.0,-0.7447438093754867,1
1397,C,Ship,1.0,3,-0.9634146341463414,2.0,low,F,2.0,-0.8979909671390749,1
1398,F,Ship,0.0,2,0.2926829268292683,0.0,low,F,2.0,-0.9683849867621865,1
1399,D,Ship,1.0,3,-0.012195121951219513,0.0,low,M,1.6666666666666667,-0.7765145615947672,1
1400,F,Ship,0.5,2,-0.5975609756097561,-1.0,medium,F,1.8333333333333333,-0.6949073353060271,1
1401,A,Ship,0.0,3,0.4024390243902439,1.0,low,M,1.5,-0.5566111197632767,1
1402,B,Ship,-0.5,5,-0.7560975609756098,2.5,low,F,2.0,-0.9316305871359601,1
1403,C,Ship,0.5,4,-0.18292682926829268,1.0,low,M,2.0,-0.2199034418314904,1
1404,F,Ship,0.5,2,0.6585365853658537,0.0,medium,F,2.0,-0.13486995795047502,1
1405,D,Ship,0.0,3,-0.7804878048780488,-1.0,low,M,2.0,-0.8279084254788973,1
1406,F,Ship,0.5,1,-0.2926829268292683,1.0,medium,M,2.0,-0.21896900794268806,1
1407,A,Ship,0.0,1,-0.7439024390243902,1.0,low,M,0.0,-0.9403519700981156,1
1408,B,Ship,0.0,4,-0.35365853658536583,0.0,low,M,1.0,-0.6444479053106993,1
1409,C,Ship,0.5,3,0.7317073170731707,0.0,medium,F,2.0,-0.3874785858900483,1
1410,F,Ship,0.0,5,0.5365853658536586,-1.0,high,M,-0.3333333333333333,-0.19841146238903598,1
1411,D,Ship,-0.5,4,-1.2682926829268293,0.0,low,F,2.0,-0.8933187976950631,1
1412,F,Ship,-0.5,2,0.3170731707317073,2.5,low,F,2.0,-0.45662669366142344,1
1413,A,Ship,1.0,2,-1.170731707317073,-1.0,low,F,-0.8333333333333334,-0.7491045008565644,1
1414,B,Ship,-0.5,4,0.35365853658536583,-1.0,low,F,1.1666666666666667,-0.14203395109795983,1
1415,C,Ship,1.0,5,0.13414634146341464,2.5,low,F,2.0,-0.6531692882728547,1
1416,F,Ship,-0.5,3,0.2926829268292683,1.0,medium,M,2.0,-0.19062451331568292,1
1417,D,Ship,0.0,3,-1.0609756097560976,2.0,low,F,-0.3333333333333333,-0.9169911228780564,1
1418,F,Ship,-0.5,3,-0.5853658536585366,-1.0,low,F,2.0,-0.7344650365986607,1
1419,A,Ship,-0.5,5,-0.4146341463414634,0.0,low,M,-0.16666666666666666,-0.9098271297305716,1
1420,B,Ship,0.0,5,-0.6463414634146342,-1.0,medium,M,2.0,-0.8384986762186575,1
1421,C,Ship,0.5,4,0.1951219512195122,0.0,low,F,2.0,-0.04983647406945958,1
1422,F,Ship,0.5,5,-0.573170731707317,0.0,low,F,2.0,-0.8051705341847064,1
1423,D,Ship,0.0,3,-0.34146341463414637,0.0,low,F,2.0,-0.09282043295436848,1
1424,F,Ship,0.0,2,-0.7804878048780488,0.0,high,F,2.0,-0.7662357888179411,1
1425,A,Ship,0.0,5,0.47560975609756095,2.5,medium,F,0.6666666666666666,-0.10091885999065565,1
1426,B,Ship,0.5,2,0.3048780487804878,-1.0,medium,F,1.3333333333333333,-0.5226600218034574,1
1427,C,Ship,1.0,3,0.975609756097561,1.0,low,M,2.0,-0.7730883040024918,1
1428,F,Ship,0.0,5,-0.6829268292682927,1.0,low,F,-0.5,-0.7955147173337487,1
1429,D,Ship,1.0,2,-0.9634146341463414,2.0,low,M,2.0,-0.7986294969630898,1
1430,F,Ship,0.0,5,0.2926829268292683,0.0,low,M,0.3333333333333333,-0.7553340601152468,1
1431,A,Ship,1.0,2,0.6219512195121951,0.0,low,M,-0.6666666666666666,-0.6992680267871048,1
1432,B,Ship,0.5,5,-0.4146341463414634,2.0,medium,M,2.0,-0.7550225821523128,1
1433,C,Ship,1.5,2,0.18292682926829268,0.0,low,F,2.0,-0.7338420806727924,1
1434,F,Ship,-0.5,2,-0.4634146341463415,0.0,low,M,2.0,-0.8883351502881172,1
1435,D,Ship,-0.5,5,-0.5121951219512195,-1.0,medium,M,2.0,-0.7192026164148887,1
1436,F,Ship,1.0,5,-1.3902439024390243,1.0,medium,F,-0.6666666666666666,-0.8437938015885376,1
1437,A,Ship,0.0,3,-0.8780487804878049,2.5,low,M,-0.16666666666666666,-0.8378757202927893,1
1438,B,Ship,0.0,3,-0.7439024390243902,0.0,medium,M,-0.8333333333333334,-0.9512536988008098,1
1439,C,Ship,-0.5,4,-0.6585365853658537,1.0,low,F,2.0,-0.8537610964024295,1
1440,F,Ship,0.0,3,0.036585365853658534,0.0,medium,F,1.5,-0.2195919638685563,1
1441,D,Ship,-0.5,2,0.7195121951219512,0.0,low,M,2.0,-0.21336240460987385,1
1442,F,Ship,-0.5,4,-0.9878048780487805,0.0,low,M,1.6666666666666667,-0.9225977262108706,1
1443,A,Ship,-0.5,4,-0.7195121951219512,1.0,low,M,2.0,-0.7051861080828531,1
1444,B,Ship,0.5,3,-0.36585365853658536,1.0,medium,F,-0.8333333333333334,-0.10932876498987697,1
1445,C,Ship,0.5,5,0.1951219512195122,0.0,medium,M,2.0,-0.1681980999844261,1
1446,F,Ship,-0.5,4,0.4878048780487805,0.0,high,M,2.0,-0.1903130353527488,1
1447,D,Ship,0.0,5,-1.2926829268292683,2.5,medium,M,2.0,-0.7061205419716555,1
1448,F,Ship,0.0,4,-0.7317073170731707,0.0,low,M,2.0,-0.8665316928827286,1
1449,A,Ship,0.5,3,-0.45121951219512196,0.0,low,F,-1.0,-0.6955302912318954,1
1450,B,Ship,-0.5,3,-0.6341463414634146,-1.0,medium,M,2.0,-0.923532160099673,1
1451,C,Ship,-0.5,4,0.8658536585365854,2.5,low,F,2.0,-0.5918081295748325,1
1452,F,Ship,-0.5,2,0.524390243902439,0.0,low,F,-0.16666666666666666,-0.16477184239215076,1
1453,D,Ship,0.0,5,-0.8658536585365854,0.0,low,F,2.0,-0.6936614234542906,1
1454,F,Ship,1.0,3,0.10975609756097561,2.5,medium,M,2.0,-0.3641177386699891,1
1455,A,Ship,-0.5,5,0.1951219512195122,-1.0,low,M,2.0,-0.09624669054664382,1
1456,B,Ship,0.0,5,0.32926829268292684,1.0,medium,M,2.0,-0.3971344027410061,1
1457,C,Ship,-0.5,5,-0.7073170731707317,0.0,medium,M,2.0,-0.8487774489954836,1
1458,F,Ship,0.0,4,0.21951219512195122,1.0,low,M,2.0,-0.2220837875720293,1
1459,D,Ship,-0.5,2,0.2073170731707317,0.0,low,M,2.0,-0.06136115869802212,1
1460,F,Ship,-0.5,4,-0.3780487804878049,-1.0,medium,F,2.0,-0.6450708612365675,1
1461,A,Ship,0.0,1,0.3170731707317073,0.0,low,M,2.0,-0.5354306182837564,1
1462,B,Ship,0.0,4,0.04878048780487805,-1.0,medium,M,2.0,-0.4127083008877122,1
1463,C,Ship,0.5,1,0.4146341463414634,0.0,low,M,2.0,-0.09936147017598505,1
1464,F,Ship,0.0,3,-0.5365853658536586,-1.0,medium,F,2.0,-0.6755957016041115,1
1465,D,Ship,-0.5,2,0.14634146341463414,0.0,low,M,0.6666666666666666,-0.137361781653948,1
1466,F,Ship,0.0,3,0.21951219512195122,0.0,low,M,0.6666666666666666,-0.4750038934745367,1
1467,A,Ship,0.0,1,-0.2682926829268293,0.0,low,F,1.3333333333333333,-0.21460831646161035,1
1468,B,Ship,-0.5,5,0.43902439024390244,1.0,low,F,0.6666666666666666,-0.21336240460987385,1
1469,C,Ship,0.5,5,0.12195121951219512,0.0,medium,F,2.0,-0.5765457093910605,1
1470,F,Ship,-0.5,3,-0.573170731707317,0.0,medium,F,2.0,-0.8677776047344651,1
1471,D,Ship,-1.0,3,-1.1097560975609757,-1.0,medium,M,0.6666666666666666,-0.8615480454757826,1
1472,F,Ship,0.5,2,0.35365853658536583,-1.0,medium,F,-0.5,-0.14577168665316928,1
1473,A,Ship,0.0,3,0.23170731707317074,-1.0,low,F,2.0,-0.44136427347765145,1
1474,B,Ship,-0.5,3,-0.15853658536585366,-1.0,high,M,2.0,-0.25198567201370503,1
1475,C,Ship,-0.5,1,0.1951219512195122,-1.0,medium,F,1.8333333333333333,-0.4102164771842392,1
1476,F,Ship,0.0,3,0.6951219512195121,0.0,low,M,2.0,-0.35913409126304313,1
1477,D,Ship,0.0,1,-0.6707317073170732,0.0,medium,M,1.0,-0.842236411773867,1
1478,F,Ship,-0.5,3,0.4268292682926829,0.0,low,M,2.0,-0.24108394331101074,1
1479,A,Ship,-0.5,4,-0.9390243902439024,0.0,medium,F,1.6666666666666667,-0.9148107771375176,1
1480,B,Ship,-0.5,5,0.13414634146341464,0.0,medium,M,0.16666666666666666,-0.10465659554586514,1
1481,C,Road,0.0,1,0.14634146341463414,0.0,low,F,2.0,-0.6036442921663292,1
1482,F,Road,0.0,4,-0.4878048780487805,0.0,low,M,2.0,-0.9369257125058402,1
1483,D,Road,0.5,2,0.6097560975609756,2.0,low,F,2.0,-0.32113377978508023,1
1484,F,Road,0.0,4,-0.7682926829268293,0.0,medium,F,-0.16666666666666666,-0.6911695997508176,1
1485,A,Road,-0.5,1,-0.4146341463414634,-1.0,low,F,2.0,-0.8808596791776981,1
1486,B,Road,-0.5,4,-0.7926829268292683,-1.0,medium,F,2.0,-0.9559258682448217,1
1487,C,Road,-0.5,1,-0.06097560975609756,0.0,low,F,2.0,-0.3015106681202305,1
1488,F,Road,1.0,1,0.06097560975609756,2.5,low,F,0.5,-0.549447126615792,1
1489,D,Road,0.0,3,-0.6097560975609756,0.0,low,M,2.0,-0.7067434978975238,1
1490,F,Road,-0.5,1,0.6585365853658537,0.0,medium,M,-0.6666666666666666,-0.34542906089394176,1
1491,A,Road,0.0,4,-0.12195121951219512,1.0,medium,F,2.0,-0.5095779473602242,1
1492,B,Road,0.5,5,0.14634146341463414,0.0,medium,M,2.0,-0.47438093754866845,1
1493,C,Road,0.5,1,-1.329268292682927,2.0,low,M,-1.0,-0.9493848310232051,1
1494,F,Road,0.0,5,-0.7439024390243902,0.0,low,M,0.5,-0.923843638062607,1
1495,D,Road,-0.5,5,-0.2682926829268293,-1.0,medium,F,-0.3333333333333333,-0.5637751129107615,1
1496,F,Road,0.0,3,-0.18292682926829268,-1.0,low,F,2.0,-0.4802990188444168,1
1497,A,Road,0.5,2,-0.7073170731707317,1.0,medium,M,2.0,-0.9173026008409905,1
1498,B,Road,-0.5,2,-0.4146341463414634,-1.0,low,M,2.0,-0.715153402896745,1
1499,C,Road,0.0,5,-0.6341463414634146,-1.0,medium,M,2.0,-0.7783834293723719,1
1500,F,Road,0.5,5,0.8536585365853658,2.5,low,M,0.3333333333333333,-0.07382027721538702,1
1501,D,Road,0.0,1,0.6951219512195121,-1.0,high,M,2.0,-0.27410060738202774,1
1502,F,Road,-0.5,1,0.6707317073170732,-1.0,medium,M,2.0,-0.6086279395732752,1
1503,A,Flight,-0.5,4,-0.9634146341463414,0.0,low,M,0.6666666666666666,-0.7503504127083009,1
1504,B,Flight,0.5,2,-0.17073170731707318,-1.0,low,F,-0.8333333333333334,-0.6460052951253699,1
1505,C,Flight,0.5,2,-0.0975609756097561,2.5,medium,M,2.0,-0.6643824949384831,1
1506,F,Flight,0.0,2,0.18292682926829268,1.0,low,F,2.0,-0.19654259461143125,1
1507,D,Flight,0.5,3,0.6463414634146342,0.0,low,M,2.0,-0.23547733997819653,1
1508,F,Flight,0.0,1,-0.9634146341463414,-1.0,medium,F,2.0,-0.8341379847375798,1
1509,A,Flight,0.0,5,0.5487804878048781,-1.0,medium,M,1.3333333333333333,-0.5506930384675284,1
1510,B,Flight,-0.5,3,0.10975609756097561,-1.0,medium,M,2.0,-0.1641488864662825,1
1511,C,Flight,-0.5,4,0.3780487804878049,1.0,low,M,2.0,-0.5030369101386077,1
1512,F,Flight,0.0,4,-0.08536585365853659,0.0,low,M,2.0,-0.47095467995639306,1
1513,D,Flight,0.5,3,-0.524390243902439,0.0,medium,M,2.0,-0.8861548045475782,1
1514,F,Flight,-0.5,5,-1.024390243902439,2.0,low,F,2.0,-0.7033172403052484,1
1515,A,Flight,-0.5,2,0.32926829268292684,0.0,medium,F,2.0,-0.07070549758604579,1
1516,B,Flight,0.0,4,0.573170731707317,0.0,low,F,2.0,-0.14670612054197166,1
1517,C,Flight,-0.5,5,-0.3902439024390244,0.0,medium,M,2.0,-0.17255879146550382,1
1518,F,Flight,-0.5,2,0.6829268292682927,1.0,high,M,2.0,-0.11867310387790064,1
1519,D,Flight,-0.5,5,-0.6951219512195121,1.0,medium,M,2.0,-0.6790219591963869,1
1520,F,Flight,-0.5,3,-0.5121951219512195,1.0,low,F,2.0,-0.6727923999377045,1
1521,A,Flight,-0.5,3,-0.10975609756097561,-1.0,medium,F,-0.8333333333333334,-0.38592119607537767,1
1522,B,Flight,0.0,5,0.6585365853658537,0.0,medium,M,0.0,-0.1641488864662825,1
1523,C,Flight,-0.5,1,-0.7073170731707317,0.0,medium,F,-1.0,-0.8198099984426102,1
1524,F,Flight,-0.5,5,-0.14634146341463414,-1.0,low,F,-0.5,-0.24201837719981312,1
1525,D,Ship,-0.5,1,0.4268292682926829,0.0,low,F,2.0,-0.27160878367855473,1
1526,F,Ship,-0.5,2,-0.8902439024390244,0.0,medium,F,2.0,-0.7313502569693194,1
1527,A,Ship,-0.5,1,0.1951219512195122,-1.0,medium,M,2.0,-0.15667341535586357,1
1528,B,Ship,0.5,5,0.18292682926829268,-1.0,medium,F,2.0,-0.09500077869490733,1
1529,C,Ship,0.0,5,-0.8292682926829268,1.0,low,F,2.0,-0.7920884597414732,1
1530,F,Ship,-0.5,3,-0.6341463414634146,-1.0,low,F,2.0,-0.7755801277059649,1
1531,D,Ship,0.5,2,0.32926829268292684,0.0,low,M,2.0,-0.1264600529512537,1
1532,F,Ship,-0.5,4,0.6951219512195121,-1.0,low,M,1.1666666666666667,-0.6185952343871671,1
1533,A,Ship,-0.5,5,-0.5853658536585366,0.0,high,F,2.0,-0.9444011836162591,1
1534,B,Ship,-0.5,1,-0.524390243902439,0.0,medium,M,2.0,-0.9574832580594923,1
1535,C,Ship,-0.5,5,-0.5487804878048781,-1.0,low,F,2.0,-0.9743030680579349,1
1536,F,Ship,-0.5,1,-0.9390243902439024,0.0,low,M,2.0,-0.7905310699268027,1
1537,D,Ship,-0.5,4,-0.036585365853658534,0.0,low,M,2.0,-0.1541815916523906,1
1538,F,Ship,0.0,5,-0.524390243902439,0.0,medium,F,-0.8333333333333334,-0.9453356175050616,1
1539,A,Ship,0.0,4,-0.8780487804878049,1.0,medium,M,-0.8333333333333334,-0.8372527643669211,1
1540,B,Ship,-0.5,2,-0.36585365853658536,1.0,medium,F,0.5,-0.3666095623734621,1
1541,C,Ship,1.0,5,-1.2560975609756098,2.5,high,F,2.0,-0.9135648652857811,1
1542,F,Ship,-1.0,5,0.7804878048780488,1.0,low,M,2.0,-0.22831334683071172,1
1543,D,Ship,-0.5,5,-0.6585365853658537,-1.0,medium,F,2.0,-0.8266625136271609,1
1544,F,Ship,-0.5,4,-0.024390243902439025,-1.0,medium,F,2.0,-0.053885687587603176,1
1545,A,Ship,-0.5,5,-0.47560975609756095,-1.0,low,M,2.0,-0.9649587291699112,1
1546,B,Ship,0.0,3,0.45121951219512196,0.0,medium,F,2.0,-0.4725120697710637,1
1547,C,Ship,-0.5,3,-0.10975609756097561,-1.0,low,F,1.3333333333333333,-0.28593676997352435,1
1548,F,Ship,0.5,5,-0.6219512195121951,0.0,low,M,2.0,-0.8138919171468618,1
1549,D,Ship,0.0,1,0.7073170731707317,-1.0,low,M,2.0,-0.6600218034574054,1
1550,F,Ship,0.0,1,-0.975609756097561,0.0,medium,F,2.0,-0.7260551315994394,1
1551,A,Ship,0.5,5,0.5487804878048781,-1.0,medium,M,2.0,-0.4877744899548357,1
1552,B,Ship,-0.5,3,0.3902439024390244,0.0,medium,F,2.0,-0.06354150443856098,1
1553,C,Ship,0.0,1,-0.036585365853658534,-1.0,medium,F,2.0,-0.3270518610808285,1
1554,F,Ship,0.0,2,-0.2926829268292683,-1.0,medium,F,-0.16666666666666666,-0.17255879146550382,1
1555,D,Ship,0.0,5,0.23170731707317074,2.0,medium,F,2.0,-0.46752842236411774,1
1556,F,Ship,0.5,4,-0.18292682926829268,-1.0,high,F,2.0,-0.49711882884285935,1
1557,A,Ship,0.5,2,-0.2804878048780488,0.0,high,F,2.0,-0.6606447593832736,1
1558,B,Ship,0.0,1,-0.8048780487804879,0.0,low,M,2.0,-0.753153714374708,1
1559,C,Ship,-1.0,5,-0.45121951219512196,2.5,medium,F,2.0,-0.7403831178944089,1
1560,F,Ship,-0.5,1,-0.524390243902439,-1.0,low,M,-1.0,-0.7849244665939885,1
1561,D,Ship,-0.5,3,0.2804878048780488,0.0,medium,M,2.0,-0.1208534496184395,1
1562,F,Ship,0.0,4,0.6219512195121951,0.0,medium,F,2.0,-0.26226444479053107,1
1563,A,Ship,0.0,2,-0.9512195121951219,-1.0,medium,M,2.0,-0.8603021336240461,1
1564,B,Ship,-0.5,1,-0.8414634146341463,-1.0,high,M,2.0,-0.7157763588226133,1
1565,C,Ship,0.0,1,0.2926829268292683,-1.0,low,F,-0.6666666666666666,-0.5942999532783055,1
1566,F,Ship,0.0,4,-0.04878048780487805,0.0,medium,F,1.1666666666666667,-0.1504438560971811,1
1567,D,Ship,0.5,1,-0.6707317073170732,1.0,low,M,2.0,-0.8945647095467996,1
1568,F,Ship,0.0,1,0.21951219512195122,-1.0,medium,F,2.0,-0.26444479053106995,1
1569,A,Ship,-0.5,2,-0.4878048780487805,0.0,low,M,-0.5,-0.8758760317707522,1
1570,B,Ship,0.5,1,-1.0365853658536586,2.0,medium,M,2.0,-0.8381871982557234,1
1571,C,Ship,-0.5,3,-0.15853658536585366,1.0,medium,M,0.0,-0.5762342314281265,1
1572,F,Ship,0.5,2,-0.7682926829268293,1.0,low,M,0.8333333333333334,-0.9356798006541037,1
1573,D,Ship,-1.0,1,0.4634146341463415,0.0,low,F,0.8333333333333334,-0.4201837719981311,1
1574,F,Ship,0.5,3,-0.7073170731707317,0.0,medium,M,2.0,-0.9129419093599128,1
1575,A,Ship,1.0,3,0.012195121951219513,2.0,low,M,1.0,-0.0778694907335306,1
1576,B,Ship,0.0,4,-0.7439024390243902,0.0,low,M,1.0,-0.8556299641800342,1
1577,C,Ship,0.5,1,0.573170731707317,0.0,low,M,2.0,-0.2040180657218502,1
1578,F,Ship,0.5,4,0.5975609756097561,0.0,medium,M,2.0,-0.4806104968073509,1
1579,D,Ship,0.5,4,-0.7439024390243902,2.5,medium,M,2.0,-0.9553029123189535,1
1580,F,Ship,-0.5,5,-0.9390243902439024,0.0,high,F,2.0,-0.7269895654882417,1
1581,A,Ship,-0.5,5,0.6829268292682927,2.0,low,M,2.0,-0.12832892072885843,1
1582,B,Ship,0.5,1,-0.573170731707317,-1.0,low,M,2.0,-0.7054975860457873,1
1583,C,Ship,-0.5,3,-0.8658536585365854,0.0,low,M,2.0,-0.7846129886310543,1
1584,F,Ship,0.5,5,0.0,0.0,low,F,2.0,-0.659087369568603,1
1585,D,Ship,-1.0,2,-0.3902439024390244,-1.0,medium,F,1.1666666666666667,-0.12396822924778073,1
1586,F,Ship,-0.5,5,0.24390243902439024,-1.0,high,M,-0.5,-0.45102009032860924,1
1587,A,Ship,0.0,5,-0.4024390243902439,-1.0,medium,M,2.0,-0.5949229092041738,1
1588,B,Ship,-1.0,4,-0.6341463414634146,0.0,low,F,2.0,-0.8070394019623112,1
1589,C,Ship,0.5,4,-0.35365853658536583,1.0,medium,M,2.0,-0.18190313035352748,1
1590,F,Ship,0.0,2,-0.18292682926829268,-1.0,medium,F,-0.5,-0.24855941442142968,1
1591,D,Ship,0.0,1,0.7073170731707317,0.0,medium,M,2.0,-0.41924933810932874,1
1592,F,Ship,0.5,3,0.4634146341463415,-1.0,low,M,0.6666666666666666,-0.34667497274567827,1
1593,A,Ship,0.0,5,-0.7073170731707317,0.0,low,F,-0.8333333333333334,-0.9412864039869179,1
1594,B,Ship,0.0,2,-0.5,0.0,medium,F,2.0,-0.9123189534340446,1
1595,C,Ship,-0.5,2,-0.8048780487804879,1.0,medium,F,2.0,-0.8805482012147641,1
1596,F,Ship,0.0,3,-0.6829268292682927,0.0,medium,F,2.0,-0.9163681669521881,1
1597,D,Ship,0.5,2,0.573170731707317,0.0,low,M,2.0,-0.24824793645849555,1
1598,F,Ship,-1.0,4,-1.329268292682927,-1.0,medium,M,2.0,-0.7606291854851269,1
1599,A,Ship,-0.5,5,-0.25609756097560976,0.0,high,F,2.0,-0.2445102009032861,1
1600,B,Ship,-0.5,3,-0.1951219512195122,0.0,low,M,2.0,-0.5304469708768105,1
1601,C,Ship,0.0,5,-0.012195121951219513,0.0,medium,F,2.0,-0.32019934589627785,1
1602,F,Ship,0.0,1,0.36585365853658536,0.0,low,M,2.0,-0.3351502881171157,1
1603,D,Ship,1.0,4,0.32926829268292684,2.5,high,F,2.0,-0.4183149042205264,1
1604,F,Ship,0.0,5,0.7804878048780488,2.5,low,M,-0.5,-0.07475471110418938,1
1605,A,Ship,-1.0,2,-0.8414634146341463,-1.0,low,M,-1.0,-0.9415978819498521,1
1606,B,Ship,0.5,2,-0.9024390243902439,1.0,high,M,2.0,-0.9263354617660801,1
1607,C,Ship,0.0,4,-0.06097560975609756,0.0,medium,M,2.0,-0.34978975237501947,1
1608,F,Ship,-0.5,3,0.23170731707317074,0.0,medium,M,2.0,-0.6058246379068681,1
1609,D,Ship,-0.5,1,0.15853658536585366,0.0,medium,M,2.0,-0.25323158386544153,1
1610,F,Ship,0.5,1,0.5365853658536586,-1.0,medium,F,2.0,-0.13580439183927737,1
1611,A,Ship,0.5,4,0.5487804878048781,0.0,low,F,2.0,-0.1336240460987385,1
1612,B,Ship,-0.5,5,-0.7439024390243902,-1.0,low,F,2.0,-0.7986294969630898,1
1613,C,Ship,-0.5,5,-0.4024390243902439,0.0,medium,M,2.0,-0.17878835072418625,1
1614,F,Ship,0.0,4,-0.8658536585365854,2.5,medium,F,2.0,-0.8733842080672792,1
1615,D,Ship,0.5,2,-1.2560975609756098,2.0,medium,M,-0.6666666666666666,-0.7593832736333904,1
1616,F,Ship,0.0,5,-0.1951219512195122,-1.0,medium,M,2.0,-0.41395421273944866,1
1617,A,Ship,-0.5,4,-1.1341463414634145,0.0,low,F,2.0,-0.7905310699268027,1
1618,B,Road,-0.5,2,-0.12195121951219512,0.0,medium,M,2.0,-0.4226755957016041,1
1619,C,Road,0.0,4,-0.13414634146341464,2.0,low,M,2.0,-0.07382027721538702,1
1620,F,Road,0.0,1,-0.573170731707317,0.0,low,F,0.5,-0.7889736801121321,1
1621,D,Road,0.0,1,0.6829268292682927,0.0,medium,F,2.0,-0.5429060893941754,1
1622,F,Road,0.5,2,0.5609756097560976,-1.0,high,M,2.0,-0.6637595390126149,1
1623,A,Road,-0.5,1,-0.4146341463414634,0.0,high,F,2.0,-0.9662046410216477,1
1624,B,Road,-0.5,4,-0.6951219512195121,-1.0,medium,M,0.8333333333333334,-0.7646783990032705,1
1625,C,Road,-0.5,3,-0.7073170731707317,2.5,low,M,2.0,-0.7933343715932097,1
1626,F,Road,0.0,4,0.2682926829268293,2.5,medium,M,2.0,-0.5821523127238748,1
1627,D,Road,0.5,2,0.3170731707317073,2.5,medium,F,2.0,-0.4488397445880704,1
1628,F,Road,0.0,2,-1.3414634146341464,2.5,medium,F,2.0,-0.8444167575144058,1
1629,A,Road,0.0,2,-0.9024390243902439,0.0,medium,F,2.0,-0.7254321756735711,1
1630,B,Road,-0.5,2,-0.7804878048780488,0.0,medium,M,2.0,-0.8705809064008722,1
1631,C,Road,1.0,2,0.8780487804878049,2.5,medium,F,2.0,-0.24513315682915435,1
1632,F,Road,0.5,5,0.12195121951219512,2.5,low,F,2.0,-0.2700513938638841,1
1633,D,Road,-0.5,4,-0.12195121951219512,0.0,low,F,2.0,-0.2878056377511291,1
1634,F,Road,0.5,2,0.6341463414634146,2.5,low,F,0.8333333333333334,-0.6519233764211182,1
1635,A,Road,1.0,3,0.32926829268292684,2.5,high,F,0.16666666666666666,-0.08441052795514717,1
1636,B,Road,0.0,2,0.7804878048780488,2.5,low,F,2.0,-0.5665784145771686,1
1637,C,Road,-1.0,1,-0.8414634146341463,-1.0,low,F,2.0,-0.9257125058402118,1
1638,F,Road,0.5,4,-0.9024390243902439,1.0,high,F,-0.3333333333333333,-0.9403519700981156,1
1639,D,Road,0.0,4,-0.06097560975609756,0.0,medium,F,2.0,-0.4388724497741785,1
1640,F,Flight,-0.5,1,0.23170731707317074,0.0,medium,M,-1.0,-0.437626537922442,1
1641,A,Flight,-0.5,2,0.15853658536585366,0.0,medium,M,2.0,-0.5600373773555521,1
1642,B,Flight,0.5,4,0.5365853658536586,-1.0,medium,F,2.0,-0.3958884908892696,1
1643,C,Flight,0.5,3,0.5487804878048781,0.0,low,F,2.0,-0.25354306182837566,1
1644,F,Flight,-0.5,3,-0.7439024390243902,-1.0,low,F,2.0,-0.8786793334371593,1
1645,D,Flight,-0.5,2,-0.4024390243902439,0.0,medium,M,2.0,-0.11306650054508643,1
1646,F,Flight,0.0,4,-0.8658536585365854,2.5,medium,M,0.8333333333333334,-0.8793022893630276,1
1647,A,Flight,0.5,4,-1.2560975609756098,2.0,medium,F,2.0,-0.7980065410372216,1
1648,B,Flight,0.0,4,-0.1951219512195122,-1.0,medium,M,2.0,-0.11275502258215231,1
1649,C,Flight,-0.5,5,-1.1341463414634145,0.0,low,F,0.5,-0.7624980532627317,1
1650,F,Flight,-0.5,4,-0.12195121951219512,0.0,medium,F,2.0,-0.4289051549602866,1
1651,D,Flight,0.0,2,-0.13414634146341464,2.0,low,F,2.0,-0.32736333904376264,1
1652,F,Flight,0.0,1,-0.573170731707317,0.0,low,F,2.0,-0.7372683382650678,1
1653,A,Flight,0.0,5,0.6829268292682927,0.0,medium,M,2.0,-0.300264756268494,1
1654,B,Flight,0.5,3,0.5609756097560976,-1.0,high,F,2.0,-0.44665939884753153,1
1655,C,Flight,-0.5,3,-0.4146341463414634,0.0,high,F,2.0,-0.7677931786326118,1
1656,F,Flight,-0.5,3,-0.6951219512195121,-1.0,medium,F,2.0,-0.8668431708456626,1
1657,D,Flight,-0.5,5,-0.7073170731707317,2.5,low,M,2.0,-0.8849088926958417,1
1658,F,Flight,0.0,5,0.2682926829268293,2.5,medium,F,2.0,-0.10621398536053574,1
1659,A,Flight,0.5,2,0.3170731707317073,2.5,medium,F,2.0,-0.6151689767948918,1
1660,B,Flight,0.0,1,-1.3414634146341464,2.5,medium,F,2.0,-0.9549914343560193,1
1661,C,Flight,0.0,4,-0.9024390243902439,0.0,medium,F,-0.5,-0.8353838965893163,1
1662,F,Ship,-0.5,2,-0.7804878048780488,0.0,medium,F,-0.5,-0.6973991590095001,1
1663,D,Ship,1.0,1,0.8780487804878049,2.5,medium,F,0.0,-0.5640865908736957,1
1664,F,Ship,0.5,5,0.12195121951219512,2.5,low,F,2.0,-0.4740694595857343,1
1665,A,Ship,-0.5,5,-0.12195121951219512,0.0,low,F,2.0,-0.5095779473602242,1
1666,B,Ship,0.5,2,0.6341463414634146,2.5,low,M,2.0,-0.5746768416134559,1
1667,C,Ship,0.0,5,0.6585365853658537,0.0,low,F,2.0,-0.6435134714218969,1
1668,F,Ship,0.0,5,0.6463414634146342,1.0,low,M,2.0,-0.31677308830400247,1
1669,D,Ship,-0.5,5,0.10975609756097561,1.0,low,F,2.0,-0.06572185017909983,1
1670,F,Ship,0.5,5,-0.6097560975609756,2.0,low,M,2.0,-0.7802522971499767,1
1671,A,Ship,0.0,2,-0.06097560975609756,1.0,low,F,0.5,-0.24264133312568137,1
1672,B,Ship,-0.5,2,-0.2682926829268293,0.0,low,F,2.0,-0.3008877121943622,1
1673,C,Ship,-0.5,2,0.5609756097560976,0.0,medium,M,2.0,-0.3971344027410061,1
1674,F,Ship,-1.0,1,-0.9390243902439024,2.0,medium,F,-0.6666666666666666,-0.969319420650989,1
1675,D,Ship,-0.5,3,0.6463414634146342,-1.0,low,M,1.8333333333333333,-0.5338732284690858,1
1676,F,Ship,-0.5,3,-1.2560975609756098,0.0,medium,M,2.0,-0.7590717956704564,1
1677,A,Ship,-0.5,4,0.3170731707317073,-1.0,medium,F,-0.8333333333333334,-0.1308207444323314,1
1678,B,Ship,0.5,1,0.24390243902439024,0.0,medium,M,2.0,-0.25198567201370503,1
1679,C,Ship,0.0,2,-0.2926829268292683,-1.0,medium,M,2.0,-0.49400404921351815,1
1680,F,Ship,0.5,2,0.6219512195121951,-1.0,high,M,2.0,-0.5401027877277682,1
1681,D,Ship,-0.5,4,-0.3048780487804878,0.0,medium,F,2.0,-0.2046410216477184,1
1682,F,Ship,-1.0,1,-1.1341463414634145,0.0,medium,M,2.0,-0.9422208378757203,1
1683,A,Ship,0.0,3,-1.3780487804878048,2.5,low,M,2.0,-0.8736956860302134,1
1684,B,Ship,-0.5,3,0.43902439024390244,0.0,medium,M,0.3333333333333333,-0.435134714218969,1
1685,C,Ship,0.0,2,0.4024390243902439,0.0,medium,F,2.0,-0.6076935056844728,1
1686,F,Ship,0.0,4,-0.6341463414634146,0.0,medium,M,2.0,-0.9484503971344027,1
1687,D,Ship,-1.0,2,0.06097560975609756,0.0,low,F,2.0,-0.1685095779473602,1
1688,F,Ship,0.5,1,0.5365853658536586,-1.0,medium,F,2.0,-0.1345584799875409,1
1689,A,Ship,0.5,4,0.08536585365853659,-1.0,low,F,2.0,-0.2195919638685563,1
1690,B,Ship,-1.0,4,-0.9390243902439024,0.0,high,F,2.0,-0.9260239838031459,1
1691,C,Ship,-0.5,4,-0.4878048780487805,-1.0,medium,M,2.0,-0.8469085812178788,1
1692,F,Ship,0.0,2,-0.3048780487804878,0.0,medium,M,-0.16666666666666666,-0.1488864662825105,1
1693,D,Ship,0.0,4,-0.024390243902439025,1.0,medium,F,-0.8333333333333334,-0.09936147017598505,1
1694,F,Ship,1.0,1,-0.3780487804878049,-1.0,low,M,2.0,-0.0570004672169444,1
1695,A,Ship,-0.5,1,-0.4146341463414634,-1.0,low,M,2.0,-0.7581373617816539,1
1696,B,Ship,0.5,5,-0.7804878048780488,2.0,medium,F,2.0,-0.9524996106525463,1
1697,C,Ship,0.0,3,0.3902439024390244,0.0,medium,F,2.0,-0.5323158386544152,1
1698,F,Ship,-0.5,2,0.5975609756097561,0.0,high,F,2.0,-0.10808285313814048,1
1699,D,Ship,0.0,4,-0.12195121951219512,-1.0,low,M,2.0,-0.3762653792244199,1
1700,F,Ship,-0.5,2,0.10975609756097561,1.0,low,F,2.0,-0.06042672480921975,1
1701,A,Ship,-0.5,3,-0.25609756097560976,-1.0,low,F,2.0,-0.48839744588070394,1
1702,B,Ship,-0.5,1,-0.926829268292683,0.0,low,F,2.0,-0.6961532471577636,1
1703,C,Ship,0.5,2,-0.3170731707317073,0.0,medium,F,2.0,-0.04890204018065722,1
1704,F,Ship,0.0,3,-0.15853658536585366,0.0,low,F,2.0,-0.15823080517053417,1
1705,D,Ship,-0.5,3,0.3780487804878049,-1.0,medium,F,1.5,-0.48964335773244044,1
1706,F,Ship,-0.5,2,0.5853658536585366,0.0,low,M,2.0,-0.31116648497118826,1
1707,A,Ship,0.0,4,-0.8170731707317073,2.0,medium,F,2.0,-0.704874630119919,1
1708,B,Ship,-0.5,1,0.4878048780487805,0.0,medium,F,2.0,-0.3687899081140009,1
1709,C,Ship,0.0,2,-0.012195121951219513,1.0,low,F,2.0,-0.6120541971655505,1
1710,F,Ship,-0.5,3,-0.7560975609756098,-1.0,low,M,2.0,-0.7737112599283601,1
1711,D,Ship,0.0,1,0.15853658536585366,0.0,low,M,2.0,-0.055131599439339665,1
1712,F,Ship,-1.0,5,-0.0975609756097561,0.0,low,F,2.0,-0.3753309453356175,1
1713,A,Ship,-0.5,4,0.34146341463414637,2.0,low,M,-0.3333333333333333,-0.5737424077246535,1
1714,B,Ship,0.0,2,-0.17073170731707318,0.0,medium,M,2.0,-0.5179878523594456,1
1715,C,Ship,0.0,1,-0.8780487804878049,-1.0,low,M,2.0,-0.7681046565955458,1
1716,F,Ship,-0.5,3,0.7439024390243902,0.0,low,F,2.0,-0.631054352904532,1
1717,D,Ship,1.0,1,0.0975609756097561,2.0,medium,M,2.0,-0.3152156984893319,1
1718,F,Ship,-0.5,1,-1.3780487804878048,-1.0,medium,F,2.0,-0.923532160099673,1
1719,A,Ship,0.0,5,-0.43902439024390244,0.0,high,M,2.0,-0.6983335928983024,1
1720,B,Ship,-0.5,2,0.35365853658536583,0.0,medium,M,2.0,-0.06416446036442922,1
1721,C,Ship,-1.0,1,-0.45121951219512196,1.0,low,M,2.0,-0.9627783834293724,1
1722,F,Ship,-0.5,2,0.6829268292682927,0.0,medium,M,2.0,-0.5519389503192649,1
1723,D,Ship,0.5,3,-0.34146341463414637,1.0,medium,F,0.6666666666666666,-0.1473290764678399,1
1724,F,Ship,0.5,3,-0.9878048780487805,1.0,medium,F,2.0,-0.951565176763744,1
1725,A,Ship,-0.5,2,0.5975609756097561,1.0,medium,M,0.16666666666666666,-0.48279084254788973,1
1726,B,Ship,0.5,3,0.4146341463414634,0.0,medium,M,-0.5,-0.6048902040180657,1
1727,C,Ship,0.5,2,-0.7804878048780488,0.0,medium,M,2.0,-0.7294813891917147,1
1728,F,Ship,-0.5,4,-0.13414634146341464,1.0,medium,M,2.0,-0.1585422831334683,1
1729,D,Ship,-1.0,3,0.4268292682926829,-1.0,low,M,-1.0,-0.3874785858900483,1
1730,F,Ship,-0.5,3,0.2926829268292683,0.0,medium,M,2.0,-0.4014950942220838,1
1731,A,Ship,0.5,3,-0.4024390243902439,1.0,medium,F,2.0,-0.07973835851113534,1
1732,B,Ship,-0.5,3,-0.926829268292683,1.0,low,M,2.0,-0.8437938015885376,1
1733,C,Ship,0.0,3,-0.9146341463414634,0.0,medium,F,2.0,-0.8802367232518299,1
1734,F,Ship,-1.0,3,-0.2682926829268293,-1.0,low,F,2.0,-0.475938327363339,1
1735,D,Ship,0.5,4,0.32926829268292684,0.0,medium,M,2.0,-0.2071328453511914,1
1736,F,Ship,-0.5,2,-0.3170731707317073,0.0,low,F,2.0,-0.25354306182837566,1
1737,A,Ship,1.0,1,0.7804878048780488,-1.0,medium,F,0.8333333333333334,-0.6344806104968074,1
1738,B,Ship,0.0,1,-0.8536585365853658,-1.0,high,M,2.0,-0.9584176919482946,1
1739,C,Ship,0.0,5,-0.07317073170731707,-1.0,medium,M,2.0,-0.6164148886466283,1
1740,F,Ship,-0.5,2,-0.07317073170731707,-1.0,low,M,2.0,-0.6581529356798006,1
1741,D,Ship,0.0,3,-0.04878048780487805,0.0,medium,M,0.6666666666666666,-0.46534807662357885,1
1742,F,Ship,-0.5,3,0.2804878048780488,0.0,medium,M,2.0,-0.16321445257748016,1
1743,A,Ship,0.0,4,-0.2682926829268293,0.0,low,F,2.0,-0.5313814047656128,1
1744,B,Ship,1.0,2,-0.8658536585365854,2.0,low,M,1.6666666666666667,-0.6833826506774646,1
1745,C,Ship,-0.5,1,0.24390243902439024,0.0,high,F,2.0,-0.4837252764366921,1
1746,F,Ship,0.0,5,-0.8170731707317073,-1.0,low,M,1.6666666666666667,-0.9630898613923065,1
1747,D,Ship,0.5,1,0.14634146341463414,-1.0,low,M,1.8333333333333333,-0.4880859679177698,1
1748,F,Ship,0.0,5,0.5975609756097561,-1.0,low,M,2.0,-0.5862015262420184,1
1749,A,Ship,0.0,1,-0.8170731707317073,0.0,low,M,0.6666666666666666,-0.8456626693661423,1
1750,B,Ship,-0.5,1,-0.4878048780487805,1.0,low,M,1.8333333333333333,-0.9584176919482946,1
1751,C,Ship,-0.5,1,-0.8780487804878049,1.0,low,M,-0.5,-0.7992524528889581,1
1752,F,Ship,0.0,4,-0.9512195121951219,0.0,low,M,-0.16666666666666666,-0.7005139386388413,1
1753,D,Ship,-0.5,1,-0.2682926829268293,0.0,medium,M,2.0,-0.5890048279084255,1
1754,F,Ship,-0.5,2,-0.36585365853658536,2.0,high,F,2.0,-0.25323158386544153,1
1755,A,Road,1.0,5,0.5609756097560976,1.0,high,M,0.5,-0.43388880236723254,1
1756,B,Road,0.5,3,-0.6585365853658537,0.0,high,M,2.0,-0.6765301354929139,1
1757,C,Road,-0.5,1,0.5853658536585366,-1.0,low,F,2.0,-0.376576857187354,1
1758,F,Road,0.0,3,0.036585365853658534,0.0,low,M,2.0,-0.313035352748793,1
1759,D,Road,-0.5,2,0.6463414634146342,2.0,low,F,2.0,-0.4756268494004049,1
1760,F,Road,0.5,4,-0.23170731707317074,-1.0,low,M,-0.5,-0.32424855941442143,1
1761,A,Road,0.0,3,-0.7560975609756098,-1.0,medium,M,1.8333333333333333,-0.8135804391839278,1
1762,B,Road,0.0,5,-0.43902439024390244,0.0,low,F,2.0,-0.7643669210403364,1
1763,C,Road,0.0,2,-0.2926829268292683,1.0,medium,M,2.0,-0.6453823391995016,1
1764,F,Road,-0.5,5,0.8780487804878049,0.0,medium,F,0.8333333333333334,-0.10341068369412865,1
1765,D,Road,-1.0,1,-0.573170731707317,-1.0,low,M,2.0,-0.9736801121320666,1
1766,F,Road,-1.0,2,-0.8048780487804879,2.5,medium,F,2.0,-0.8939417536209313,1
1767,A,Road,0.0,3,0.04878048780487805,1.0,low,F,2.0,-0.049524996106525464,1
1768,B,Road,0.5,2,0.7073170731707317,-1.0,medium,F,2.0,-0.5989721227223174,1
1769,C,Road,0.0,3,-0.8170731707317073,-1.0,high,F,2.0,-0.8033016664071017,1
1770,F,Road,0.0,5,0.5975609756097561,0.0,medium,F,2.0,-0.13268961220993614,1
1771,D,Road,0.5,5,-0.3048780487804878,1.0,high,F,1.5,-0.1822146083164616,1
1772,F,Road,-0.5,3,0.34146341463414637,0.0,low,F,0.0,-0.3183304781186731,1
1773,A,Road,0.5,3,-0.12195121951219512,-1.0,low,M,2.0,-0.6129886310543529,1
1774,B,Road,-0.5,1,0.18292682926829268,0.0,medium,M,-0.8333333333333334,-0.05793490110574677,1
1775,C,Road,-0.5,5,-0.4146341463414634,-1.0,low,M,2.0,-0.8425478897368012,1
1776,F,Road,0.5,5,-0.2926829268292683,1.0,medium,M,0.8333333333333334,-0.37439651144681513,1
1777,D,Flight,1.0,1,-0.7317073170731707,2.0,medium,M,2.0,-0.7185796604890204,1
1778,F,Flight,0.0,3,-0.975609756097561,0.0,low,F,2.0,-0.6833826506774646,1
1779,A,Flight,-0.5,3,-0.0975609756097561,-1.0,medium,M,2.0,-0.18408347609406633,1
1780,B,Flight,-0.5,2,-0.5487804878048781,-1.0,medium,M,2.0,-0.8216788662202149,1
1781,C,Flight,0.0,2,0.2804878048780488,-1.0,medium,F,-0.16666666666666666,-0.3687899081140009,1
1782,F,Flight,0.0,4,-0.8292682926829268,-1.0,low,M,2.0,-0.8378757202927893,1
1783,D,Flight,0.5,2,-0.32926829268292684,0.0,medium,M,0.6666666666666666,-0.3778227690390905,1
1784,F,Flight,0.5,4,-0.0975609756097561,0.0,low,M,2.0,-0.6126771530914188,1
1785,A,Flight,0.5,3,-0.07317073170731707,1.0,medium,M,0.5,-0.5388568758760318,1
1786,B,Flight,0.0,2,-0.7926829268292683,1.0,low,M,2.0,-0.949073353060271,1
1787,C,Flight,1.0,2,-0.8048780487804879,1.0,low,M,2.0,-0.8216788662202149,1
1788,F,Flight,0.0,2,-0.9634146341463414,-1.0,low,M,2.0,-0.9774178476872761,1
1789,D,Flight,0.0,1,0.34146341463414637,0.0,medium,F,2.0,-0.18470643201993459,1
1790,F,Flight,0.5,2,0.2073170731707317,1.0,medium,M,2.0,-0.36038000311477963,1
1791,A,Flight,1.0,2,-0.10975609756097561,2.0,medium,F,2.0,-0.6637595390126149,1
1792,B,Flight,0.0,4,-0.9390243902439024,-1.0,medium,M,2.0,-0.8416134558479987,1
1793,C,Flight,-0.5,4,-0.14634146341463414,1.0,high,M,2.0,-0.15387011368945647,1
1794,F,Flight,-0.5,1,-0.6219512195121951,0.0,medium,M,2.0,-0.9792867154648809,1
1795,D,Flight,-1.0,2,-1.048780487804878,-1.0,low,M,1.6666666666666667,-0.7241862638218346,1
1796,F,Flight,-0.5,3,-0.5975609756097561,0.0,high,M,2.0,-0.8378757202927893,1
1797,A,Flight,0.0,1,0.34146341463414637,-1.0,low,M,2.0,-0.0570004672169444,1
1798,B,Flight,0.5,4,0.18292682926829268,-1.0,medium,M,0.3333333333333333,-0.150132378134247,1
1799,C,Ship,0.5,1,-0.2804878048780488,0.0,low,M,2.0,-0.1903130353527488,1
1800,F,Ship,-0.5,5,0.2073170731707317,-1.0,medium,M,2.0,-0.5631521569848933,1
1801,D,Ship,-0.5,1,-0.3780487804878049,0.0,medium,F,2.0,-0.08908269739915901,1
1802,F,Ship,-0.5,1,-0.23170731707317074,0.0,high,M,-0.3333333333333333,-0.27970721071484195,1
1803,A,Ship,-0.5,5,0.4268292682926829,-1.0,low,F,2.0,-0.6603332814203395,1
1804,B,Ship,-0.5,4,-0.7682926829268293,0.0,low,M,1.5,-0.974614546020869,1
1805,C,Ship,0.0,1,-0.9024390243902439,-1.0,low,M,2.0,-0.6849400404921352,1
1806,F,Ship,0.0,1,-0.7682926829268293,-1.0,medium,M,-0.16666666666666666,-0.9453356175050616,1
1807,D,Ship,-1.0,5,-1.2804878048780488,0.0,medium,M,0.8333333333333334,-0.7581373617816539,1
1808,F,Ship,0.5,1,-0.4146341463414634,-1.0,low,M,2.0,-0.9173026008409905,1
1809,A,Ship,0.0,1,-0.7682926829268293,2.0,high,M,2.0,-0.9347453667653014,1
1810,B,Ship,-1.0,1,-0.3170731707317073,0.0,low,M,2.0,-0.6363494782744121,1
1811,C,Ship,0.0,2,0.7317073170731707,-1.0,low,M,0.6666666666666666,-0.35383896589316305,1
1812,F,Ship,-0.5,5,-0.32926829268292684,-1.0,medium,F,2.0,-0.48310232051082386,1
1813,D,Ship,0.0,2,-0.35365853658536583,-1.0,medium,M,-0.5,-0.6033328142033951,1
1814,F,Ship,-0.5,4,-0.32926829268292684,-1.0,medium,M,2.0,-0.26755957016041115,1
1815,A,Ship,0.5,4,0.5609756097560976,0.0,low,M,2.0,-0.6248247936458495,1
1816,B,Ship,-0.5,3,-0.2804878048780488,0.0,low,M,-0.3333333333333333,-0.6671857966048902,1
1817,C,Ship,-0.5,4,-0.13414634146341464,-1.0,low,F,1.3333333333333333,-0.5818408347609406,1
1818,F,Ship,0.0,1,-0.8536585365853658,1.0,low,F,2.0,-0.7064320199345896,1
1819,D,Ship,0.5,2,0.8170731707317073,1.0,high,F,-0.3333333333333333,-0.24669054664382495,1
1820,F,Ship,-1.0,3,-0.5487804878048781,0.0,medium,M,2.0,-0.8939417536209313,1
1821,A,Ship,0.0,3,-0.15853658536585366,-1.0,medium,F,1.8333333333333333,-0.21429683849867623,1
1822,B,Ship,0.0,4,0.14634146341463414,2.0,medium,F,0.8333333333333334,-0.4488397445880704,1
1823,C,Ship,1.0,3,-0.4634146341463415,2.0,low,F,0.0,-0.7419405077090796,1
1824,F,Ship,-0.5,5,0.17073170731707318,1.0,medium,M,2.0,-0.5936769973524373,1
1825,D,Ship,0.0,5,0.5609756097560976,0.0,low,F,1.1666666666666667,-0.6472512069771064,1
1826,F,Ship,0.0,5,0.6585365853658537,0.0,low,M,1.6666666666666667,-0.33141255256190627,1
1827,A,Ship,0.0,5,-0.3170731707317073,0.0,low,F,-0.16666666666666666,-0.24544463479208847,1
1828,B,Ship,0.0,4,-0.012195121951219513,0.0,medium,M,0.6666666666666666,-0.6578414577168665,1
1829,C,Ship,0.0,4,0.5487804878048781,-1.0,medium,M,2.0,-0.6282510512381249,1
1830,F,Ship,-0.5,2,0.524390243902439,-1.0,high,F,2.0,-0.40523282977729325,1
1831,D,Ship,0.0,5,-0.6219512195121951,0.0,low,M,2.0,-0.9353683226911697,1
1832,F,Ship,-1.0,3,-0.036585365853658534,0.0,medium,F,0.8333333333333334,-0.2656907023828064,1
1833,A,Ship,-0.5,4,-0.5853658536585366,-1.0,medium,F,2.0,-0.8814826351035664,1
1834,B,Ship,-0.5,5,0.3780487804878049,1.0,high,F,2.0,-0.6469397290141723,1
1835,C,Ship,0.5,5,0.24390243902439024,-1.0,medium,M,2.0,-0.49867621865753,1
1836,F,Ship,0.0,2,0.24390243902439024,-1.0,high,M,2.0,-0.23547733997819653,1
1837,D,Ship,-0.5,1,-0.4146341463414634,0.0,low,M,2.0,-0.7198255723407568,1
1838,F,Ship,0.0,5,0.036585365853658534,1.0,medium,M,2.0,-0.6294969630898614,1
1839,A,Ship,0.0,1,0.47560975609756095,0.0,low,M,2.0,-0.16103410683694128,1
1840,B,Ship,-0.5,2,-0.3170731707317073,0.0,medium,M,-0.6666666666666666,-0.09718112443544619,1
1841,C,Ship,-1.0,3,0.7317073170731707,0.0,high,F,2.0,-0.09967294813891917,1
1842,F,Ship,-0.5,4,-0.9512195121951219,-1.0,medium,F,2.0,-0.9634013393552406,1
1843,D,Ship,-0.5,5,-0.8658536585365854,-1.0,low,M,1.6666666666666667,-0.8494004049213518,1
1844,F,Ship,-0.5,1,0.6463414634146342,0.0,low,F,2.0,-0.2778383429372372,1
1845,A,Ship,-0.5,4,-0.1951219512195122,-1.0,medium,F,2.0,-0.5865130042049524,1
1846,B,Ship,0.0,4,-0.15853658536585366,2.5,medium,M,1.6666666666666667,-0.6509889425323159,1
1847,C,Ship,-0.5,5,0.32926829268292684,2.5,medium,F,2.0,-0.44385609718112445,1
1848,F,Ship,0.5,1,0.6707317073170732,0.0,medium,F,-0.8333333333333334,-0.6270051393863885,1
1849,D,Ship,0.5,5,-1.1097560975609757,-1.0,low,F,2.0,-0.7774489954835695,1
1850,F,Ship,-0.5,2,-0.43902439024390244,-1.0,low,M,2.0,-0.8783678554742252,1
1851,A,Ship,-0.5,4,-0.13414634146341464,0.0,low,M,1.8333333333333333,-0.3183304781186731,1
1852,B,Ship,-0.5,1,-0.5487804878048781,2.5,medium,F,1.3333333333333333,-0.9475159632456004,1
1853,C,Ship,-0.5,5,-0.2926829268292683,2.5,medium,F,2.0,-0.4391839277371126,1
1854,F,Ship,-0.5,3,-0.2926829268292683,2.5,medium,F,0.0,-0.5447749571717801,1
1855,D,Ship,0.0,5,0.2926829268292683,2.5,medium,M,2.0,-0.18470643201993459,1
1856,F,Ship,0.5,5,0.4024390243902439,2.5,medium,F,2.0,-0.6052016819809999,1
1857,A,Ship,0.0,1,-0.2926829268292683,2.5,low,F,2.0,-0.1027877277682604,1
1858,B,Ship,-0.5,5,-0.5609756097560976,0.0,low,F,-0.3333333333333333,-0.936302756579972,1
1859,C,Ship,-1.0,2,-0.2926829268292683,0.0,low,M,2.0,-0.5510045164304626,1
1860,F,Ship,-1.0,5,-0.5365853658536586,2.5,low,M,1.1666666666666667,-0.857498831957639,1
1861,D,Ship,0.0,4,0.14634146341463414,2.5,low,M,0.3333333333333333,-0.6126771530914188,1
1862,F,Ship,0.5,1,0.5121951219512195,2.5,low,F,2.0,-0.09718112443544619,1
1863,A,Ship,-1.0,1,-1.3414634146341464,2.5,low,M,2.0,-0.7098582775268649,1
1864,B,Ship,0.0,1,-0.2682926829268293,0.0,medium,F,2.0,-0.24980532627316618,1
1865,C,Ship,0.0,3,-0.012195121951219513,0.0,medium,M,2.0,-0.17131287961376732,1
1866,F,Ship,0.0,2,0.5487804878048781,-1.0,medium,M,2.0,-0.5933655193895032,1
1867,D,Ship,-0.5,4,0.524390243902439,-1.0,high,M,1.3333333333333333,-0.05232829777293257,1
1868,F,Ship,0.0,3,-0.6219512195121951,0.0,low,M,2.0,-0.7033172403052484,1
1869,A,Ship,-1.0,3,-0.036585365853658534,0.0,medium,F,2.0,-0.09562373462077559,1
1870,B,Ship,-0.5,2,-0.5853658536585366,-1.0,medium,F,2.0,-0.7500389347453668,1
1871,C,Ship,-0.5,1,0.3780487804878049,1.0,high,F,2.0,-0.32331412552561906,1
1872,F,Ship,0.5,5,0.24390243902439024,-1.0,medium,F,2.0,-0.10185329387945803,1
1873,D,Ship,0.0,4,0.24390243902439024,-1.0,high,M,-0.8333333333333334,-0.6668743186419561,1
1874,F,Ship,-0.5,4,-0.4146341463414634,0.0,low,F,2.0,-0.7543996262264445,1
1875,A,Ship,0.0,5,0.036585365853658534,1.0,medium,F,0.8333333333333334,-0.6017754243887244,1
1876,B,Ship,0.0,5,0.47560975609756095,0.0,low,F,2.0,-0.3279862949696309,1
1877,C,Ship,-0.5,4,-0.3170731707317073,0.0,medium,F,2.0,-0.2890515496028656,1
1878,F,Ship,-1.0,2,0.7317073170731707,0.0,high,F,2.0,-0.6528578103099206,1
1879,D,Ship,-0.5,1,-0.9512195121951219,-1.0,medium,F,2.0,-0.8223018221460832,1
1880,F,Ship,-0.5,1,-0.8658536585365854,-1.0,low,F,2.0,-0.9042205263977574,1
1881,A,Ship,-0.5,4,0.6463414634146342,0.0,low,F,2.0,-0.3818719825572341,1
1882,B,Ship,-0.5,1,-0.1951219512195122,-1.0,medium,F,2.0,-0.1794113066500545,1
1883,C,Ship,0.0,1,-0.15853658536585366,2.5,medium,M,2.0,-0.23267403831178943,1
1884,F,Ship,-0.5,5,0.32926829268292684,2.5,medium,M,2.0,-0.3532160099672948,1
1885,D,Ship,0.5,4,0.6707317073170732,0.0,medium,F,2.0,-0.22862482479364585,1
1886,F,Ship,0.5,3,-1.1097560975609757,-1.0,low,F,2.0,-0.9596636038000311,1
1887,A,Ship,-0.5,4,-0.43902439024390244,-1.0,low,F,2.0,-0.923843638062607,1
1888,B,Ship,-0.5,5,-0.13414634146341464,0.0,low,F,2.0,-0.28593676997352435,1
1889,C,Ship,-0.5,2,-0.5487804878048781,2.5,medium,F,-0.5,-0.7737112599283601,1
1890,F,Ship,-0.5,4,-0.2926829268292683,2.5,medium,F,2.0,-0.6637595390126149,1
1891,D,Ship,-0.5,4,-0.2926829268292683,2.5,medium,F,2.0,-0.5475782588381872,1
1892,F,Road,0.0,5,0.2926829268292683,2.5,medium,F,2.0,-0.09001713128796138,1
1893,A,Road,0.5,1,0.4024390243902439,2.5,medium,F,2.0,-0.5519389503192649,1
1894,B,Road,0.0,3,-0.2926829268292683,2.5,low,M,2.0,-0.0666562840679022,1
1895,C,Road,-0.5,2,-0.5609756097560976,0.0,low,M,1.3333333333333333,-0.7123501012303379,1
1896,F,Road,-1.0,1,-0.2926829268292683,0.0,low,M,2.0,-0.6357265223485439,1
1897,D,Road,-1.0,3,-0.5365853658536586,2.5,low,M,2.0,-0.906089394175362,1
1898,F,Road,0.0,1,0.14634146341463414,2.5,low,M,2.0,-0.36910138607693505,1
1899,A,Road,0.5,2,0.5121951219512195,2.5,low,F,2.0,-0.4332658464413643,1
1900,B,Road,-1.0,5,-1.3414634146341464,2.5,low,M,0.8333333333333334,-0.9609095156517676,1
1901,C,Road,0.0,4,-0.2682926829268293,0.0,medium,M,2.0,-0.37564242329855163,1
1902,F,Road,0.5,2,-0.23170731707317074,2.5,low,M,2.0,-0.8755645538078181,1
1903,D,Road,-0.5,5,0.6951219512195121,1.0,low,M,2.0,-0.939106058246379,1
1904,F,Road,-1.0,1,1.0,2.0,medium,M,2.0,-0.7790063852982402,1
1905,A,Road,0.0,5,0.7682926829268293,2.0,medium,F,2.0,-0.9637128173181747,1
1906,B,Road,-1.0,4,-0.9024390243902439,0.0,low,M,2.0,-0.7257436536365052,1
1907,C,Road,0.0,1,-0.8048780487804879,0.0,high,F,2.0,-0.7273010434511759,1
1908,F,Road,0.0,5,0.2926829268292683,-1.0,low,F,-1.0,-0.46877433421585424,1
1909,D,Road,0.5,3,0.07317073170731707,0.0,low,M,2.0,-0.577791621242797,1
1910,F,Road,0.0,4,0.12195121951219512,0.0,low,M,2.0,-0.16383740850334838,1
1911,A,Road,0.0,5,-0.6341463414634146,0.0,low,F,2.0,-0.9278928515807506,1
1912,B,Road,0.0,2,-0.14634146341463414,1.0,low,F,-1.0,-0.17037844572496497,1
1913,C,Road,-0.5,5,0.14634146341463414,0.0,medium,M,-0.3333333333333333,-0.07319732128951877,1
1914,F,Flight,0.0,3,0.3902439024390244,-1.0,low,M,2.0,-0.6425790375330945,1
1915,D,Flight,0.5,2,0.10975609756097561,0.0,low,F,2.0,-0.14390281887556455,1
1916,F,Flight,0.5,2,-0.7073170731707317,-1.0,medium,M,2.0,-0.8839744588070394,1
1917,A,Flight,-1.0,5,-0.3048780487804878,-1.0,low,M,2.0,-0.137361781653948,1
1918,B,Flight,0.5,4,0.34146341463414637,0.0,high,F,-0.8333333333333334,-0.1822146083164616,1
1919,C,Flight,0.0,5,-0.08536585365853659,-1.0,medium,F,2.0,-0.12864039869179256,1
1920,F,Flight,-0.5,3,-0.6463414634146342,0.0,low,F,2.0,-0.6942843793801589,1
1921,D,Flight,0.0,5,0.21951219512195122,-1.0,low,F,2.0,-0.318019000155739,1
1922,F,Flight,1.0,4,-0.24390243902439024,0.0,low,M,0.5,-0.4968073508799252,1
1923,A,Flight,0.5,5,-0.6463414634146342,0.0,medium,F,2.0,-0.969319420650989,1
1924,B,Flight,0.0,1,0.6707317073170732,0.0,medium,F,2.0,-0.15480454757825884,1
1925,C,Flight,-0.5,3,0.06097560975609756,-1.0,low,F,2.0,-0.06759071795670456,1
1926,F,Flight,0.5,2,-0.6463414634146342,-1.0,medium,F,2.0,-0.7132845351191404,1
1927,D,Flight,-0.5,1,0.6097560975609756,1.0,low,M,2.0,-0.18314904220526398,1
1928,F,Flight,0.5,2,-0.7682926829268293,0.0,medium,M,2.0,-0.8578103099205732,1
1929,A,Flight,0.5,5,-0.45121951219512196,-1.0,high,F,2.0,-0.669366142345429,1
1930,B,Flight,-1.0,5,-0.25609756097560976,2.0,medium,F,1.0,-0.3946425790375331,1
1931,C,Flight,0.0,4,-0.024390243902439025,1.0,medium,M,1.5,-0.5154960286559725,1
1932,F,Flight,0.0,1,-0.04878048780487805,-1.0,medium,F,0.0,-0.23173960442298708,1
1933,D,Flight,0.0,2,-0.6097560975609756,-1.0,medium,F,2.0,-0.676841613455848,1
1934,F,Flight,0.0,2,0.06097560975609756,0.0,low,M,-0.8333333333333334,-0.23267403831178943,1
1935,A,Flight,0.0,4,0.024390243902439025,1.0,medium,M,2.0,-0.12739448684005605,1
1936,B,Ship,0.5,2,-0.4878048780487805,-1.0,medium,M,2.0,-0.9524996106525463,1
1937,C,Ship,-0.5,5,-0.18292682926829268,-1.0,low,M,2.0,-0.44261018532938795,1
1938,F,Ship,-0.5,4,-0.4024390243902439,0.0,low,M,2.0,-0.5179878523594456,1
1939,D,Ship,-0.5,2,0.07317073170731707,0.0,low,M,2.0,-0.4145771686653169,1
1940,F,Ship,-0.5,1,0.012195121951219513,-1.0,low,F,2.0,-0.14670612054197166,1
1941,A,Ship,0.0,5,0.4146341463414634,1.0,high,F,2.0,-0.40772465348076625,1
1942,B,Ship,-0.5,2,-0.3780487804878049,1.0,low,M,2.0,-0.5404142656907024,1
1943,C,Ship,0.0,2,-0.24390243902439024,1.0,medium,F,2.0,-0.10309920573119452,1
1944,F,Ship,0.0,4,0.12195121951219512,-1.0,high,F,2.0,-0.6432019934589628,1
1945,D,Ship,0.0,4,-0.36585365853658536,0.0,low,F,2.0,-0.318019000155739,1
1946,F,Ship,0.0,1,-0.6585365853658537,-1.0,low,M,2.0,-0.8948761875097336,1
1947,A,Ship,0.5,1,-0.3902439024390244,0.0,low,M,0.16666666666666666,-0.17723096090951565,1
1948,B,Ship,-0.5,2,-1.1951219512195121,-1.0,low,F,2.0,-0.8469085812178788,1
1949,C,Ship,0.0,4,-0.5365853658536586,1.0,low,M,2.0,-0.7104812334527332,1
1950,F,Ship,0.5,1,-0.15853658536585366,-1.0,medium,F,2.0,-0.6201526242018377,1
1951,D,Ship,0.0,3,-0.8048780487804879,-1.0,low,M,2.0,-0.7288584332658464,1
1952,F,Ship,0.5,1,-0.5975609756097561,0.0,low,F,2.0,-0.6989565488241707,1
1953,A,Ship,-0.5,5,-0.9634146341463414,0.0,low,M,2.0,-0.7403831178944089,1
1954,B,Ship,0.0,4,0.5975609756097561,-1.0,medium,F,2.0,-0.06042672480921975,1
1955,C,Ship,0.5,4,0.17073170731707318,0.0,medium,M,2.0,-0.2389035975704719,1
1956,F,Ship,1.0,5,0.7439024390243902,2.0,medium,M,2.0,-0.180657218501791,1
1957,D,Ship,0.0,1,0.12195121951219512,0.0,low,M,2.0,-0.23329699423765768,1
1958,F,Ship,-0.5,1,-0.14634146341463414,0.0,low,F,-1.0,-0.1280174427659243,1
1959,A,Ship,0.0,2,-0.6219512195121951,0.0,low,F,0.6666666666666666,-0.6924155116025541,1
1960,B,Ship,0.0,5,0.6585365853658537,0.0,low,F,2.0,-0.5491356486528578,1
1961,C,Ship,-0.5,3,-0.08536585365853659,0.0,low,F,2.0,-0.27160878367855473,1
1962,F,Ship,-1.0,3,-1.1829268292682926,-1.0,medium,M,2.0,-0.9154337330633857,1
1963,D,Ship,-1.0,1,-0.5975609756097561,1.0,low,F,2.0,-0.7064320199345896,1
1964,F,Ship,-0.5,3,-0.4024390243902439,-1.0,high,M,2.0,-0.28500233608472203,1
1965,A,Ship,1.0,5,-0.024390243902439025,1.0,medium,F,1.0,-0.1473290764678399,1
1966,B,Ship,-0.5,4,0.14634146341463414,0.0,medium,F,2.0,-0.5762342314281265,1
1967,C,Ship,0.0,1,-0.23170731707317074,0.0,low,M,2.0,-0.4049213518143591,1
1968,F,Ship,0.0,5,0.5975609756097561,-1.0,medium,M,1.0,-0.4267248092197477,1
1969,D,Ship,0.0,4,-0.9512195121951219,-1.0,medium,F,1.5,-0.9400404921351815,1
1970,F,Ship,-0.5,5,-0.6219512195121951,-1.0,low,F,2.0,-0.9702538545397913,1
1971,A,Ship,0.5,2,-0.8536585365853658,0.0,low,M,2.0,-0.9179255567668587,1
1972,B,Ship,0.0,4,0.3170731707317073,0.0,low,F,2.0,-0.20900171312879615,1
1973,C,Ship,0.0,5,0.35365853658536583,-1.0,low,M,2.0,-0.4111509110730416,1
1974,F,Ship,0.5,1,-0.15853658536585366,0.0,medium,M,2.0,-0.45257748014327986,1
1975,D,Ship,0.5,3,0.34146341463414637,0.0,low,M,2.0,-0.22987073664538235,1
1976,F,Ship,-0.5,1,-0.32926829268292684,-1.0,high,M,2.0,-0.1168042361002959,1
1977,A,Ship,0.0,3,-0.6341463414634146,0.0,low,M,2.0,-0.9204173804703317,1
1978,B,Ship,-0.5,3,-0.8170731707317073,0.0,low,M,1.5,-0.8054820121476406,1
1979,C,Ship,-0.5,4,0.6585365853658537,-1.0,high,F,2.0,-0.41333125681358046,1
1980,F,Ship,0.0,3,0.2804878048780488,0.0,low,M,2.0,-0.06136115869802212,1
1981,D,Ship,-0.5,2,-0.6951219512195121,-1.0,low,M,2.0,-0.9450241395421274,1
1982,F,Ship,0.0,2,-0.4634146341463415,0.0,medium,F,0.8333333333333334,-0.7472356330789597,1
1983,A,Ship,0.0,5,-0.975609756097561,1.0,low,M,2.0,-0.921351814359134,1
1984,B,Ship,-0.5,4,0.24390243902439024,-1.0,medium,M,2.0,-0.1887556455380782,1
1985,C,Ship,-0.5,3,-0.7317073170731707,-1.0,low,F,2.0,-0.9509422208378757,1
1986,F,Ship,-1.0,1,-0.06097560975609756,2.0,low,F,2.0,-0.6643824949384831,1
1987,D,Ship,0.5,4,-0.926829268292683,-1.0,medium,M,2.0,-0.7307273010434512,1
1988,F,Ship,-1.0,3,-0.7682926829268293,0.0,medium,M,2.0,-0.9733686341691326,1
1989,A,Ship,0.0,4,0.4634146341463415,2.5,medium,M,2.0,-0.4588070394019623,1
1990,B,Ship,-0.5,1,-0.7195121951219512,-1.0,medium,F,-0.16666666666666666,-0.8282199034418315,1
1991,C,Ship,-0.5,3,-0.9146341463414634,1.0,high,M,1.6666666666666667,-0.9381716243575767,1
1992,F,Ship,0.0,5,0.5365853658536586,0.0,medium,F,2.0,-0.5793490110574677,1
1993,D,Ship,0.0,2,-0.5121951219512195,0.0,low,M,-1.0,-0.9241551160255412,1
1994,F,Ship,0.0,3,0.3048780487804878,0.0,low,F,2.0,-0.43856097181124437,1
1995,A,Ship,-0.5,1,-0.5975609756097561,0.0,low,F,-1.0,-0.8509577947360224,1
1996,B,Ship,0.0,5,-0.45121951219512196,-1.0,low,M,2.0,-0.8138919171468618,1
1997,C,Ship,0.5,1,-0.32926829268292684,-1.0,low,F,1.6666666666666667,-0.19809998442610185,1
1998,F,Ship,1.0,2,-0.5121951219512195,-1.0,low,M,2.0,-0.9789752375019467,1
1999,D,Ship,0.0,4,-0.5609756097560976,0.0,low,F,2.0,-0.8456626693661423,1
2000,F,Ship,-0.5,4,0.4268292682926829,0.0,low,M,2.0,-0.2055754555365208,1
2001,A,Ship,0.0,3,-0.9634146341463414,0.0,medium,F,0.6666666666666666,-0.8805482012147641,1
2002,B,Ship,0.0,3,-0.975609756097561,0.0,medium,M,1.0,-0.6740383117894408,1
2003,C,Ship,-0.5,1,0.6707317073170732,-1.0,low,F,2.0,-0.1946737268338265,1
2004,F,Ship,1.0,5,-0.04878048780487805,2.0,high,M,2.0,-0.2843793801588538,1
2005,D,Ship,0.5,4,0.8658536585365854,2.5,high,M,2.0,-0.3108550070082542,1
2006,F,Ship,0.0,2,0.36585365853658536,-1.0,medium,M,1.3333333333333333,-0.40242952811088617,1
2007,A,Ship,-0.5,2,-0.06097560975609756,-1.0,low,F,2.0,-0.4363806260707055,1
2008,B,Ship,0.0,3,-0.7317073170731707,0.0,medium,M,2.0,-0.8462856252920106,1
2009,C,Ship,-0.5,2,-0.975609756097561,0.0,medium,F,2.0,-0.6905466438249493,1
2010,F,Ship,-0.5,5,-0.5609756097560976,1.0,medium,M,2.0,-0.872761252141411,1
2011,D,Ship,0.0,5,0.6097560975609756,0.0,medium,M,2.0,-0.12334527332191247,1
2012,F,Ship,0.0,2,0.7560975609756098,2.5,high,F,2.0,-0.4067902195919639,1
2013,A,Ship,-0.5,4,-0.23170731707317074,0.0,medium,M,2.0,-0.20246067590717956,1
2014,B,Ship,0.5,3,-0.4878048780487805,2.0,medium,M,2.0,-0.6977106369724342,1
2015,C,Ship,-0.5,4,0.32926829268292684,0.0,low,F,2.0,-0.3348388101541816,1
2016,F,Ship,0.5,5,-0.5853658536585366,0.0,medium,F,2.0,-0.8976794891761408,1
2017,D,Ship,-0.5,2,-0.2926829268292683,0.0,low,M,2.0,-0.25977262108705806,1
2018,F,Ship,-0.5,1,0.2073170731707317,-1.0,low,F,0.8333333333333334,-0.631054352904532,1
2019,A,Ship,0.5,4,-0.0975609756097561,1.0,low,F,-0.6666666666666666,-0.12272231739604424,1
2020,B,Ship,0.0,4,-0.024390243902439025,0.0,medium,M,2.0,-0.6466282510512381,1
2021,C,Ship,-0.5,5,-0.024390243902439025,0.0,low,F,-0.8333333333333334,-0.5273321912474692,1
2022,F,Ship,0.0,5,0.3902439024390244,2.5,low,M,2.0,-0.5849556143902819,1
2023,D,Ship,0.0,4,0.6097560975609756,-1.0,medium,F,0.8333333333333334,-0.6061361158698022,1
2024,F,Ship,-0.5,4,-0.07317073170731707,-1.0,low,F,2.0,-0.5021024762498053,1
2025,A,Ship,-0.5,4,-0.04878048780487805,0.0,low,F,0.0,-0.3958884908892696,1
2026,B,Ship,-0.5,2,-0.3780487804878049,0.0,low,F,2.0,-0.3902818875564554,1
2027,C,Ship,0.0,2,0.6219512195121951,0.0,low,F,2.0,-0.20277215387011369,1
2028,F,Ship,-0.5,5,-0.32926829268292684,0.0,low,M,2.0,-0.5528733842080673,1
2029,D,Road,-1.0,4,-0.3780487804878049,0.0,low,F,0.8333333333333334,-0.32985516274723564,1
2030,F,Road,-0.5,3,-0.4634146341463415,-1.0,low,F,2.0,-0.7534651923376421,1
2031,A,Road,0.0,5,0.6341463414634146,0.0,medium,M,-0.3333333333333333,-0.13424700202460677,1
2032,B,Road,-0.5,2,-0.8658536585365854,1.0,medium,F,2.0,-0.903286092508955,1
2033,C,Road,-0.5,4,-0.23170731707317074,-1.0,medium,F,2.0,-0.13393552406167264,1
2034,F,Road,-0.5,2,0.6097560975609756,1.0,high,F,2.0,-0.43451175829310074,1
2035,D,Road,-0.5,5,0.35365853658536583,-1.0,medium,M,2.0,-0.22675595701604112,1
2036,F,Road,0.5,2,-0.8780487804878049,-1.0,low,F,2.0,-0.7447438093754867,1
2037,A,Road,0.0,2,-0.5121951219512195,-1.0,low,M,2.0,-0.9749260239838031,1
2038,B,Road,0.0,1,0.8048780487804879,0.0,medium,M,-0.8333333333333334,-0.24388724497741784,1
2039,C,Road,-0.5,2,0.4878048780487805,-1.0,low,M,2.0,-0.5232829777293256,1
2040,F,Road,0.5,2,-0.14634146341463414,0.0,medium,M,2.0,-0.08223018221460832,1
2041,D,Road,0.5,3,-1.2682926829268293,2.0,low,M,2.0,-0.9774178476872761,1
2042,F,Road,0.0,4,-0.6341463414634146,-1.0,medium,M,2.0,-0.9316305871359601,1
2043,A,Road,-0.5,3,-0.3780487804878049,0.0,medium,M,2.0,-0.48715153402896744,1
2044,B,Road,0.0,2,0.5609756097560976,-1.0,low,F,2.0,-0.41862638218346054,1
2045,C,Road,-0.5,5,-1.2804878048780488,2.0,low,M,2.0,-0.7998754088148263,1
2046,F,Road,-0.5,3,0.7195121951219512,1.0,low,M,0.8333333333333334,-0.6223329699423765,1
2047,D,Road,0.5,2,0.5853658536585366,2.5,medium,M,0.5,-0.30680579349011056,1
2048,F,Road,-1.0,4,0.3048780487804878,2.0,low,F,2.0,-0.6129886310543529,1
2049,A,Road,-0.5,2,-0.35365853658536583,-1.0,high,F,2.0,-0.08877121943622489,1
2050,B,Road,0.0,4,0.4146341463414634,0.0,medium,M,2.0,-0.3990032705186108,1
2051,C,Flight,0.5,4,-0.4146341463414634,-1.0,low,M,2.0,-0.9428437938015886,1
2052,F,Flight,0.0,5,0.08536585365853659,0.0,low,F,2.0,-0.18314904220526398,1
2053,D,Flight,-0.5,5,-0.6341463414634146,-1.0,low,M,2.0,-0.6855629964180034,1
2054,F,Flight,-1.0,5,-0.6341463414634146,1.0,medium,M,2.0,-0.7718423921507553,1
2055,A,Flight,-0.5,1,-0.8414634146341463,-1.0,low,M,2.0,-0.8833515028811711,1
2056,B,Flight,0.5,3,0.17073170731707318,0.0,medium,F,2.0,-0.1613455847998754,1
2057,C,Flight,-0.5,4,-0.21951219512195122,0.0,low,M,2.0,-0.5301354929138763,1
2058,F,Flight,-0.5,4,0.4878048780487805,-1.0,high,M,2.0,-0.2750350412708301,1
2059,D,Flight,0.5,2,0.012195121951219513,-1.0,medium,M,2.0,-0.06447593832736334,1
2060,F,Flight,0.5,2,0.6219512195121951,0.0,medium,F,2.0,-0.4407413175517832,1
2061,A,Flight,-0.5,2,-0.5,0.0,high,M,2.0,-0.7995639308518923,1
2062,B,Flight,0.0,2,0.23170731707317074,2.5,medium,M,2.0,-0.31241239682292476,1
2063,C,Flight,0.0,3,-0.012195121951219513,-1.0,low,M,2.0,-0.6587758916056689,1
2064,F,Flight,0.0,1,-1.0975609756097562,-1.0,medium,M,2.0,-0.7584488397445881,1
2065,D,Flight,-0.5,4,-0.7073170731707317,1.0,medium,F,0.0,-0.8275969475159632,1
2066,F,Flight,-0.5,1,0.6219512195121951,0.0,medium,M,0.6666666666666666,-0.6089394175362093,1
2067,A,Flight,-0.5,1,-0.9146341463414634,0.0,high,F,-0.16666666666666666,-0.8970565332502726,1
2068,B,Flight,-1.0,4,0.13414634146341464,2.5,high,M,2.0,-0.4544463479208846,1
2069,C,Flight,0.5,4,-0.43902439024390244,2.5,medium,F,2.0,-0.9250895499143436,1
2070,F,Flight,-0.5,4,-0.2926829268292683,2.5,medium,F,2.0,-0.6494315527176452,1
2071,D,Flight,-0.5,4,0.7073170731707317,2.5,medium,M,2.0,-0.5276436692104034,1
2072,F,Flight,-0.5,1,-0.7439024390243902,-1.0,medium,F,2.0,-0.7188911384519545,1
2073,A,Ship,-0.5,1,0.25609756097560976,2.5,low,M,0.0,-0.36069148107771376,1
2074,B,Ship,0.5,1,0.0,0.0,low,M,2.0,-0.4943155271764523,1
2075,C,Ship,-0.5,4,-0.47560975609756095,-1.0,low,F,-0.8333333333333334,-0.9584176919482946,1
2076,F,Ship,-0.5,1,-0.4634146341463415,0.0,low,F,2.0,-0.8500233608472201,1
2077,D,Ship,-0.5,4,-0.5121951219512195,2.5,high,F,2.0,-0.7083008877121943,1
2078,F,Ship,0.5,2,-0.23170731707317074,2.5,low,M,2.0,-0.7154648808596792,1
2079,A,Ship,-0.5,5,0.6951219512195121,1.0,low,F,0.5,-0.7693505684472823,1
2080,B,Ship,0.5,4,0.17073170731707318,0.0,medium,M,2.0,-0.3127238747858589,1
2081,C,Ship,-0.5,4,-0.21951219512195122,0.0,low,F,2.0,-0.6291854851269273,1
2082,F,Ship,-0.5,1,0.4878048780487805,-1.0,high,F,2.0,-0.17411618128017442,1
2083,D,Ship,0.5,4,0.012195121951219513,-1.0,medium,M,2.0,-0.4472823547733998,1
2084,F,Ship,0.5,5,0.6219512195121951,0.0,medium,M,2.0,-0.047344650365986604,1
2085,A,Ship,-0.5,2,-0.5,0.0,high,M,2.0,-0.755645538078181,1
2086,B,Ship,0.0,2,0.23170731707317074,2.5,medium,M,2.0,-0.06977106369724342,1
2087,C,Ship,0.0,4,-0.012195121951219513,-1.0,low,F,2.0,-0.37719981311322226,1
2088,F,Ship,0.0,2,-1.0975609756097562,-1.0,medium,M,2.0,-0.796449151222551,1
2089,D,Ship,-0.5,5,-0.7073170731707317,1.0,medium,F,2.0,-0.7413175517832113,1
2090,F,Ship,-0.5,1,0.6219512195121951,0.0,medium,F,2.0,-0.3547733997819654,1
2091,A,Ship,-0.5,2,-0.9146341463414634,0.0,high,F,-0.5,-0.8107771375175207,1
2092,B,Ship,-1.0,4,0.13414634146341464,2.5,high,M,2.0,-0.23828064164460364,1
2093,C,Ship,0.5,4,-0.43902439024390244,2.5,medium,M,2.0,-0.7241862638218346,1
2094,F,Ship,-0.5,3,-0.2926829268292683,2.5,medium,M,-0.5,-0.33857654570939105,1
2095,D,Ship,-0.5,5,0.7073170731707317,2.5,medium,M,2.0,-0.6126771530914188,1
2096,F,Ship,-0.5,4,-0.7439024390243902,-1.0,medium,M,2.0,-0.7503504127083009,1
2097,A,Ship,-0.5,1,0.25609756097560976,2.5,low,M,2.0,-0.6148574988319576,1
2098,B,Ship,0.5,4,0.0,0.0,low,M,2.0,-0.23236256034885533,1
2099,C,Ship,-0.5,5,-0.47560975609756095,-1.0,low,F,2.0,-0.8375642423298552,1
2100,F,Ship,-0.5,2,-0.4634146341463415,0.0,low,F,2.0,-0.6840056066033328,1
2101,D,Ship,-0.5,1,-0.5121951219512195,2.5,high,F,2.0,-0.8892695841769195,1
2102,F,Ship,0.5,1,-0.23170731707317074,2.5,low,F,2.0,-0.9686964647251207,1
2103,A,Ship,-0.5,5,-0.6097560975609756,0.0,low,M,2.0,-0.8335150288117116,1
2104,B,Ship,-0.5,1,0.2073170731707317,0.0,medium,F,2.0,-0.43420028033016667,1
2105,C,Ship,0.5,5,0.4146341463414634,0.0,medium,F,0.3333333333333333,-0.08596791776981778,1
2106,F,Ship,0.0,5,0.2804878048780488,-1.0,medium,F,2.0,-0.2248870892384364,1
2107,D,Ship,-0.5,1,-1.2560975609756098,1.0,low,F,0.16666666666666666,-0.7877277682603956,1
2108,F,Ship,0.5,5,-1.3170731707317074,2.0,low,F,2.0,-0.8951876654726678,1
2109,A,Ship,0.0,2,-0.9146341463414634,0.0,low,M,2.0,-0.8671546488085968,1
2110,B,Ship,0.0,3,-0.7926829268292683,-1.0,low,F,2.0,-0.7762030836318331,1
2111,C,Ship,0.0,5,-0.4146341463414634,0.0,low,F,2.0,-0.8210559102943467,1
2112,F,Ship,-0.5,2,-0.024390243902439025,-1.0,medium,F,2.0,-0.11618128017442766,1
2113,D,Ship,0.0,2,-0.3780487804878049,0.0,low,M,-0.3333333333333333,-0.13486995795047502,1
2114,F,Ship,1.0,4,-0.6097560975609756,2.0,low,M,2.0,-0.8079738358511135,1
2115,A,Ship,0.0,1,-0.8658536585365854,0.0,medium,F,2.0,-0.9194829465815294,1
2116,B,Ship,-0.5,3,-0.6341463414634146,-1.0,medium,M,-0.3333333333333333,-0.9179255567668587,1
2117,C,Ship,0.0,2,-0.14634146341463414,1.0,medium,M,2.0,-0.32736333904376264,1
2118,F,Ship,-0.5,2,-0.9634146341463414,-1.0,medium,F,-0.8333333333333334,-0.9341224108394331,1
2119,D,Ship,-0.5,2,0.21951219512195122,-1.0,low,F,2.0,-0.6525463323469864,1
2120,F,Ship,-0.5,3,0.04878048780487805,0.0,low,M,2.0,-0.11805014795203239,1
2121,A,Ship,0.5,4,-0.45121951219512196,-1.0,low,M,1.1666666666666667,-0.7519078025229715,1
2122,B,Ship,0.0,4,-0.5609756097560976,-1.0,medium,M,2.0,-0.8332035508487774,1
2123,C,Ship,-0.5,4,-0.4024390243902439,-1.0,medium,F,2.0,-0.2183460520168198,1
2124,F,Ship,-0.5,2,0.2926829268292683,-1.0,low,F,2.0,-0.13113222239526554,1
2125,D,Ship,-0.5,2,0.43902439024390244,2.0,low,F,2.0,-0.4460364429216633,1
2126,F,Ship,-0.5,1,-0.7560975609756098,-1.0,low,F,2.0,-0.7167107927114157,1
2127,A,Ship,0.0,5,0.34146341463414637,1.0,low,F,2.0,-0.2909204173804703,1
2128,B,Ship,-0.5,1,0.2682926829268293,-1.0,high,M,-0.8333333333333334,-0.06229559258682448,1
2129,C,Ship,0.0,1,0.2926829268292683,1.0,low,F,2.0,-0.06198411462389036,1
2130,F,Ship,0.0,4,-0.5975609756097561,2.0,low,M,2.0,-0.7543996262264445,1
2131,D,Ship,0.0,2,0.6951219512195121,0.0,medium,M,2.0,-0.2183460520168198,1
2132,F,Ship,-0.5,3,-1.2804878048780488,-1.0,medium,M,1.8333333333333333,-0.7749571717800966,1
2133,A,Ship,0.0,1,0.25609756097560976,0.0,high,F,2.0,-0.14141099517209157,1
2134,B,Ship,-0.5,3,-0.34146341463414637,0.0,medium,M,2.0,-0.5584799875408815,1
2135,C,Ship,0.0,1,-0.14634146341463414,-1.0,low,M,2.0,-0.567512848465971,1
2136,F,Ship,-0.5,3,-0.3170731707317073,1.0,medium,M,-0.6666666666666666,-0.3345273321912475,1
2137,D,Ship,0.5,3,0.12195121951219512,-1.0,medium,M,2.0,-0.10123033795358978,1
2138,F,Ship,0.5,3,0.3048780487804878,1.0,low,M,-0.6666666666666666,-0.1292633546176608,1
2139,A,Ship,-1.0,3,-0.9024390243902439,-1.0,medium,M,2.0,-0.7216944401183616,1
2140,B,Ship,1.0,3,0.7073170731707317,0.0,low,F,2.0,-0.5080205575455536,1
2141,C,Ship,-0.5,3,-0.6585365853658537,0.0,medium,F,2.0,-0.9098271297305716,1
2142,F,Ship,-0.5,3,0.573170731707317,0.0,medium,M,1.1666666666666667,-0.20869023516586202,1
2143,D,Ship,-0.5,5,-0.18292682926829268,0.0,medium,F,2.0,-0.27721538701136894,1
2144,F,Ship,-0.5,1,-0.7317073170731707,-1.0,medium,F,2.0,-0.8874007163993147,1
2145,A,Ship,-0.5,5,0.2804878048780488,0.0,low,M,2.0,-0.5288895810621399,1
2146,B,Ship,0.0,4,-0.4024390243902439,0.0,low,M,2.0,-0.6475626849400405,1
2147,C,Ship,-0.5,3,-0.9878048780487805,2.5,low,F,0.5,-0.7671702227067435,1
2148,F,Ship,-0.5,4,-0.7804878048780488,0.0,medium,M,2.0,-0.8216788662202149,1
2149,D,Ship,1.0,5,-0.7560975609756098,0.0,medium,F,2.0,-0.8796137673259616,1
2150,F,Ship,1.0,1,-0.8780487804878049,2.0,low,F,2.0,-0.8363183304781187,1
2151,A,Ship,0.0,3,0.0,-1.0,low,M,2.0,-0.6450708612365675,1
2152,B,Ship,0.5,1,-0.7195121951219512,-1.0,medium,F,2.0,-0.9733686341691326,1
2153,C,Ship,0.0,2,-0.2804878048780488,-1.0,low,M,0.6666666666666666,-0.05108238592119608,1
2154,F,Ship,0.0,5,-0.9878048780487805,-1.0,medium,M,2.0,-0.9478274412085345,1
2155,D,Ship,-0.5,3,-0.036585365853658534,1.0,high,F,2.0,-0.37595390126148576,1
2156,F,Ship,0.0,3,-0.024390243902439025,1.0,low,M,2.0,-0.5379224419872294,1
2157,A,Ship,-0.5,1,-0.7804878048780488,-1.0,low,M,0.3333333333333333,-0.9316305871359601,1
2158,B,Ship,-0.5,5,-0.07317073170731707,0.0,low,F,2.0,-0.05357420962466906,1
2159,C,Ship,0.0,2,-0.6951219512195121,-1.0,medium,M,1.3333333333333333,-0.7553340601152468,1
2160,F,Ship,0.0,4,0.17073170731707318,0.0,low,M,2.0,-0.44665939884753153,1
2161,D,Ship,-0.5,4,0.4878048780487805,-1.0,medium,F,2.0,-0.11306650054508643,1
2162,F,Ship,0.0,2,0.6829268292682927,-1.0,low,M,2.0,-0.17131287961376732,1
2163,A,Ship,1.0,2,-0.23170731707317074,0.0,medium,M,2.0,-0.2139853605357421,1
2164,B,Ship,0.0,5,-0.25609756097560976,1.0,low,M,2.0,-0.6154804547578259,1
2165,C,Ship,0.5,4,-0.5975609756097561,0.0,medium,F,2.0,-0.906089394175362,1
2166,F,Road,-0.5,1,-0.45121951219512196,-1.0,low,M,2.0,-0.9500077869490734,1
2167,D,Road,-0.5,4,0.36585365853658536,0.0,low,F,2.0,-0.40647874162902975,1
2168,F,Road,-0.5,2,-0.7682926829268293,-1.0,low,M,2.0,-0.7338420806727924,1
2169,A,Road,-0.5,1,-0.6097560975609756,-1.0,low,M,-0.8333333333333334,-0.9484503971344027,1
2170,B,Road,0.5,1,-0.5975609756097561,0.0,low,F,2.0,-0.9098271297305716,1
2171,C,Road,-0.5,4,0.5121951219512195,-1.0,medium,M,2.0,-0.5924310855007008,1
2172,F,Road,0.0,4,-0.7804878048780488,1.0,low,M,-0.3333333333333333,-0.8989254010278773,1
2173,D,Road,-1.0,3,0.5,0.0,low,M,2.0,-0.2071328453511914,1
2174,F,Road,0.0,3,0.6585365853658537,0.0,medium,F,2.0,-0.35913409126304313,1
2175,A,Road,-0.5,5,-0.5853658536585366,0.0,low,F,-1.0,-0.8668431708456626,1
2176,B,Road,-0.5,5,0.1951219512195122,0.0,low,F,2.0,-0.20931319109173027,1
2177,C,Road,0.0,3,-0.6219512195121951,0.0,low,F,2.0,-0.8578103099205732,1
2178,F,Road,0.0,4,-0.9146341463414634,0.0,high,F,2.0,-0.8515807506618907,1
2179,D,Road,-0.5,5,-0.6463414634146342,0.0,medium,F,0.5,-0.6762186575299798,1
2180,F,Road,1.0,2,-0.4024390243902439,1.0,high,F,-0.16666666666666666,-0.3569537455225043,1
2181,A,Road,0.0,1,0.34146341463414637,0.0,high,M,2.0,-0.2055754555365208,1
2182,B,Road,-0.5,3,-0.7682926829268293,0.0,low,F,2.0,-0.9375486684317085,1
2183,C,Road,-0.5,4,-0.573170731707317,0.0,medium,M,2.0,-0.9596636038000311,1
2184,F,Road,-0.5,2,0.524390243902439,0.0,low,F,2.0,-0.5653325027254322,1
2185,D,Road,-0.5,2,-0.12195121951219512,-1.0,medium,F,2.0,-0.641333125681358,1
2186,F,Road,0.5,3,0.06097560975609756,0.0,low,M,-1.0,-0.6609562373462078,1
2187,A,Road,-0.5,4,-0.14634146341463414,0.0,medium,M,2.0,-0.1376732596168821,1
2188,B,Flight,0.0,5,-0.7195121951219512,-1.0,medium,M,2.0,-0.8665316928827286,1
2189,C,Flight,-0.5,3,-0.3780487804878049,0.0,high,F,-0.16666666666666666,-0.2445102009032861,1
2190,F,Flight,0.5,1,-0.36585365853658536,0.0,low,F,2.0,-0.4746924155116026,1
2191,D,Flight,0.0,5,0.1951219512195122,-1.0,low,F,2.0,-0.39215075533406013,1
2192,F,Flight,0.0,2,-0.9146341463414634,1.0,low,F,2.0,-0.8216788662202149,1
2193,A,Flight,0.0,4,0.4634146341463415,0.0,medium,F,0.0,-0.5207911540258526,1
2194,B,Flight,-0.5,2,0.7073170731707317,0.0,medium,F,2.0,-0.11929605980376888,1
2195,C,Flight,-0.5,2,-0.975609756097561,0.0,low,F,2.0,-0.8590562217723096,1
2196,F,Flight,-0.5,5,-0.5487804878048781,0.0,medium,M,1.0,-0.6899236878990811,1
2197,D,Flight,0.0,2,0.0,-1.0,low,M,2.0,-0.22831334683071172,1
2198,F,Flight,-0.5,3,-0.6219512195121951,0.0,medium,F,2.0,-0.7895966360380003,1
2199,A,Flight,0.0,2,-0.7804878048780488,0.0,low,F,2.0,-0.9207288584332658,1
2200,B,Flight,0.5,5,0.024390243902439025,-1.0,high,M,2.0,-0.29496963089861394,1
2201,C,Flight,0.5,2,-1.1951219512195121,2.0,high,F,2.0,-0.9403519700981156,1
2202,F,Flight,-0.5,4,-0.8536585365853658,-1.0,low,F,2.0,-0.7282354773399782,1
2203,D,Flight,0.5,3,0.6341463414634146,0.0,low,F,2.0,-0.5111353371748949,1
2204,F,Flight,-0.5,3,-0.7317073170731707,1.0,medium,F,2.0,-0.7889736801121321,1
2205,A,Flight,0.0,3,0.5,2.0,low,M,1.8333333333333333,-0.15729637128173182,1
2206,B,Flight,1.0,2,0.18292682926829268,0.0,medium,M,1.0,-0.5690702382806416,1
2207,C,Flight,-1.0,1,-1.2560975609756098,0.0,medium,M,1.5,-0.7061205419716555,1
2208,F,Flight,-0.5,3,-0.6585365853658537,-1.0,medium,F,2.0,-0.7572029278928516,1
2209,D,Flight,-0.5,1,-0.36585365853658536,-1.0,low,F,2.0,-0.29839588849088927,1
2210,F,Ship,0.0,4,0.04878048780487805,1.0,low,M,2.0,-0.28500233608472203,1
2211,A,Ship,0.5,1,-0.9390243902439024,-1.0,low,M,2.0,-0.977106369724342,1
2212,B,Ship,0.0,2,-0.12195121951219512,0.0,medium,M,1.1666666666666667,-0.09967294813891917,1
2213,C,Ship,1.0,1,-1.329268292682927,2.0,low,F,2.0,-0.7366453823391995,1
2214,F,Ship,-0.5,1,0.5121951219512195,-1.0,medium,F,2.0,-0.343560193116337,1
2215,D,Ship,0.0,2,-0.3902439024390244,-1.0,medium,F,2.0,-0.2765924310855007,1
2216,F,Ship,-0.5,4,0.5609756097560976,1.0,high,M,1.6666666666666667,-0.4619218190313035,1
2217,A,Ship,0.0,2,-0.5853658536585366,0.0,low,M,2.0,-0.68680890826974,1
2218,B,Ship,0.5,2,-0.6585365853658537,1.0,medium,M,2.0,-0.8316461610341068,1
2219,C,Ship,0.0,2,0.35365853658536583,0.0,medium,F,1.0,-0.404609873851425,1
2220,F,Ship,1.0,5,0.3170731707317073,1.0,medium,M,2.0,-0.5447749571717801,1
2221,D,Ship,1.0,1,0.18292682926829268,2.5,low,M,2.0,-0.2834449462700514,1
2222,F,Ship,-0.5,1,-0.6097560975609756,-1.0,low,M,-0.8333333333333334,-0.8861548045475782,1
2223,A,Ship,-0.5,4,0.24390243902439024,0.0,medium,F,2.0,-0.6347920884597414,1
2224,B,Ship,0.0,1,-1.4268292682926829,-1.0,high,M,1.3333333333333333,-0.7204485282666251,1
2225,C,Ship,0.0,3,0.5365853658536586,0.0,low,F,0.8333333333333334,-0.6640710169755489,1
2226,F,Ship,-0.5,1,-0.8170731707317073,-1.0,medium,M,2.0,-0.6899236878990811,1
2227,D,Ship,0.0,3,-0.4146341463414634,1.0,low,M,1.1666666666666667,-0.7671702227067435,1
2228,F,Ship,0.5,1,-0.024390243902439025,0.0,low,F,0.6666666666666666,-0.6466282510512381,1
2229,A,Ship,-0.5,4,-0.1951219512195122,-1.0,medium,M,2.0,-0.5531848621710014,1
2230,B,Ship,-0.5,1,0.3048780487804878,0.0,low,F,2.0,-0.6213985360535742,1
2231,C,Ship,0.0,3,-0.6829268292682927,-1.0,low,M,2.0,-0.8643513471421896,1
2232,F,Ship,0.0,3,0.04878048780487805,0.0,high,F,2.0,-0.26101853293879457,1
2233,D,Ship,0.0,4,-0.7073170731707317,0.0,low,M,2.0,-0.8179411306650054,1
2234,F,Ship,-0.5,4,0.25609756097560976,0.0,low,M,2.0,-0.21865752997975393,1
2235,A,Ship,0.0,5,-0.5609756097560976,0.0,low,F,-0.5,-0.8677776047344651,1
2236,B,Ship,-0.5,1,-0.43902439024390244,0.0,high,F,2.0,-0.8883351502881172,1
2237,C,Ship,0.0,2,0.7439024390243902,0.0,medium,M,2.0,-0.5295125369880082,1
2238,F,Ship,-0.5,4,-0.9146341463414634,-1.0,low,M,2.0,-0.9210403363962,1
2239,D,Ship,-1.0,5,0.2682926829268293,0.0,medium,F,1.0,-0.6161034106836941,1
2240,F,Ship,-0.5,4,-0.7195121951219512,-1.0,low,F,2.0,-0.737891294190936,1
2241,A,Ship,-0.5,3,-0.5609756097560976,0.0,medium,M,0.6666666666666666,-0.9783522815760785,1
2242,B,Ship,0.0,1,-0.7682926829268293,-1.0,low,M,2.0,-0.8665316928827286,1
2243,C,Ship,-0.5,4,-1.2317073170731707,1.0,low,F,2.0,-0.9328764989876966,1
2244,F,Ship,0.0,3,-0.9878048780487805,0.0,medium,F,2.0,-0.7126615791932721,1
2245,D,Ship,0.5,4,-0.6219512195121951,1.0,medium,M,2.0,-0.7899081140009344,1
2246,F,Ship,0.5,3,-0.0975609756097561,-1.0,medium,F,2.0,-0.2712973057156206,1
2247,A,Ship,-0.5,2,-0.45121951219512196,-1.0,medium,F,2.0,-0.6914810777137518,1
2248,B,Ship,-0.5,2,-0.0975609756097561,-1.0,low,M,-0.6666666666666666,-0.5880703940196231,1
2249,C,Ship,0.5,1,-0.3048780487804878,0.0,medium,M,1.0,-0.2046410216477184,1
2250,F,Ship,-0.5,4,0.6829268292682927,-1.0,low,M,2.0,-0.14296838498676218,1
2251,D,Ship,0.0,1,0.2926829268292683,0.0,low,F,2.0,-0.6653169288272854,1
2252,F,Ship,0.5,1,-0.8658536585365854,-1.0,low,M,2.0,-0.8603021336240461,1
2253,A,Ship,0.0,1,-0.5,-1.0,medium,M,2.0,-0.9026631365830867,1
2254,B,Ship,-0.5,5,-0.975609756097561,0.0,medium,M,2.0,-0.9282043295436848,1
2255,C,Ship,0.0,4,-0.4634146341463415,0.0,high,M,2.0,-0.8926958417691948,1
2256,F,Ship,0.0,3,-0.6585365853658537,-1.0,medium,F,2.0,-0.6815137828998599,1
2257,D,Ship,-0.5,4,0.1951219512195122,0.0,high,F,2.0,-0.18782121164927582,1
2258,F,Ship,0.0,5,-0.43902439024390244,0.0,low,F,-0.3333333333333333,-0.977106369724342,1
2259,A,Ship,-0.5,2,0.5121951219512195,1.0,low,F,1.8333333333333333,-0.4516430462544775,1
2260,B,Ship,-0.5,4,0.5121951219512195,1.0,low,M,0.6666666666666666,-0.34854384052328297,1
2261,C,Ship,-0.5,2,-0.07317073170731707,1.0,medium,M,2.0,-0.3890359757047189,1
2262,F,Ship,0.0,3,-1.1585365853658536,0.0,low,F,2.0,-0.908269739915901,1
2263,D,Ship,-0.5,3,-1.2195121951219512,2.5,low,F,2.0,-0.7238747858589005,1
2264,F,Ship,-0.5,5,0.13414634146341464,0.0,low,F,-1.0,-0.4002491823703473,1
2265,A,Ship,0.0,5,-0.7195121951219512,1.0,high,F,2.0,-0.6780875253075845,1
2266,B,Ship,0.0,4,0.10975609756097561,0.0,medium,F,2.0,-0.07911540258526709,1
2267,C,Ship,0.5,3,-0.24390243902439024,0.0,medium,F,-0.16666666666666666,-0.44011836162591494,1
2268,F,Ship,0.5,4,0.8170731707317073,1.0,medium,F,2.0,-0.239215075533406,1
2269,D,Ship,0.0,1,-1.0,1.0,medium,F,0.5,-0.8740071639931475,1
2270,F,Ship,0.0,1,0.18292682926829268,0.0,medium,F,2.0,-0.22613300109017287,1
2271,A,Ship,0.0,2,0.45121951219512196,0.0,low,F,0.5,-0.19685407257436535,1
2272,B,Ship,0.0,1,-1.2317073170731707,0.0,low,F,2.0,-0.918548512692727,1
2273,C,Ship,0.5,5,0.24390243902439024,2.5,low,F,2.0,-0.4778071951409438,1
2274,F,Ship,-0.5,3,-0.4024390243902439,-1.0,medium,M,2.0,-0.13393552406167264,1
2275,D,Ship,0.5,2,-0.6951219512195121,-1.0,low,M,2.0,-0.8260395577012927,1
2276,F,Ship,-0.5,1,-0.7195121951219512,0.0,low,M,2.0,-0.9176140788039246,1
2277,A,Ship,-0.5,4,-0.06097560975609756,-1.0,low,M,2.0,-0.3781342470020246,1
2278,B,Ship,0.0,3,0.6097560975609756,0.0,low,F,2.0,-0.603021336240461,1
2279,C,Ship,-0.5,1,0.6585365853658537,0.0,low,F,2.0,-0.5201681980999844,1
2280,F,Ship,1.0,1,0.12195121951219512,0.0,medium,M,2.0,-0.4497741784768728,1
2281,D,Ship,0.0,4,0.10975609756097561,2.5,low,M,2.0,-0.2734776514561595,1
2282,F,Ship,-0.5,2,-0.2804878048780488,0.0,high,F,2.0,-0.5528733842080673,1
2283,A,Ship,0.0,1,-0.36585365853658536,0.0,high,F,2.0,-0.3326584644136427,1
2284,B,Ship,1.0,5,-0.4878048780487805,0.0,medium,F,2.0,-0.6939729014172248,1
2285,C,Ship,1.0,3,-0.975609756097561,2.5,high,F,0.8333333333333334,-0.8652857810309921,1
2286,F,Ship,0.0,1,-0.9634146341463414,-1.0,high,F,2.0,-0.9780408036131444,1
2287,D,Ship,0.5,4,0.24390243902439024,-1.0,high,F,2.0,-0.33172403052484034,1
2288,F,Ship,-0.5,1,0.012195121951219513,2.5,high,M,-0.3333333333333333,-0.22332969942376577,1
2289,A,Ship,0.5,4,-0.32926829268292684,-1.0,medium,F,0.5,-0.18688677776047344,1
2290,B,Ship,-0.5,1,0.2926829268292683,-1.0,medium,F,2.0,-0.22146083164616104,1
2291,C,Ship,0.0,2,0.7195121951219512,1.0,low,F,2.0,-0.28842859367699736,1
2292,F,Ship,0.5,4,-0.2682926829268293,0.0,medium,M,2.0,-0.13705030369101387,1
2293,D,Ship,-0.5,5,0.6585365853658537,1.0,high,M,-0.3333333333333333,-0.21896900794268806,1
2294,F,Ship,-0.5,5,0.13414634146341464,0.0,low,F,0.8333333333333334,-0.4447905310699268,1
2295,A,Ship,0.0,5,-0.7195121951219512,1.0,high,F,2.0,-0.8537610964024295,1
2296,B,Ship,0.0,2,0.10975609756097561,0.0,medium,F,2.0,-0.3086746612677153,1
2297,C,Ship,0.5,1,-0.24390243902439024,0.0,medium,F,2.0,-0.3569537455225043,1
2298,F,Ship,0.5,4,0.8170731707317073,1.0,medium,M,2.0,-0.13705030369101387,1
2299,D,Ship,0.0,5,-1.0,1.0,medium,F,2.0,-0.7581373617816539,1
2300,F,Ship,0.0,1,0.18292682926829268,0.0,medium,F,2.0,-0.391839277371126,1
2301,A,Ship,0.0,1,0.45121951219512196,0.0,low,F,2.0,-0.5130042049524997,1
2302,B,Ship,0.0,5,-1.2317073170731707,0.0,low,F,2.0,-0.7500389347453668,1
2303,C,Road,0.5,2,0.24390243902439024,2.5,low,F,2.0,-0.5298240149509422,1
2304,F,Road,-0.5,3,-0.4024390243902439,-1.0,medium,F,2.0,-0.2843793801588538,1
2305,D,Road,0.5,2,-0.6951219512195121,-1.0,low,M,2.0,-0.7771375175206354,1
2306,F,Road,-0.5,3,-0.7195121951219512,0.0,low,M,2.0,-0.7223173960442298,1
2307,A,Road,-0.5,5,-0.06097560975609756,-1.0,low,M,2.0,-0.48154493069615323,1
2308,B,Road,0.0,1,0.6097560975609756,0.0,low,M,1.0,-0.3532160099672948,1
2309,C,Road,-0.5,2,0.6585365853658537,0.0,low,M,2.0,-0.3993147484815449,1
2310,F,Road,1.0,2,0.12195121951219512,0.0,medium,F,2.0,-0.2809531225665784,1
2311,D,Road,0.0,3,0.10975609756097561,2.5,low,F,2.0,-0.37564242329855163,1
2312,F,Road,-0.5,5,-0.2804878048780488,0.0,high,F,1.6666666666666667,-0.5961688210559103,1
2313,A,Road,0.0,4,-0.36585365853658536,0.0,high,F,2.0,-0.05668898925401028,1
2314,B,Road,1.0,4,-0.4878048780487805,0.0,medium,F,1.1666666666666667,-0.7780719514094377,1
2315,C,Road,1.0,2,-0.975609756097561,2.5,high,M,2.0,-0.9640242952811089,1
2316,F,Road,0.0,5,-0.9634146341463414,-1.0,high,F,2.0,-0.9201059025073977,1
2317,D,Road,0.5,5,0.24390243902439024,-1.0,high,M,2.0,-0.07319732128951877,1
2318,F,Road,-0.5,1,0.012195121951219513,2.5,high,M,2.0,-0.13518143591340911,1
2319,A,Road,0.5,2,-0.32926829268292684,-1.0,medium,F,2.0,-0.4005606603332814,1
2320,B,Road,-0.5,2,0.2926829268292683,-1.0,medium,F,2.0,-0.2725432175673571,1
2321,C,Road,0.0,1,0.7195121951219512,1.0,low,F,2.0,-0.4790531069926803,1
2322,F,Road,0.5,5,-0.2682926829268293,0.0,medium,F,2.0,-0.608004983647407,1
2323,D,Road,-0.5,5,0.6585365853658537,1.0,high,M,2.0,-0.39121632144525775,1
2324,F,Road,-0.5,4,-0.6097560975609756,0.0,low,M,-0.3333333333333333,-0.8537610964024295,1
2325,A,Flight,-1.0,2,0.5,0.0,low,M,2.0,-0.8207444323314126,1
2326,B,Flight,0.0,4,-0.8902439024390244,-1.0,low,F,2.0,-0.9403519700981156,1
2327,C,Flight,-1.0,5,-0.14634146341463414,0.0,low,M,2.0,-0.4865285781030992,1
2328,F,Flight,0.0,4,0.8292682926829268,2.5,medium,F,2.0,-0.35508487774489955,1
2329,D,Flight,1.0,4,-0.2926829268292683,0.0,low,M,0.0,-0.30337953589783523,1
2330,F,Flight,0.0,2,-0.2682926829268293,1.0,low,F,2.0,-0.5896277838342937,1
2331,A,Flight,-0.5,4,-0.4268292682926829,-1.0,low,M,2.0,-0.9680735087992525,1
2332,B,Flight,0.0,3,0.2926829268292683,-1.0,medium,M,2.0,-0.6070705497586045,1
2333,C,Flight,-0.5,2,-0.4024390243902439,1.0,low,F,1.8333333333333333,-0.14109951720915745,1
2334,F,Flight,0.5,2,-1.048780487804878,2.0,medium,F,2.0,-0.7606291854851269,1
2335,D,Flight,0.5,1,0.8658536585365854,2.0,low,M,2.0,-0.6497430306805794,1
2336,F,Flight,0.5,5,0.7195121951219512,0.0,medium,F,1.8333333333333333,-0.5401027877277682,1
2337,A,Flight,-1.0,2,0.34146341463414637,2.5,low,F,2.0,-0.313035352748793,1
2338,B,Flight,-0.5,4,0.14634146341463414,0.0,medium,F,2.0,-0.17318174739137207,1
2339,C,Flight,-1.0,5,0.5,1.0,low,F,2.0,-0.6403986917925557,1
2340,F,Flight,0.5,1,-0.1951219512195122,-1.0,medium,F,2.0,-0.3501012303379536,1
2341,D,Flight,0.5,4,0.5975609756097561,0.0,medium,M,2.0,-0.05326273166173493,1
2342,F,Flight,-0.5,5,-0.34146341463414637,-1.0,low,F,2.0,-0.608004983647407,1
2343,A,Flight,0.5,2,0.5609756097560976,0.0,low,F,2.0,-0.3781342470020246,1
2344,B,Flight,0.0,2,-0.573170731707317,-1.0,low,F,-0.3333333333333333,-0.9282043295436848,1
2345,C,Flight,0.0,3,-0.04878048780487805,0.0,low,F,2.0,-0.562217723096091,1
2346,F,Flight,0.0,5,0.024390243902439025,0.0,low,F,2.0,-0.18688677776047344,1
2347,D,Ship,-0.5,2,0.7195121951219512,0.0,low,F,0.8333333333333334,-0.6213985360535742,1
2348,F,Ship,0.5,1,-0.7439024390243902,-1.0,low,F,2.0,-0.8518922286248248,1
2349,A,Ship,-0.5,2,-0.3780487804878049,0.0,medium,F,2.0,-0.10590250739760163,1
2350,B,Ship,0.0,1,0.12195121951219512,0.0,medium,F,2.0,-0.20246067590717956,1
2351,C,Ship,0.5,1,-0.5365853658536586,0.0,high,M,2.0,-0.7780719514094377,1
2352,F,Ship,0.5,1,0.2804878048780488,1.0,low,M,2.0,-0.480921974770285,1
2353,D,Ship,0.5,5,0.24390243902439024,2.5,medium,F,2.0,-0.5313814047656128,1
2354,F,Ship,-0.5,2,0.6097560975609756,0.0,medium,F,2.0,-0.2211493536832269,1
2355,A,Ship,-1.0,2,-0.7439024390243902,0.0,low,F,2.0,-0.8958106213985361,1
2356,B,Ship,0.0,3,0.17073170731707318,1.0,low,M,2.0,-0.17629652702071327,1
2357,C,Ship,-0.5,5,0.6097560975609756,-1.0,medium,M,2.0,-0.6628251051238125,1
2358,F,Ship,0.0,3,0.6463414634146342,0.0,low,F,2.0,-0.5659554586513004,1
2359,D,Ship,-0.5,2,-0.012195121951219513,-1.0,low,M,2.0,-0.28064164460364427,1
2360,F,Ship,0.0,1,-0.4024390243902439,0.0,medium,M,2.0,-0.27752686497430307,1
2361,A,Ship,1.0,4,-0.06097560975609756,2.0,low,F,2.0,-0.30524840367544,1
2362,B,Ship,-0.5,2,-0.5975609756097561,0.0,low,F,2.0,-0.9462700513938639,1
2363,C,Ship,-0.5,4,-0.6097560975609756,0.0,high,F,2.0,-0.8895810621398536,1
2364,F,Ship,0.5,5,-0.8902439024390244,-1.0,medium,M,1.1666666666666667,-0.9453356175050616,1
2365,D,Ship,-0.5,2,-0.6097560975609756,1.0,medium,M,-0.8333333333333334,-0.7624980532627317,1
2366,F,Ship,-0.5,3,-0.43902439024390244,-1.0,medium,M,-0.5,-0.7385142501168043,1
2367,A,Ship,0.5,4,-0.17073170731707318,0.0,medium,M,2.0,-0.6450708612365675,1
2368,B,Ship,0.0,5,-0.35365853658536583,-1.0,low,F,2.0,-0.05450864351347142,1
2369,C,Ship,-1.0,1,-0.4146341463414634,-1.0,medium,F,2.0,-0.9565488241706899,1
2370,F,Ship,0.0,5,-0.8536585365853658,0.0,low,M,0.3333333333333333,-0.8170066967762031,1
2371,D,Ship,0.0,4,-0.6463414634146342,1.0,low,F,1.1666666666666667,-0.9204173804703317,1
2372,F,Ship,0.0,5,-0.7560975609756098,0.0,medium,M,2.0,-0.9116959975081763,1
2373,A,Ship,-1.0,3,-1.0365853658536586,0.0,low,M,2.0,-0.9462700513938639,1
2374,B,Ship,0.5,2,-0.9024390243902439,0.0,medium,F,1.5,-0.6790219591963869,1
2375,C,Ship,0.0,1,0.6829268292682927,1.0,medium,F,2.0,-0.26070705497586044,1
2376,F,Ship,-0.5,2,-0.3780487804878049,0.0,medium,F,2.0,-0.6622021491979443,1
2377,D,Ship,0.0,1,0.6097560975609756,0.0,low,F,2.0,-0.13393552406167264,1
2378,F,Ship,-0.5,2,-0.573170731707317,1.0,medium,M,2.0,-0.6777760473446504,1
2379,A,Ship,0.5,1,0.06097560975609756,0.0,low,M,1.1666666666666667,-0.5301354929138763,1
2380,B,Ship,0.0,2,0.13414634146341464,0.0,low,M,2.0,-0.2990188444167575,1
2381,C,Ship,0.0,1,0.17073170731707318,0.0,low,F,2.0,-0.6628251051238125,1
2382,F,Ship,-0.5,5,-1.1585365853658536,0.0,medium,M,0.0,-0.9743030680579349,1
2383,D,Ship,-0.5,5,0.36585365853658536,0.0,low,F,0.16666666666666666,-0.3099205731194518,1
2384,F,Ship,0.0,3,-0.6219512195121951,2.0,low,M,2.0,-0.8721382962155427,1
2385,A,Ship,0.0,5,0.5609756097560976,0.0,medium,M,2.0,-0.06167263666095624,1
2386,B,Ship,0.0,3,-0.9634146341463414,-1.0,medium,F,2.0,-0.9581062139853606,1
2387,C,Ship,0.5,2,-0.573170731707317,0.0,medium,F,0.0,-0.6883662980844105,1
2388,F,Ship,0.0,4,0.23170731707317074,0.0,medium,F,1.1666666666666667,-0.5067746456938171,1
2389,D,Ship,0.0,5,-0.8170731707317073,-1.0,medium,F,2.0,-0.6880548201214765,1
2390,F,Ship,-1.0,4,-0.6707317073170732,-1.0,low,F,1.6666666666666667,-0.7671702227067435,1
2391,A,Ship,0.0,2,-0.9146341463414634,0.0,medium,M,-0.3333333333333333,-0.770907958261953,1
2392,B,Ship,-0.5,1,-0.17073170731707318,-1.0,low,F,2.0,-0.46659398847531536,1
2393,C,Ship,0.0,1,0.08536585365853659,0.0,low,F,-0.6666666666666666,-0.49929917458339823,1
2394,F,Ship,0.0,3,-0.6829268292682927,0.0,low,M,1.8333333333333333,-0.969630898613923,1
2395,D,Ship,0.0,5,0.15853658536585366,0.0,low,M,2.0,-0.0513938638841302,1
2396,F,Ship,-0.5,3,-0.4268292682926829,0.0,medium,F,0.8333333333333334,-0.9419093599127861,1
2397,A,Ship,-0.5,2,0.21951219512195122,0.0,low,F,2.0,-0.3170845662669366,1
2398,B,Ship,-0.5,3,-0.9146341463414634,-1.0,low,M,0.3333333333333333,-0.9257125058402118,1
2399,C,Ship,1.0,3,-0.23170731707317074,-1.0,medium,M,2.0,-0.08721382962155427,1
2400,F,Ship,1.0,2,0.7560975609756098,2.5,medium,M,0.0,-0.5332502725432176,1
2401,D,Ship,-1.0,5,-0.524390243902439,0.0,medium,F,1.0,-0.9493848310232051,1
2402,F,Ship,0.5,4,0.5487804878048781,0.0,medium,F,2.0,-0.4560037377355552,1
2403,A,Ship,-0.5,2,-1.1097560975609757,1.0,medium,F,0.0,-0.7952032393708145,1
2404,B,Ship,-0.5,2,-0.18292682926829268,1.0,low,F,2.0,-0.6045787260551316,1
2405,C,Ship,0.0,3,0.14634146341463414,-1.0,low,F,2.0,-0.3852982401495094,1
2406,F,Ship,0.0,2,-0.7926829268292683,0.0,medium,F,2.0,-0.8232362560348855,1
2407,D,Ship,-0.5,5,-1.2073170731707317,0.0,medium,M,2.0,-0.9428437938015886,1
2408,F,Ship,-0.5,2,0.35365853658536583,-1.0,medium,M,2.0,-0.445413486995795,1
2409,A,Ship,-1.0,4,-0.9512195121951219,2.5,medium,M,2.0,-0.8316461610341068,1
2410,B,Ship,-0.5,2,-0.4146341463414634,-1.0,low,F,-0.16666666666666666,-0.7282354773399782,1
2411,C,Ship,0.0,1,0.7317073170731707,1.0,medium,M,2.0,-0.25447749571717804,1
2412,F,Ship,1.0,5,0.23170731707317074,2.5,medium,M,2.0,-0.2516741940507709,1
2413,D,Ship,-0.5,2,0.4878048780487805,-1.0,medium,F,-0.8333333333333334,-0.2834449462700514,1
2414,F,Ship,0.0,5,-0.7439024390243902,0.0,high,F,-0.6666666666666666,-0.872761252141411,1
2415,A,Ship,1.0,3,-0.47560975609756095,2.0,medium,F,2.0,-0.7129730571562062,1
2416,B,Ship,0.5,2,-0.08536585365853659,-1.0,low,F,2.0,-0.6120541971655505,1
2417,C,Ship,-0.5,1,-0.7439024390243902,-1.0,low,F,-0.16666666666666666,-0.8830400249182371,1
2418,F,Ship,-0.5,4,0.17073170731707318,-1.0,medium,M,2.0,-0.06416446036442922,1
2419,D,Ship,0.5,2,-1.4390243902439024,-1.0,low,F,2.0,-0.9229092041738047,1
2420,F,Ship,0.0,4,0.32926829268292684,0.0,high,M,2.0,-0.10932876498987697,1
2421,A,Ship,0.5,2,0.4268292682926829,2.0,high,F,2.0,-0.4058557857031615,1
2422,B,Ship,-0.5,3,-0.3170731707317073,2.0,low,M,2.0,-0.04890204018065722,1
2423,C,Ship,-0.5,2,-0.7317073170731707,-1.0,high,F,-0.5,-0.9780408036131444,1
2424,F,Ship,0.0,4,0.14634146341463414,-1.0,high,M,2.0,-0.3099205731194518,1
2425,D,Ship,0.5,3,0.43902439024390244,-1.0,low,F,1.1666666666666667,-0.6494315527176452,1
2426,F,Ship,-0.5,1,-0.7804878048780488,-1.0,medium,F,2.0,-0.8465971032549447,1
2427,A,Ship,-0.5,5,0.6463414634146342,-1.0,low,F,1.5,-0.3849867621865753,1
2428,B,Ship,0.0,3,0.10975609756097561,0.0,low,M,2.0,-0.44665939884753153,1
2429,C,Ship,0.0,5,-0.2682926829268293,0.0,medium,F,2.0,-0.08596791776981778,1
2430,F,Ship,-0.5,2,-0.8658536585365854,0.0,low,F,2.0,-0.7363339043762653,1
2431,D,Ship,-0.5,5,-1.2317073170731707,-1.0,low,F,2.0,-0.7752686497430307,1
2432,F,Ship,0.0,1,-0.9634146341463414,0.0,medium,M,2.0,-0.8098427036287182,1
2433,A,Ship,0.0,4,-0.3048780487804878,1.0,high,F,2.0,-0.468151378289986,1
2434,B,Ship,-0.5,2,0.3780487804878049,0.0,medium,M,1.0,-0.11649275813736178,1
2435,C,Ship,-0.5,5,-0.4024390243902439,-1.0,low,M,2.0,-0.6017754243887244,1
2436,F,Ship,-0.5,2,-0.08536585365853659,-1.0,medium,F,2.0,-0.5260862793957327,1
2437,D,Ship,-0.5,1,-0.5487804878048781,-1.0,medium,F,2.0,-0.923843638062607,1
2438,F,Ship,0.0,5,-0.0975609756097561,0.0,low,F,2.0,-0.48310232051082386,1
2439,A,Ship,-1.0,5,-1.1829268292682926,0.0,low,M,2.0,-0.9210403363962,1
2440,B,Road,-1.0,1,-1.2073170731707317,0.0,high,M,2.0,-0.9039090484348232,1
2441,C,Road,-0.5,3,-0.7926829268292683,0.0,low,F,2.0,-0.9197944245444635,1
2442,F,Road,0.0,5,-0.9878048780487805,0.0,medium,M,-0.6666666666666666,-0.8553184862171002,1
2443,D,Road,0.0,3,0.6951219512195121,-1.0,medium,M,2.0,-0.48403675439962623,1
2444,F,Road,-1.0,5,-1.1951219512195121,0.0,low,F,-0.6666666666666666,-0.7665472667808753,1
2445,A,Road,-0.5,5,-0.9146341463414634,-1.0,medium,M,2.0,-0.7139074910450086,1
2446,B,Road,0.0,3,0.024390243902439025,0.0,medium,M,2.0,-0.49275813736178165,1
2447,C,Road,-0.5,5,-0.5975609756097561,-1.0,high,F,2.0,-0.9079582619529668,1
2448,F,Road,1.0,5,0.8780487804878049,1.0,low,F,2.0,-0.1168042361002959,1
2449,D,Road,0.5,3,-0.9512195121951219,0.0,medium,F,1.0,-0.8419249338109329,1
2450,F,Road,0.0,5,0.13414634146341464,1.0,low,M,2.0,-0.43046254477495716,1
2451,A,Road,0.0,2,-0.6219512195121951,0.0,low,F,2.0,-0.7818096869646473,1
2452,B,Road,0.0,3,0.7073170731707317,1.0,low,M,2.0,-0.40242952811088617,1
2453,C,Road,0.0,3,-0.9634146341463414,-1.0,high,M,2.0,-0.8898925401027877,1
2454,F,Road,0.0,5,-0.36585365853658536,0.0,low,F,2.0,-0.10496807350879925,1
2455,D,Road,0.0,5,0.06097560975609756,-1.0,medium,F,2.0,-0.6182837564242329,1
2456,F,Road,-0.5,3,0.4268292682926829,-1.0,medium,M,2.0,-0.5687587603177076,1
2457,A,Road,-1.0,3,-0.8780487804878049,0.0,low,F,2.0,-0.7646783990032705,1
2458,B,Road,0.5,2,-0.9390243902439024,0.0,medium,M,2.0,-0.9736801121320666,1
2459,C,Road,-1.0,5,-0.5609756097560976,0.0,low,M,2.0,-0.7575144058557857,1
2460,F,Road,0.5,5,-0.5975609756097561,0.0,medium,F,2.0,-0.7322846908581218,1
2461,D,Road,-0.5,3,-0.18292682926829268,-1.0,low,M,-0.5,-0.18564086590873696,1
2462,F,Flight,-0.5,3,0.3902439024390244,0.0,low,M,2.0,-0.15605045942999532,1
2463,A,Flight,0.5,2,0.12195121951219512,1.0,medium,M,2.0,-0.564709546799564,1
2464,B,Flight,0.5,5,0.024390243902439025,2.5,low,M,2.0,-0.6460052951253699,1
2465,C,Flight,0.5,3,-0.573170731707317,-1.0,low,M,-0.6666666666666666,-0.9372371904687743,1
2466,F,Flight,0.0,2,-0.3902439024390244,0.0,medium,M,1.1666666666666667,-0.2292477807195141,1
2467,D,Flight,1.0,1,-1.0731707317073171,0.0,medium,F,2.0,-0.7637439651144682,1
2468,F,Flight,0.5,1,-0.5365853658536586,0.0,medium,F,2.0,-0.8877121943622489,1
2469,A,Flight,0.0,2,-0.8048780487804879,0.0,medium,M,-0.8333333333333334,-0.7301043451175829,1
2470,B,Flight,0.0,2,-0.8902439024390244,0.0,medium,M,2.0,-0.7083008877121943,1
2471,C,Flight,0.5,5,-0.5487804878048781,-1.0,medium,F,1.1666666666666667,-0.8260395577012927,1
2472,F,Flight,0.5,2,-0.8658536585365854,0.0,medium,M,0.8333333333333334,-0.7310387790063853,1
2473,D,Flight,0.0,5,-0.7073170731707317,0.0,low,F,2.0,-0.8085967917769817,1
2474,F,Flight,0.5,1,0.32926829268292684,1.0,medium,F,2.0,-0.6092508954991435,1
2475,A,Flight,-0.5,4,-0.024390243902439025,0.0,medium,F,1.0,-0.5737424077246535,1
2476,B,Flight,0.5,3,0.6219512195121951,0.0,medium,M,2.0,-0.5781030992057312,1
2477,C,Flight,-0.5,4,0.35365853658536583,0.0,low,F,2.0,-0.3641177386699891,1
2478,F,Flight,0.5,2,-0.06097560975609756,1.0,medium,M,1.3333333333333333,-0.25510045164304623,1
2479,D,Flight,0.0,5,0.18292682926829268,0.0,medium,M,2.0,-0.4550693038467528,1
2480,F,Flight,-0.5,1,0.524390243902439,-1.0,low,F,2.0,-0.20339510979598194,1
2481,A,Flight,0.5,5,-0.06097560975609756,0.0,low,M,2.0,-0.07973835851113534,1
2482,B,Flight,-0.5,3,-0.8780487804878049,0.0,medium,M,2.0,-0.7014483725276437,1
2483,C,Flight,-0.5,5,-0.07317073170731707,1.0,medium,M,0.8333333333333334,-0.3015106681202305,1
2484,F,Ship,1.0,3,-0.573170731707317,2.5,low,F,1.3333333333333333,-0.8942532315838655,1
2485,D,Ship,-0.5,5,0.6341463414634146,0.0,medium,M,1.5,-0.5653325027254322,1
2486,F,Ship,0.5,3,-0.04878048780487805,-1.0,medium,M,2.0,-0.2389035975704719,1
2487,A,Ship,-1.0,2,-0.8170731707317073,-1.0,medium,F,2.0,-0.8416134558479987,1
2488,B,Ship,0.5,2,-1.0,-1.0,medium,M,0.16666666666666666,-0.7737112599283601,1
2489,C,Ship,-0.5,4,0.6707317073170732,0.0,medium,F,2.0,-0.13486995795047502,1
2490,F,Ship,0.5,3,-0.8048780487804879,0.0,medium,F,2.0,-0.9500077869490734,1
2491,D,Ship,0.0,5,0.6585365853658537,-1.0,high,M,2.0,-0.14764055443077403,1
2492,F,Ship,-0.5,5,-0.7073170731707317,-1.0,low,F,2.0,-0.8870892384363807,1
2493,A,Ship,0.5,1,0.0975609756097561,1.0,low,M,2.0,-0.2002803301666407,1
2494,B,Ship,0.0,5,-0.7682926829268293,0.0,high,F,2.0,-0.8671546488085968,1
2495,C,Ship,-0.5,3,0.2682926829268293,0.0,low,F,2.0,-0.15480454757825884,1
2496,F,Ship,-0.5,5,0.18292682926829268,0.0,medium,F,0.8333333333333334,-0.34262575922753463,1
2497,D,Ship,0.0,3,0.573170731707317,0.0,low,M,2.0,-0.4625447749571718,1
2498,F,Ship,-1.0,1,0.18292682926829268,1.0,low,M,-0.16666666666666666,-0.12209936147017598,1
2499,A,Ship,0.0,5,-0.10975609756097561,0.0,low,F,2.0,-0.5706276280953123,1
2500,B,Ship,-0.5,4,0.3170731707317073,-1.0,low,M,0.16666666666666666,-0.08285313814047657,1
2501,C,Ship,0.0,3,-0.06097560975609756,2.5,low,F,2.0,-0.4756268494004049,1
2502,F,Ship,-1.0,1,0.4634146341463415,-1.0,low,M,2.0,-0.5055287338420806,1
2503,D,Ship,-0.5,4,-0.9024390243902439,-1.0,medium,M,2.0,-0.949073353060271,1
2504,F,Ship,0.5,4,-0.7073170731707317,-1.0,low,F,2.0,-0.7185796604890204,1
2505,A,Ship,-1.0,2,-0.2926829268292683,2.5,medium,M,2.0,-0.2183460520168198,1
2506,B,Ship,-0.5,4,-0.926829268292683,2.5,medium,M,-0.3333333333333333,-0.715153402896745,1
2507,C,Ship,0.5,4,0.35365853658536583,0.0,low,F,2.0,-0.389347453667653,1
2508,F,Ship,-0.5,1,-0.3780487804878049,-1.0,low,M,2.0,-0.34947827441208534,1
2509,D,Ship,-0.5,5,-0.2926829268292683,2.5,medium,M,2.0,-0.28188755645538077,1
2510,F,Ship,0.5,1,0.25609756097560976,-1.0,low,M,2.0,-0.5288895810621399,1
2511,A,Ship,-0.5,2,-0.8658536585365854,2.5,medium,M,2.0,-0.6840056066033328,1
2512,B,Ship,-0.5,1,-0.4634146341463415,-1.0,medium,F,2.0,-0.8344494627005139,1
2513,C,Ship,-0.5,5,-0.43902439024390244,0.0,low,F,2.0,-0.8257280797383585,1
2514,F,Ship,-0.5,2,0.6829268292682927,-1.0,medium,F,2.0,-0.13798473757981622,1
2515,D,Ship,0.0,4,-0.8902439024390244,-1.0,low,M,0.0,-0.8316461610341068,1
2516,F,Ship,0.0,3,0.07317073170731707,0.0,medium,M,0.16666666666666666,-0.2513627160878368,1
2517,A,Ship,0.5,5,0.6097560975609756,0.0,medium,F,2.0,-0.20775580127705964,1
2518,B,Ship,-0.5,5,-0.7804878048780488,-1.0,low,F,2.0,-0.9011057467684161,1
2519,C,Ship,-0.5,4,-0.47560975609756095,0.0,medium,M,-0.5,-0.8191870425167419,1
2520,F,Ship,-1.0,4,0.10975609756097561,0.0,medium,F,2.0,-0.24700202460675907,1
2521,D,Ship,0.0,4,-0.6341463414634146,2.5,high,M,0.8333333333333334,-0.7992524528889581,1
2522,F,Ship,1.0,4,0.08536585365853659,2.5,medium,M,2.0,-0.3666095623734621,1
2523,A,Ship,0.5,1,0.024390243902439025,0.0,low,M,2.0,-0.4612988631054353,1
2524,B,Ship,0.5,5,-0.9878048780487805,2.5,medium,M,0.3333333333333333,-0.7553340601152468,1
2525,C,Ship,0.0,2,-0.2804878048780488,0.0,high,M,-0.6666666666666666,-0.5594144214296839,1
2526,F,Ship,0.0,5,-0.7073170731707317,0.0,low,M,2.0,-0.8304002491823703,1
2527,D,Ship,0.0,1,0.4634146341463415,0.0,medium,F,2.0,-0.46098738514250115,1
2528,F,Ship,-0.5,5,-0.1951219512195122,0.0,low,M,-0.8333333333333334,-0.2280018688677776,1
2529,A,Ship,-1.0,3,-0.9146341463414634,2.5,medium,M,2.0,-0.9705653325027255,1
2530,B,Ship,-1.0,1,0.5,0.0,low,M,2.0,-0.80921974770285,1
2531,C,Ship,0.0,1,-0.8902439024390244,-1.0,low,F,2.0,-0.7662357888179411,1
2532,F,Ship,0.0,1,-0.7682926829268293,0.0,high,F,2.0,-0.8381871982557234,1
2533,D,Ship,-0.5,5,0.2682926829268293,0.0,low,F,2.0,-0.053885687587603176,1
2534,F,Ship,-0.5,4,0.18292682926829268,0.0,medium,F,2.0,-0.28842859367699736,1
2535,A,Ship,0.0,3,0.573170731707317,0.0,low,F,-0.16666666666666666,-0.4242329855162747,1
2536,B,Ship,-1.0,1,0.18292682926829268,1.0,low,F,0.6666666666666666,-0.16664071016975548,1
2537,C,Ship,0.0,4,-0.10975609756097561,0.0,low,F,2.0,-0.5067746456938171,1
2538,F,Ship,-0.5,4,0.3170731707317073,-1.0,low,F,2.0,-0.2055754555365208,1
2539,D,Ship,0.0,4,-0.06097560975609756,2.5,low,M,2.0,-0.19218190313035352,1
2540,F,Ship,-1.0,5,0.4634146341463415,-1.0,low,F,2.0,-0.6475626849400405,1
2541,A,Ship,-0.5,3,-0.9024390243902439,-1.0,medium,F,2.0,-0.8104656595545865,1
2542,B,Ship,0.5,3,-0.7073170731707317,-1.0,low,M,-1.0,-0.9350568447282355,1
2543,C,Ship,-1.0,5,-0.2926829268292683,2.5,medium,M,0.6666666666666666,-0.3653636505217256,1
2544,F,Ship,-0.5,3,-0.926829268292683,2.5,medium,M,2.0,-0.9565488241706899,1
2545,D,Ship,0.5,4,0.35365853658536583,0.0,low,F,2.0,-0.39962622644447904,1
2546,F,Ship,-0.5,5,-0.3780487804878049,-1.0,low,F,0.5,-0.475938327363339,1
2547,A,Ship,-0.5,5,-0.2926829268292683,2.5,medium,M,2.0,-0.3793801588537611,1
2548,B,Ship,0.5,2,0.25609756097560976,-1.0,low,F,2.0,-0.21741161812801743,1
2549,C,Ship,-0.5,1,-0.8658536585365854,2.5,medium,M,-0.8333333333333334,-0.8802367232518299,1
2550,F,Ship,-0.5,3,-0.4634146341463415,-1.0,medium,M,2.0,-0.7142189690079427,1
2551,D,Ship,-0.5,1,-0.43902439024390244,0.0,low,F,0.6666666666666666,-0.8310232051082386,1
2552,F,Ship,-0.5,5,0.6829268292682927,-1.0,medium,F,2.0,-0.4463479208845974,1
2553,A,Ship,0.0,1,-0.8902439024390244,-1.0,low,M,0.5,-0.8749415978819498,1
2554,B,Ship,0.0,5,0.07317073170731707,0.0,medium,F,2.0,-0.3239370814514873,1
2555,C,Ship,0.5,5,0.6097560975609756,0.0,medium,F,2.0,-0.40865908736956863,1
2556,F,Ship,-0.5,5,-0.7804878048780488,-1.0,low,M,2.0,-0.6899236878990811,1
2557,D,Ship,-0.5,3,-0.47560975609756095,0.0,medium,F,2.0,-0.7167107927114157,1
2558,F,Ship,-1.0,5,0.10975609756097561,0.0,medium,M,2.0,-0.22177230960909516,1
2559,A,Ship,0.0,3,-0.6341463414634146,2.5,high,M,2.0,-0.7428749415978819,1
2560,B,Ship,1.0,3,0.08536585365853659,2.5,medium,F,1.0,-0.6011524684628563,1
2561,C,Ship,0.5,5,0.024390243902439025,0.0,low,F,-0.3333333333333333,-0.3152156984893319,1
2562,F,Ship,0.5,2,-0.9878048780487805,2.5,medium,M,2.0,-0.770907958261953,1
2563,D,Ship,0.0,3,-0.2804878048780488,0.0,high,F,2.0,-0.13549291387634324,1
2564,F,Ship,0.0,5,-0.7073170731707317,0.0,low,F,2.0,-0.7204485282666251,1
2565,A,Ship,0.0,2,0.4634146341463415,0.0,medium,F,2.0,-0.27285469553029124,1
2566,B,Ship,-0.5,2,-0.1951219512195122,0.0,low,M,1.3333333333333333,-0.2800186886777761,1
2567,C,Ship,-1.0,4,-0.9146341463414634,2.5,medium,F,2.0,-0.9247780719514095,1
2568,F,Ship,-1.0,4,0.5,0.0,low,F,2.0,-0.7743342158542283,1
2569,D,Ship,0.0,2,-0.8902439024390244,-1.0,low,F,0.16666666666666666,-0.8266625136271609,1
2570,F,Ship,0.5,2,0.5975609756097561,-1.0,medium,F,2.0,-0.9017287026942844,1
2571,A,Ship,-0.5,3,-0.4268292682926829,0.0,medium,F,2.0,-0.7030057623423143,1
2572,B,Ship,0.0,5,-0.024390243902439025,1.0,low,M,2.0,-0.9764834137984738,1
2573,C,Ship,-1.0,1,0.8292682926829268,2.0,low,F,2.0,-0.8680890826973992,1
2574,F,Ship,-0.5,5,-0.5975609756097561,0.0,medium,M,2.0,-0.8251051238124902,1
2575,D,Ship,0.0,1,-0.3048780487804878,-1.0,medium,F,2.0,-0.21024762498053262,1
2576,F,Ship,0.5,5,-0.6951219512195121,1.0,medium,M,2.0,-0.8540725743653637,1
2577,A,Road,-0.5,4,-0.573170731707317,0.0,low,M,1.1666666666666667,-0.8500233608472201,1
2578,B,Road,-0.5,1,-0.47560975609756095,-1.0,low,M,2.0,-0.7727768260395577,1
2579,C,Road,-0.5,4,-0.7804878048780488,-1.0,medium,M,2.0,-0.7388257280797383,1
2580,F,Road,0.0,2,-1.048780487804878,2.0,low,F,2.0,-0.9039090484348232,1
2581,D,Road,0.5,2,0.2682926829268293,-1.0,low,M,2.0,-0.14639464257903753,1
2582,F,Road,0.0,3,-0.6341463414634146,-1.0,medium,F,2.0,-0.7603177075221929,1
2583,A,Road,0.5,4,0.1951219512195122,-1.0,medium,F,2.0,-0.1264600529512537,1
2584,B,Road,0.5,3,0.13414634146341464,1.0,low,F,2.0,-0.6288740071639931,1
2585,C,Road,-1.0,2,0.8658536585365854,-1.0,medium,F,1.5,-0.5999065566111198,1
2586,F,Road,0.0,5,0.3902439024390244,-1.0,medium,M,2.0,-0.5401027877277682,1
2587,D,Road,0.0,4,-0.21951219512195122,-1.0,low,F,-0.16666666666666666,-0.44572496495872915,1
2588,F,Road,0.5,4,-0.036585365853658534,2.5,low,M,2.0,-0.06042672480921975,1
2589,A,Road,-0.5,1,-0.2073170731707317,-1.0,low,M,-0.5,-0.16446036442921663,1
2590,B,Road,0.5,3,-0.13414634146341464,-1.0,low,F,2.0,-0.19249338109328765,1
2591,C,Road,0.0,2,-0.6463414634146342,0.0,medium,F,0.5,-0.6917925556766858,1
2592,F,Road,0.5,5,0.6341463414634146,1.0,medium,M,2.0,-0.6067590717956705,1
2593,D,Road,0.0,1,-0.2926829268292683,0.0,low,F,2.0,-0.42828219903441833,1
2594,F,Road,-0.5,2,-0.9024390243902439,0.0,low,F,2.0,-0.8360068525151846,1
2595,A,Road,0.0,1,0.7317073170731707,1.0,medium,M,2.0,-0.23267403831178943,1
2596,B,Road,0.0,2,-0.5609756097560976,0.0,low,M,2.0,-0.7575144058557857,1
2597,C,Road,-0.5,5,-0.3048780487804878,0.0,low,F,2.0,-0.6061361158698022,1
2598,F,Road,-0.5,2,0.2073170731707317,0.0,low,F,2.0,-0.44697087681046566,1
2599,D,Flight,0.5,1,-0.3048780487804878,0.0,medium,F,1.1666666666666667,-0.25883818719825574,1
2600,F,Flight,0.0,1,0.07317073170731707,-1.0,medium,M,2.0,-0.5547422519856721,1
2601,A,Flight,0.5,4,-0.2926829268292683,-1.0,medium,F,2.0,-0.05886933499454913,1
2602,B,Flight,0.0,2,0.2926829268292683,0.0,low,M,2.0,-0.22613300109017287,1
2603,C,Flight,0.0,4,0.07317073170731707,-1.0,medium,F,2.0,-0.38997040959352125,1
2604,F,Flight,0.0,5,-0.24390243902439024,-1.0,high,M,2.0,-0.46659398847531536,1
2605,D,Flight,-0.5,3,-0.13414634146341464,0.0,medium,M,2.0,-0.2765924310855007,1
2606,F,Flight,-0.5,5,0.5365853658536586,0.0,low,M,2.0,-0.21896900794268806,1
2607,A,Flight,-0.5,5,-0.7682926829268293,0.0,low,M,-0.6666666666666666,-0.8958106213985361,1
2608,B,Flight,-0.5,2,0.04878048780487805,0.0,medium,F,2.0,-0.6229559258682448,1
2609,C,Flight,0.5,1,0.6219512195121951,0.0,medium,M,-0.16666666666666666,-0.5285781030992057,1
2610,F,Flight,0.0,1,-0.6951219512195121,0.0,medium,M,2.0,-0.7590717956704564,1
2611,D,Flight,0.0,2,0.0,0.0,medium,F,2.0,-0.6665628406790219,1
2612,F,Flight,0.0,4,0.08536585365853659,1.0,medium,M,1.1666666666666667,-0.37906868089082696,1
2613,A,Flight,-0.5,2,-0.7926829268292683,-1.0,medium,M,2.0,-0.7631210091885999,1
2614,B,Flight,0.0,2,0.7195121951219512,2.0,medium,F,-0.16666666666666666,-0.6301199190157296,1
2615,C,Flight,0.5,1,0.47560975609756095,2.0,low,M,2.0,-0.09749260239838031,1
2616,F,Flight,-0.5,5,-1.3658536585365855,2.5,medium,M,-0.6666666666666666,-0.8746301199190157,1
2617,D,Flight,0.0,1,0.5365853658536586,-1.0,low,F,2.0,-0.2999532783055599,1
2618,F,Flight,0.0,2,0.7195121951219512,-1.0,low,F,0.3333333333333333,-0.23859211960753776,1
2619,A,Flight,0.0,2,-0.32926829268292684,-1.0,low,M,2.0,-0.6098738514250117,1
2620,B,Flight,0.5,1,-0.7682926829268293,-1.0,medium,F,2.0,-0.8634169132533873,1
2621,C,Ship,-1.0,4,-1.146341463414634,-1.0,medium,M,1.0,-0.906089394175362,1
2622,F,Ship,-0.5,1,0.4878048780487805,-1.0,low,M,2.0,-0.21367388257280798,1
2623,D,Ship,0.5,3,-0.7926829268292683,0.0,medium,F,2.0,-0.9792867154648809,1
2624,F,Ship,0.0,1,-0.7560975609756098,0.0,high,M,2.0,-0.8363183304781187,1
2625,A,Ship,0.5,4,-0.32926829268292684,0.0,low,F,2.0,-0.3043139697866376,1
2626,B,Ship,0.0,4,-0.5365853658536586,-1.0,low,M,2.0,-0.8213673882572808,1
2627,C,Ship,-0.5,3,-0.7073170731707317,0.0,high,F,2.0,-0.8858433265846442,1
2628,F,Ship,0.0,5,0.17073170731707318,-1.0,low,M,2.0,-0.23298551627472355,1
2629,D,Ship,-0.5,1,0.7073170731707317,-1.0,low,M,2.0,-0.445413486995795,1
2630,F,Ship,-0.5,1,-0.9024390243902439,-1.0,low,F,-0.16666666666666666,-0.8453511914032082,1
2631,A,Ship,-0.5,5,-0.35365853658536583,-1.0,medium,M,2.0,-0.16352593054041425,1
2632,B,Ship,0.5,3,-0.573170731707317,0.0,low,F,-0.3333333333333333,-0.7403831178944089,1
2633,C,Ship,0.0,5,0.36585365853658536,0.0,low,F,2.0,-0.07319732128951877,1
2634,F,Ship,-0.5,4,0.18292682926829268,2.5,medium,F,2.0,-0.4155116025541193,1
2635,D,Ship,0.0,1,0.7195121951219512,0.0,medium,F,2.0,-0.1345584799875409,1
2636,F,Ship,0.0,3,-0.12195121951219512,0.0,low,M,2.0,-0.1168042361002959,1
2637,A,Ship,0.0,3,-0.7317073170731707,0.0,medium,M,0.5,-0.7593832736333904,1
2638,B,Ship,-0.5,1,0.4878048780487805,1.0,low,F,2.0,-0.5005450864351347,1
2639,C,Ship,-0.5,2,-0.7682926829268293,0.0,low,M,2.0,-0.9269584176919483,1
2640,F,Ship,-0.5,5,0.34146341463414637,2.0,medium,F,2.0,-0.14359134091263043,1
2641,D,Ship,0.0,5,-0.9390243902439024,-1.0,medium,F,1.1666666666666667,-0.73290764678399,1
2642,F,Ship,0.0,4,-0.6219512195121951,-1.0,low,F,2.0,-0.7833670767793178,1
2643,A,Ship,-0.5,3,-0.8658536585365854,0.0,medium,F,1.5,-0.8740071639931475,1
2644,B,Ship,0.0,4,-0.21951219512195122,0.0,low,F,0.6666666666666666,-0.28188755645538077,1
2645,C,Ship,0.0,3,0.6097560975609756,-1.0,low,F,2.0,-0.0847220059180813,1
2646,F,Ship,0.0,1,0.036585365853658534,0.0,medium,M,-0.8333333333333334,-0.45382339199501637,1
2647,D,Ship,-0.5,3,-1.0975609756097562,0.0,medium,M,2.0,-0.6821367388257281,1
2648,F,Ship,-0.5,1,0.6707317073170732,0.0,low,M,2.0,-0.1890671235010123,1
2649,A,Ship,-0.5,1,-0.9634146341463414,1.0,medium,M,2.0,-0.7192026164148887,1
2650,B,Ship,-1.0,1,-0.2682926829268293,0.0,high,M,2.0,-0.29372371904687744,1
2651,C,Ship,0.0,1,0.7317073170731707,1.0,medium,F,2.0,-0.5354306182837564,1
2652,F,Ship,-0.5,2,-0.6341463414634146,1.0,low,M,2.0,-0.8824170689923688,1
2653,D,Ship,-0.5,3,-0.6829268292682927,0.0,low,F,2.0,-0.8465971032549447,1
2654,F,Ship,0.5,3,0.13414634146341464,0.0,medium,M,2.0,-0.5852670923532161,1
2655,A,Ship,-1.0,5,-0.7804878048780488,0.0,low,F,1.5,-0.7509733686341691,1
2656,B,Ship,1.0,3,-0.7317073170731707,2.0,medium,F,2.0,-0.9444011836162591,1
2657,C,Ship,-0.5,1,-0.4024390243902439,0.0,medium,M,2.0,-0.2625759227534652,1
2658,F,Ship,-0.5,4,0.7073170731707317,0.0,low,M,2.0,-0.49867621865753,1
2659,D,Ship,-0.5,3,-0.6585365853658537,1.0,medium,M,2.0,-0.8263510356642267,1
2660,F,Ship,0.5,5,-0.8414634146341463,0.0,medium,F,2.0,-0.671546488085968,1
2661,A,Ship,0.0,4,-0.8658536585365854,2.0,high,F,-0.3333333333333333,-0.9724342002803301,1
2662,B,Ship,0.0,1,-0.15853658536585366,1.0,medium,M,2.0,-0.38124902663136584,1
2663,C,Ship,0.0,3,0.34146341463414637,1.0,low,M,2.0,-0.047344650365986604,1
2664,F,Ship,0.0,4,-0.7682926829268293,-1.0,low,F,2.0,-0.9805326273166174,1
2665,D,Ship,0.0,4,-0.18292682926829268,-1.0,medium,M,2.0,-0.13829621554275034,1
2666,F,Ship,0.0,1,-0.43902439024390244,0.0,medium,M,0.3333333333333333,-0.9789752375019467,1
2667,A,Ship,-0.5,2,-0.926829268292683,0.0,low,M,2.0,-0.6933499454913565,1
2668,B,Ship,0.5,3,-0.6341463414634146,1.0,medium,M,2.0,-0.8540725743653637,1
2669,C,Ship,0.0,3,-0.7317073170731707,0.0,low,M,2.0,-0.9493848310232051,1
2670,F,Ship,-0.5,1,-0.0975609756097561,-1.0,medium,F,2.0,-0.6478741629029746,1
2671,D,Ship,0.5,2,0.3902439024390244,-1.0,low,F,-0.5,-0.16570627628095314,1
2672,F,Ship,0.0,3,0.23170731707317074,-1.0,medium,F,2.0,-0.16913253387322846,1
2673,A,Ship,0.0,1,0.45121951219512196,1.0,medium,F,2.0,-0.3871671079271142,1
2674,B,Ship,-0.5,1,-0.5975609756097561,0.0,medium,M,2.0,-0.8833515028811711,1
2675,C,Ship,0.0,3,-0.3780487804878049,-1.0,low,F,2.0,-0.13705030369101387,1
2676,F,Ship,-0.5,2,-1.2804878048780488,0.0,low,F,2.0,-0.7948917614078804,1
2677,D,Ship,0.5,3,-0.06097560975609756,1.0,medium,F,0.0,-0.45911851736489645,1
2678,F,Ship,0.5,2,-0.5609756097560976,0.0,low,F,2.0,-0.829465815293568,1
2679,A,Ship,0.5,3,-0.04878048780487805,-1.0,low,M,2.0,-0.07132845351191404,1
2680,B,Ship,-0.5,1,-0.35365853658536583,-1.0,low,F,2.0,-0.11275502258215231,1
2681,C,Ship,0.5,2,0.35365853658536583,-1.0,medium,M,2.0,-0.4332658464413643,1
2682,F,Ship,-0.5,4,0.5365853658536586,0.0,low,F,2.0,-0.42734776514561595,1
2683,D,Ship,0.0,4,0.7926829268292683,2.0,medium,F,2.0,-0.45226600218034574,1
2684,F,Ship,-0.5,1,-0.6585365853658537,0.0,low,M,2.0,-0.7213829621554275,1
2685,A,Ship,-0.5,1,-0.35365853658536583,1.0,low,F,2.0,-0.15605045942999532,1
2686,B,Ship,0.0,3,0.6951219512195121,1.0,low,F,2.0,-0.20246067590717956,1
2687,C,Ship,0.0,2,0.7195121951219512,-1.0,low,F,2.0,-0.598037688833515,1
2688,F,Ship,-0.5,4,-0.07317073170731707,0.0,medium,F,2.0,-0.6382183460520168,1
2689,D,Ship,-1.0,2,-0.9390243902439024,0.0,low,F,2.0,-0.7244977417847688,1
2690,F,Ship,0.0,1,-0.1951219512195122,0.0,medium,F,2.0,-0.31583865441520015,1
2691,A,Ship,0.5,1,0.2682926829268293,1.0,high,F,2.0,-0.28593676997352435,1
2692,B,Ship,0.5,5,-0.9878048780487805,-1.0,low,F,1.8333333333333333,-0.939106058246379,1
2693,C,Ship,0.0,2,-0.2804878048780488,0.0,medium,F,0.8333333333333334,-0.1473290764678399,1
2694,F,Ship,-0.5,1,-0.14634146341463414,0.0,low,F,2.0,-0.18626382183460521,1
2695,D,Ship,0.5,1,-0.6341463414634146,2.0,low,F,2.0,-0.7543996262264445,1
2696,F,Ship,0.5,1,0.12195121951219512,-1.0,low,F,1.1666666666666667,-0.3706587758916057,1
2697,A,Ship,0.0,2,-0.2804878048780488,-1.0,high,M,2.0,-0.3323469864507086,1
2698,B,Ship,-0.5,5,0.7073170731707317,-1.0,medium,M,2.0,-0.5329387945802835,1
2699,C,Ship,0.0,3,0.6707317073170732,0.0,low,F,0.0,-0.5017909982868712,1
2700,F,Ship,0.0,2,-0.4268292682926829,0.0,high,F,2.0,-0.9571717800965581,1
2701,D,Ship,-0.5,5,0.13414634146341464,-1.0,low,F,2.0,-0.4837252764366921,1
2702,F,Ship,-0.5,2,-1.0,-1.0,medium,M,-0.16666666666666666,-0.9232206821367388,1
2703,A,Ship,0.5,3,0.36585365853658536,0.0,low,F,2.0,-0.32113377978508023,1
2704,B,Ship,-0.5,4,-0.35365853658536583,-1.0,low,F,2.0,-0.4049213518143591,1
2705,C,Ship,-0.5,3,0.524390243902439,0.0,low,M,2.0,-0.32580594922909206,1
2706,F,Ship,-0.5,3,0.47560975609756095,2.0,low,F,2.0,-0.1124435446192182,1
2707,D,Ship,0.0,3,-0.4878048780487805,0.0,low,F,-0.3333333333333333,-0.824482167886622,1
2708,F,Ship,-1.0,1,-0.17073170731707318,0.0,medium,M,2.0,-0.6073820277215387,1
2709,A,Ship,-0.5,1,-0.7804878048780488,0.0,medium,F,0.16666666666666666,-0.7487930228936303,1
2710,B,Ship,-0.5,2,-0.9390243902439024,0.0,medium,F,0.3333333333333333,-0.872761252141411,1
2711,C,Ship,-0.5,1,-0.4024390243902439,0.0,medium,M,2.0,-0.36380626070705496,1
2712,F,Ship,0.5,2,0.3902439024390244,-1.0,medium,M,1.0,-0.46628251051238123,1
2713,D,Ship,-0.5,3,0.2804878048780488,2.0,low,M,2.0,-0.6516118984581841,1
2714,F,Road,-0.5,5,0.14634146341463414,0.0,medium,M,2.0,-0.5245288895810621,1
2715,A,Road,0.0,4,0.13414634146341464,0.0,low,M,2.0,-0.3915277994081919,1
2716,B,Road,-0.5,2,0.6585365853658537,-1.0,low,M,2.0,-0.4416757514405856,1
2717,C,Road,0.0,3,-0.8292682926829268,0.0,low,M,2.0,-0.9372371904687743,1
2718,F,Road,0.0,5,-0.6707317073170732,0.0,low,M,-0.8333333333333334,-0.9658931630587136,1
2719,D,Road,-0.5,1,-0.9634146341463414,0.0,low,F,2.0,-0.722628874007164,1
2720,F,Road,-0.5,2,-0.975609756097561,-1.0,medium,F,2.0,-0.6861859523438717,1
2721,A,Road,0.0,3,-0.04878048780487805,0.0,low,M,-0.6666666666666666,-0.43824949384831025,1
2722,B,Road,0.0,4,0.2926829268292683,0.0,low,F,1.0,-0.656284067902196,1
2723,C,Road,0.0,3,0.0,1.0,low,M,2.0,-0.21896900794268806,1
2724,F,Road,0.0,2,-0.12195121951219512,1.0,low,F,2.0,-0.44354461921819033,1
2725,D,Road,0.0,1,0.15853658536585366,0.0,low,M,-0.3333333333333333,-0.3267403831178944,1
2726,F,Road,0.0,3,0.47560975609756095,0.0,high,F,1.8333333333333333,-0.4049213518143591,1
2727,A,Road,-1.0,3,-1.0731707317073171,1.0,high,F,-0.6666666666666666,-0.8674661267715309,1
2728,B,Road,0.0,4,-0.07317073170731707,-1.0,high,F,2.0,-0.43295436847843016,1
2729,C,Road,0.0,4,-0.4268292682926829,0.0,low,M,2.0,-0.687120386232674,1
2730,F,Road,-0.5,1,-1.0,-1.0,medium,M,2.0,-0.6977106369724342,1
2731,D,Road,-0.5,4,-0.8536585365853658,0.0,low,M,2.0,-0.8263510356642267,1
2732,F,Road,-0.5,3,0.2682926829268293,-1.0,medium,F,2.0,-0.24575611275502257,1
2733,A,Road,0.0,4,0.25609756097560976,0.0,low,F,1.6666666666666667,-0.13518143591340911,1
2734,B,Road,0.0,5,0.4878048780487805,0.0,low,M,2.0,-0.08223018221460832,1
2735,C,Road,-0.5,2,-0.8536585365853658,2.0,medium,M,2.0,-0.9724342002803301,1
2736,F,Flight,0.5,1,0.7073170731707317,0.0,medium,M,2.0,-0.5401027877277682,1
2737,D,Flight,-0.5,3,-0.2804878048780488,1.0,medium,F,1.6666666666666667,-0.14764055443077403,1
2738,F,Flight,0.5,3,-0.45121951219512196,1.0,medium,M,2.0,-0.931319109173026,1
2739,A,Flight,0.5,4,0.14634146341463414,0.0,low,F,2.0,-0.3114779629341224,1
2740,B,Flight,-0.5,4,-1.0,-1.0,medium,M,0.8333333333333334,-0.8272854695530292,1
2741,C,Flight,-0.5,1,-1.1341463414634145,2.0,low,F,2.0,-0.8011213206665628,1
2742,F,Flight,0.0,2,-0.524390243902439,0.0,low,F,2.0,-0.9743030680579349,1
2743,D,Flight,-0.5,3,-0.43902439024390244,0.0,high,M,0.8333333333333334,-0.7005139386388413,1
2744,F,Flight,0.0,3,-1.0,1.0,medium,M,0.5,-0.7419405077090796,1
2745,A,Flight,1.0,4,0.4268292682926829,2.0,medium,M,2.0,-0.3335928983024451,1
2746,B,Flight,-1.0,4,-0.6707317073170732,0.0,medium,M,2.0,-0.8104656595545865,1
2747,C,Flight,0.5,2,-0.524390243902439,0.0,high,M,2.0,-0.9718112443544619,1
2748,F,Flight,-0.5,3,-0.7804878048780488,0.0,low,M,-0.16666666666666666,-0.7394486840056066,1
2749,D,Flight,0.0,4,-0.43902439024390244,0.0,low,F,-1.0,-0.9294502413954213,1
2750,F,Flight,-0.5,3,-0.2682926829268293,2.5,high,F,2.0,-0.6220214919794425,1
2751,A,Flight,-0.5,5,0.0,2.5,high,M,2.0,-0.16228001868867778,1
2752,B,Flight,0.5,3,0.13414634146341464,2.5,medium,F,2.0,-0.3074287494159788,1
2753,C,Flight,0.5,4,-0.573170731707317,2.5,medium,F,2.0,-0.7656128328920729,1
2754,F,Flight,-0.5,5,0.3780487804878049,1.0,medium,M,-0.5,-0.4298395888490889,1
2755,D,Flight,0.0,5,-0.926829268292683,2.5,medium,M,2.0,-0.8668431708456626,1
2756,F,Flight,0.0,4,-0.5,0.0,medium,F,2.0,-0.7170222706743498,1
2757,A,Flight,-0.5,5,-1.4146341463414633,0.0,medium,F,2.0,-0.7830555988163838,1
2758,B,Ship,-0.5,1,0.2073170731707317,-1.0,low,M,2.0,-0.14359134091263043,1
2759,C,Ship,0.5,5,-0.7926829268292683,2.5,medium,F,2.0,-0.8730727301043452,1
2760,F,Ship,-0.5,1,-0.0975609756097561,0.0,medium,M,2.0,-0.3915277994081919,1
2761,D,Ship,0.5,3,0.6097560975609756,2.5,medium,F,2.0,-0.22052639775735866,1
2762,F,Ship,-0.5,1,-0.25609756097560976,-1.0,medium,F,2.0,-0.44261018532938795,1
2763,A,Ship,0.5,1,0.5975609756097561,-1.0,medium,F,-0.5,-0.9521881326896122,1
2764,B,Ship,-0.5,2,-0.2804878048780488,1.0,medium,F,1.5,-0.5830867466126771,1
2765,C,Ship,0.5,4,-0.45121951219512196,1.0,medium,M,2.0,-0.6942843793801589,1
2766,F,Ship,0.5,5,0.14634146341463414,0.0,low,M,2.0,-0.5609718112443545,1
2767,D,Ship,-0.5,1,-1.0,-1.0,medium,F,1.5,-0.753153714374708,1
2768,F,Ship,-0.5,1,-1.1341463414634145,2.0,low,M,2.0,-0.8235477339978197,1
2769,A,Ship,0.0,2,-0.524390243902439,0.0,low,M,2.0,-0.8712038623267404,1
2770,B,Ship,-0.5,3,-0.43902439024390244,0.0,high,M,2.0,-0.8198099984426102,1
2771,C,Ship,0.0,4,-1.0,1.0,medium,F,2.0,-0.7653013549291388,1
2772,F,Ship,1.0,5,0.4268292682926829,2.0,medium,M,2.0,-0.07849244665939885,1
2773,D,Ship,-1.0,3,-0.6707317073170732,0.0,medium,F,2.0,-0.8322691169599751,1
2774,F,Ship,0.5,5,-0.524390243902439,0.0,high,M,1.1666666666666667,-0.8082853138140477,1
2775,A,Ship,-0.5,1,-0.7804878048780488,0.0,low,F,2.0,-0.7220059180812958,1
2776,B,Ship,0.0,1,-0.43902439024390244,0.0,low,M,2.0,-0.6986450708612366,1
2777,C,Ship,-0.5,3,-0.2682926829268293,2.5,high,F,2.0,-0.16041115091107305,1
2778,F,Ship,-0.5,4,0.0,2.5,high,F,-0.16666666666666666,-0.38156050459429997,1
2779,D,Ship,0.5,3,0.13414634146341464,2.5,medium,F,1.6666666666666667,-0.19716555053729948,1
2780,F,Ship,0.5,4,-0.573170731707317,2.5,medium,F,2.0,-0.7880392462233297,1
2781,A,Ship,-0.5,2,0.3780487804878049,1.0,medium,M,2.0,-0.6139230649431553,1
2782,B,Ship,0.0,4,-0.926829268292683,2.5,medium,M,2.0,-0.8157607849244666,1
2783,C,Ship,0.0,4,-0.5,0.0,medium,F,2.0,-0.7911540258526709,1
2784,F,Ship,-0.5,2,-1.4146341463414633,0.0,medium,F,2.0,-0.9630898613923065,1
2785,D,Ship,-0.5,1,0.2073170731707317,-1.0,low,M,2.0,-0.10527955147173337,1
2786,F,Ship,0.5,3,-0.7926829268292683,2.5,medium,F,2.0,-0.8484659710325494,1
2787,A,Ship,-0.5,5,-0.0975609756097561,0.0,medium,M,2.0,-0.12552561906245133,1
2788,B,Ship,0.5,4,0.6097560975609756,2.5,medium,F,2.0,-0.37034729792867155,1
2789,C,Ship,-0.5,5,-0.25609756097560976,-1.0,medium,F,0.8333333333333334,-0.13050926646939728,1
2790,F,Ship,0.5,2,0.5975609756097561,-1.0,medium,F,2.0,-0.7762030836318331,1
2791,D,Ship,-1.0,5,0.8292682926829268,2.0,low,M,2.0,-0.9269584176919483,1
2792,F,Ship,0.5,4,-0.25609756097560976,0.0,low,M,2.0,-0.4332658464413643,1
2793,A,Ship,0.0,4,-0.524390243902439,0.0,medium,F,0.6666666666666666,-0.7958261952966827,1
2794,B,Ship,-0.5,5,-0.024390243902439025,0.0,low,F,2.0,-0.450397134402741,1
2795,C,Ship,-1.0,1,-0.6707317073170732,-1.0,low,F,2.0,-0.9144992991745834,1
2796,F,Ship,-0.5,2,-1.3658536585365855,1.0,medium,M,2.0,-0.9123189534340446,1
2797,D,Ship,-0.5,2,-0.8414634146341463,-1.0,medium,F,2.0,-0.765924310855007,1
2798,F,Ship,-0.5,1,0.13414634146341464,-1.0,high,F,2.0,-0.48715153402896744,1
2799,A,Ship,-1.0,1,-0.4878048780487805,0.0,medium,F,0.8333333333333334,-0.8693349945491357,1
2800,B,Ship,0.0,3,0.10975609756097561,1.0,low,F,2.0,-0.3117894408970565,1
2801,C,Ship,-0.5,5,-0.35365853658536583,-1.0,low,F,2.0,-0.2018377199813113,1
2802,F,Ship,0.0,5,0.3780487804878049,0.0,medium,M,-0.16666666666666666,-0.4460364429216633,1
2803,D,Ship,-0.5,3,-1.4024390243902438,0.0,high,M,2.0,-0.9113845195452421,1
2804,F,Ship,-0.5,3,-0.8902439024390244,1.0,low,F,2.0,-0.8509577947360224,1
2805,A,Ship,0.0,2,0.0975609756097561,-1.0,medium,F,1.5,-0.5080205575455536,1
2806,B,Ship,-0.5,2,-0.2682926829268293,0.0,medium,F,2.0,-0.28531381404765616,1
2807,C,Ship,-0.5,1,-0.32926829268292684,1.0,medium,M,2.0,-0.16446036442921663,1
2808,F,Ship,0.0,2,0.024390243902439025,-1.0,low,F,2.0,-0.5351191403208223,1
2809,D,Ship,-0.5,2,-0.8292682926829268,1.0,low,M,1.0,-0.7347765145615948,1
2810,F,Ship,-0.5,2,-0.08536585365853659,-1.0,low,M,2.0,-0.22737891294190937,1
2811,A,Ship,0.0,2,0.13414634146341464,-1.0,low,F,-0.16666666666666666,-0.6662513627160879,1
2812,B,Ship,-0.5,4,0.1951219512195122,-1.0,medium,F,1.3333333333333333,-0.5752997975393241,1
2813,C,Ship,-0.5,2,-0.5,0.0,medium,F,2.0,-0.6724809219747703,1
2814,F,Ship,0.0,4,-1.0609756097560976,1.0,high,M,2.0,-0.9064008721382962,1
2815,D,Ship,-0.5,3,0.0,-1.0,low,M,2.0,-0.08721382962155427,1
2816,F,Ship,0.0,1,-0.6463414634146342,0.0,low,M,2.0,-0.8394331101074599,1
2817,A,Ship,0.0,2,0.5853658536585366,-1.0,low,F,2.0,-0.19498520479676063,1
2818,B,Ship,0.5,2,-0.6951219512195121,0.0,low,M,-1.0,-0.7322846908581218,1
2819,C,Ship,-0.5,1,-0.6097560975609756,0.0,medium,F,0.3333333333333333,-0.7307273010434512,1
2820,F,Ship,0.0,4,-0.4878048780487805,-1.0,low,F,0.6666666666666666,-0.8011213206665628,1
2821,D,Ship,-1.0,2,-0.3170731707317073,1.0,medium,M,2.0,-0.5372994860613611,1
2822,F,Ship,-0.5,1,-0.8902439024390244,-1.0,low,F,-0.5,-0.8883351502881172,1
2823,A,Ship,0.5,5,-0.975609756097561,-1.0,medium,M,2.0,-0.7363339043762653,1
2824,B,Ship,-1.0,4,-0.8170731707317073,-1.0,medium,F,2.0,-0.7509733686341691,1
2825,C,Ship,0.0,1,-0.4146341463414634,0.0,medium,M,2.0,-0.80921974770285,1
2826,F,Ship,-0.5,3,0.13414634146341464,-1.0,medium,M,2.0,-0.5886933499454914,1
2827,D,Ship,-1.0,3,-0.5121951219512195,0.0,medium,F,0.6666666666666666,-0.8182526086279396,1
2828,F,Ship,1.0,2,-1.0121951219512195,2.0,medium,F,-0.3333333333333333,-0.7572029278928516,1
2829,A,Ship,-0.5,1,0.6829268292682927,1.0,low,M,2.0,-0.20619841146238904,1
2830,B,Ship,-0.5,4,-0.5121951219512195,0.0,low,M,2.0,-0.9487618750973369,1
2831,C,Ship,0.0,5,-0.1951219512195122,0.0,medium,M,2.0,-0.6291854851269273,1
2832,F,Ship,0.0,2,-0.573170731707317,0.0,low,M,2.0,-0.7824326428905155,1
2833,D,Ship,-1.0,2,-0.5609756097560976,2.0,medium,F,-1.0,-0.7051861080828531,1
2834,F,Ship,0.0,1,-0.5975609756097561,1.0,medium,F,2.0,-0.7220059180812958,1
2835,A,Ship,0.0,5,-0.7926829268292683,2.5,medium,M,2.0,-0.6774645693817163,1
2836,B,Ship,-0.5,3,-0.34146341463414637,0.0,low,M,2.0,-0.27628095312256656,1
2837,C,Ship,0.0,1,-0.7682926829268293,-1.0,low,F,2.0,-0.76841613455848,1
2838,F,Ship,-0.5,5,-0.8292682926829268,0.0,medium,F,2.0,-0.8036131443700358,1
2839,D,Ship,0.0,5,0.21951219512195122,-1.0,low,M,2.0,-0.5055287338420806,1
2840,F,Ship,0.0,1,-0.45121951219512196,-1.0,low,F,2.0,-0.763432487151534,1
2841,A,Ship,0.0,4,-0.7926829268292683,-1.0,medium,F,2.0,-0.7737112599283601,1
2842,B,Ship,0.0,2,-0.4146341463414634,0.0,low,M,-0.6666666666666666,-0.8194985204796761,1
2843,C,Ship,0.5,5,-0.5121951219512195,-1.0,medium,F,2.0,-0.8419249338109329,1
2844,F,Ship,0.5,2,-0.6585365853658537,0.0,medium,M,2.0,-0.9640242952811089,1
2845,D,Ship,-0.5,2,-0.0975609756097561,-1.0,medium,F,2.0,-0.41333125681358046,1
2846,F,Ship,0.0,5,-0.8292682926829268,0.0,low,F,0.3333333333333333,-0.7674817006696776,1
2847,A,Ship,-1.0,1,0.524390243902439,-1.0,low,F,2.0,-0.6288740071639931,1
2848,B,Ship,0.5,5,0.06097560975609756,0.0,medium,M,2.0,-0.22395265534963402,1
2849,C,Ship,0.0,2,0.7317073170731707,-1.0,medium,M,2.0,-0.22831334683071172,1
2850,F,Ship,-1.0,2,-0.45121951219512196,2.0,low,M,2.0,-0.903286092508955,1
2851,D,Road,0.0,3,-0.06097560975609756,-1.0,medium,M,2.0,-0.12708300887712196,1
2852,F,Road,0.0,1,-0.08536585365853659,-1.0,low,M,-0.8333333333333334,-0.282510512381249,1
2853,A,Road,0.0,4,-0.7439024390243902,0.0,low,F,2.0,-0.7899081140009344,1
2854,B,Road,0.0,4,-0.6829268292682927,0.0,low,F,2.0,-0.8229247780719514,1
2855,C,Road,-0.5,4,0.573170731707317,-1.0,medium,F,2.0,-0.25198567201370503,1
2856,F,Road,0.0,1,-0.3902439024390244,2.5,low,M,2.0,-0.6547266780875253,1
2857,D,Road,-1.0,3,-1.048780487804878,-1.0,medium,F,2.0,-0.8157607849244666,1
2858,F,Road,-1.0,1,-0.43902439024390244,0.0,low,M,-0.16666666666666666,-0.923532160099673,1
2859,A,Road,-1.0,4,-0.1951219512195122,0.0,low,M,2.0,-0.4964958729169911,1
2860,B,Road,0.0,3,-0.9390243902439024,0.0,medium,M,2.0,-0.8877121943622489,1
2861,C,Road,0.0,1,-0.5609756097560976,-1.0,low,F,2.0,-0.8204329543684784,1
2862,F,Road,-0.5,3,0.4146341463414634,1.0,low,F,2.0,-0.27192026164148886,1
2863,D,Road,0.5,2,0.13414634146341464,0.0,medium,F,2.0,-0.5413486995795047,1
2864,F,Road,0.5,4,0.3048780487804878,-1.0,low,M,2.0,-0.636038000311478,1
2865,A,Road,0.5,4,0.5121951219512195,0.0,low,F,2.0,-0.15293567980065412,1
2866,B,Road,0.5,1,-1.2804878048780488,-1.0,high,M,2.0,-0.8316461610341068,1
2867,C,Road,-0.5,3,0.7317073170731707,-1.0,medium,F,2.0,-0.2220837875720293,1
2868,F,Road,0.5,4,-0.6951219512195121,1.0,low,F,2.0,-0.684628562529201,1
2869,D,Road,-0.5,2,-1.0853658536585367,0.0,medium,F,0.8333333333333334,-0.9148107771375176,1
2870,F,Road,0.0,5,-0.13414634146341464,-1.0,low,F,2.0,-0.5382339199501636,1
2871,A,Road,-0.5,3,-1.146341463414634,0.0,low,F,2.0,-0.8145148730727301,1
2872,B,Road,-0.5,5,-0.24390243902439024,1.0,medium,F,2.0,-0.452888958106214,1
2873,C,Flight,0.0,2,0.524390243902439,1.0,high,M,2.0,-0.5855785703161501,1
2874,F,Flight,0.0,4,0.23170731707317074,-1.0,medium,M,2.0,-0.5787260551315995,1
2875,D,Flight,0.5,2,-0.25609756097560976,-1.0,low,F,-1.0,-0.4279707210714842,1
2876,F,Flight,0.5,3,-0.14634146341463414,2.5,low,F,2.0,-0.3778227690390905,1
2877,A,Flight,0.0,5,0.6829268292682927,0.0,low,M,2.0,-0.4451020090328609,1
2878,B,Flight,0.5,5,0.3170731707317073,0.0,medium,F,0.8333333333333334,-0.4441675751440586,1
2879,C,Flight,-0.5,2,0.12195121951219512,0.0,medium,M,2.0,-0.6428905154960286,1
2880,F,Flight,0.0,1,-0.23170731707317074,-1.0,medium,M,2.0,-0.3958884908892696,1
2881,D,Flight,-0.5,2,-0.5975609756097561,0.0,medium,M,2.0,-0.7818096869646473,1
2882,F,Flight,0.0,1,-0.6097560975609756,-1.0,medium,F,-0.6666666666666666,-0.9422208378757203,1
2883,A,Flight,-0.5,1,-1.329268292682927,0.0,low,M,2.0,-0.8861548045475782,1
2884,B,Flight,-0.5,1,0.4146341463414634,0.0,low,M,0.3333333333333333,-0.47749571717800965,1
2885,C,Flight,0.0,3,0.6707317073170732,2.5,medium,M,2.0,-0.06198411462389036,1
2886,F,Flight,0.0,1,0.47560975609756095,0.0,low,M,2.0,-0.48528266625136274,1
2887,D,Flight,-0.5,1,0.2073170731707317,1.0,medium,F,2.0,-0.12272231739604424,1
2888,F,Flight,-0.5,1,-0.6097560975609756,-1.0,low,F,2.0,-0.8151378289985983,1
2889,A,Flight,-0.5,3,-0.4634146341463415,0.0,medium,M,1.1666666666666667,-0.7612521414109952,1
2890,B,Flight,0.0,3,-0.7926829268292683,0.0,medium,M,1.6666666666666667,-0.6724809219747703,1
2891,C,Flight,0.0,5,-0.32926829268292684,2.0,medium,M,1.5,-0.11462389035975705,1
2892,F,Flight,-0.5,2,-0.7804878048780488,-1.0,low,M,2.0,-0.8814826351035664,1
2893,D,Flight,-0.5,2,-0.2926829268292683,0.0,medium,M,1.8333333333333333,-0.44665939884753153,1
2894,F,Flight,0.0,1,0.14634146341463414,0.0,low,M,2.0,-0.3339043762653792,1
2895,A,Ship,-0.5,4,-1.4146341463414633,-1.0,low,F,2.0,-0.8129574832580595,1
2896,B,Ship,-0.5,5,-0.7560975609756098,-1.0,medium,F,-0.16666666666666666,-0.7316617349322535,1
2897,C,Ship,-1.0,2,-0.5,-1.0,medium,M,2.0,-0.8017442765924311,1
2898,F,Ship,0.0,1,-0.6585365853658537,-1.0,high,F,2.0,-0.7126615791932721,1
2899,D,Ship,0.0,2,-0.4146341463414634,0.0,low,M,2.0,-0.8995483569537456,1
2900,F,Ship,-0.5,2,-0.47560975609756095,-1.0,medium,F,0.8333333333333334,-0.7263666095623734,1
2901,A,Ship,-0.5,3,0.7317073170731707,0.0,low,M,-0.16666666666666666,-0.3622488708923844,1
2902,B,Ship,0.0,1,0.024390243902439025,1.0,low,M,-0.5,-0.5874474380937549,1
2903,C,Ship,1.0,2,0.8414634146341463,-1.0,low,F,1.8333333333333333,-0.3339043762653792,1
2904,F,Ship,1.0,4,-0.2682926829268293,0.0,high,F,2.0,-0.3753309453356175,1
2905,D,Ship,-0.5,4,0.2682926829268293,1.0,medium,F,2.0,-0.48746301199190156,1
2906,F,Ship,0.0,2,0.21951219512195122,0.0,high,M,2.0,-0.4092820432954368,1
2907,A,Ship,-1.0,3,-0.12195121951219512,1.0,low,F,2.0,-0.31583865441520015,1
2908,B,Ship,-0.5,2,-0.926829268292683,-1.0,medium,F,2.0,-0.8450397134402741,1
2909,C,Ship,-0.5,4,-0.7317073170731707,-1.0,low,M,2.0,-0.9758604578726056,1
2910,F,Ship,0.0,3,0.36585365853658536,-1.0,low,M,1.6666666666666667,-0.31895343404454135,1
2911,D,Ship,-0.5,2,-0.8536585365853658,0.0,medium,F,2.0,-0.7107927114156674,1
2912,F,Ship,-0.5,4,0.7317073170731707,0.0,medium,M,2.0,-0.33421585422831335,1
2913,A,Ship,-0.5,2,-0.3902439024390244,0.0,low,F,2.0,-0.055131599439339665,1
2914,B,Ship,1.0,1,0.43902439024390244,2.0,low,F,2.0,-0.24824793645849555,1
2915,C,Ship,0.0,4,-0.08536585365853659,-1.0,medium,F,1.1666666666666667,-0.3750194673726834,1
2916,F,Ship,-0.5,4,0.34146341463414637,0.0,high,M,2.0,-0.3544619218190313,1
2917,D,Ship,0.5,1,-0.7317073170731707,-1.0,low,M,2.0,-0.7718423921507553,1
2918,F,Ship,0.0,4,-0.4634146341463415,0.0,medium,M,2.0,-0.8338265067746456,1
2919,A,Ship,-0.5,5,0.4634146341463415,0.0,low,M,1.8333333333333333,-0.13954212739448685,1
2920,B,Ship,0.0,1,-0.8170731707317073,0.0,medium,M,2.0,-0.7733997819654259,1
2921,C,Ship,0.5,3,-0.6951219512195121,1.0,low,M,-1.0,-0.88553184862171,1
2922,F,Ship,-0.5,1,0.524390243902439,-1.0,medium,M,2.0,-0.19685407257436535,1
2923,D,Ship,0.0,3,-0.5121951219512195,0.0,medium,F,-0.16666666666666666,-0.8995483569537456,1
2924,F,Ship,0.0,3,-0.975609756097561,0.0,high,F,2.0,-0.7849244665939885,1
2925,A,Ship,-1.0,2,-0.7560975609756098,1.0,low,F,2.0,-0.9148107771375176,1
2926,B,Ship,-0.5,1,-0.6463414634146342,0.0,low,F,2.0,-0.6949073353060271,1
2927,C,Ship,-0.5,1,0.6707317073170732,0.0,low,M,2.0,-0.3476094066344806,1
2928,F,Ship,-1.0,3,-0.6097560975609756,-1.0,medium,M,2.0,-0.7662357888179411,1
2929,D,Ship,0.5,3,-1.2195121951219512,2.5,medium,F,2.0,-0.7484815449306962,1
2930,F,Ship,1.0,5,-0.012195121951219513,2.5,low,M,0.0,-0.4485282666251363,1
2931,A,Ship,0.0,4,0.5,0.0,medium,F,2.0,-0.42734776514561595,1
2932,B,Ship,-0.5,3,-0.9634146341463414,0.0,medium,F,2.0,-0.8783678554742252,1
2933,C,Ship,-0.5,2,-0.7195121951219512,0.0,medium,F,0.0,-0.8456626693661423,1
2934,F,Ship,1.0,3,0.7195121951219512,1.0,medium,F,2.0,-0.503659866064476,1
2935,D,Ship,0.0,3,-0.9634146341463414,0.0,low,F,1.3333333333333333,-0.9783522815760785,1
2936,F,Ship,0.0,4,-0.5365853658536586,0.0,low,M,2.0,-0.9222862482479365,1
2937,A,Ship,1.0,4,-0.926829268292683,2.0,medium,F,1.3333333333333333,-0.9244665939884753,1
2938,B,Ship,-0.5,2,-0.012195121951219513,1.0,low,M,2.0,-0.2015262420183772,1
2939,C,Ship,0.0,5,-0.7073170731707317,2.0,high,F,2.0,-0.7880392462233297,1
2940,F,Ship,-0.5,1,-0.9146341463414634,-1.0,low,M,2.0,-0.905777916212428,1
2941,D,Ship,-0.5,1,0.5975609756097561,0.0,medium,M,-0.16666666666666666,-0.44665939884753153,1
2942,F,Ship,-1.0,3,-0.6585365853658537,1.0,low,F,2.0,-0.7160878367855474,1
2943,A,Ship,-0.5,3,-0.8048780487804879,-1.0,low,M,2.0,-0.8556299641800342,1
2944,B,Ship,0.0,3,0.5487804878048781,0.0,high,M,2.0,-0.1208534496184395,1
2945,C,Ship,0.5,4,0.7195121951219512,0.0,low,F,2.0,-0.23828064164460364,1
2946,F,Ship,-0.5,2,-0.024390243902439025,0.0,medium,F,0.3333333333333333,-0.5070861236567513,1
2947,D,Ship,-0.5,5,-0.8536585365853658,2.5,low,F,2.0,-0.946581529356798,1
2948,F,Ship,-1.0,2,-0.25609756097560976,0.0,medium,M,2.0,-0.3993147484815449,1
2949,A,Ship,0.5,2,-0.1951219512195122,0.0,low,F,2.0,-0.13798473757981622,1
2950,B,Ship,-0.5,5,-0.08536585365853659,1.0,low,F,2.0,-0.11805014795203239,1
2951,C,Ship,1.0,1,0.2682926829268293,1.0,low,F,0.5,-0.6600218034574054,1
2952,F,Ship,0.0,2,-0.5975609756097561,0.0,low,M,0.0,-0.7621865752997975,1
2953,D,Ship,-0.5,3,-0.6341463414634146,0.0,low,M,-0.6666666666666666,-0.7649898769662047,1
2954,F,Ship,0.0,2,-0.36585365853658536,0.0,low,F,2.0,-0.1681980999844261,1
2955,A,Ship,0.5,5,-0.8414634146341463,-1.0,medium,M,2.0,-0.7210714841924933,1
2956,B,Ship,-0.5,3,0.17073170731707318,-1.0,medium,M,2.0,-0.21055910294346675,1
2957,C,Ship,0.5,5,-0.012195121951219513,-1.0,high,M,0.8333333333333334,-0.5067746456938171,1
2958,F,Ship,-1.0,2,-0.8292682926829268,0.0,medium,F,-1.0,-0.9303846752842236,1
2959,D,Ship,0.0,2,0.07317073170731707,0.0,high,F,2.0,-0.5263977573586669,1
2960,F,Ship,-0.5,4,0.2073170731707317,0.0,medium,F,2.0,-0.22052639775735866,1
2961,A,Ship,-0.5,4,-0.024390243902439025,2.5,low,F,2.0,-0.2529201059025074,1
2962,B,Ship,0.0,3,-0.14634146341463414,0.0,low,F,2.0,-0.603021336240461,1
2963,C,Ship,0.5,5,-0.07317073170731707,2.5,low,M,2.0,-0.3874785858900483,1
2964,F,Ship,-0.5,3,-0.17073170731707318,0.0,low,M,2.0,-0.5260862793957327,1
2965,D,Ship,-0.5,2,0.43902439024390244,0.0,low,F,2.0,-0.44011836162591494,1
2966,F,Ship,-0.5,5,-1.0731707317073171,-1.0,low,F,2.0,-0.9210403363962,1
2967,A,Ship,0.0,1,0.0975609756097561,1.0,medium,F,2.0,-0.4320199345896278,1
2968,B,Ship,1.0,2,0.2682926829268293,1.0,low,F,2.0,-0.3142812646005295,1
2969,C,Ship,0.0,3,-0.5975609756097561,0.0,low,M,-0.5,-0.8300887712194362,1
2970,F,Ship,-0.5,4,-0.6341463414634146,0.0,low,M,1.6666666666666667,-0.7628095312256657,1
2971,D,Ship,0.0,3,-0.36585365853658536,0.0,low,F,2.0,-0.2220837875720293,1
2972,F,Ship,0.5,3,-0.8414634146341463,-1.0,medium,M,-0.16666666666666666,-0.6802678710481234,1
2973,A,Ship,-0.5,4,0.17073170731707318,-1.0,medium,M,2.0,-0.2625759227534652,1
2974,B,Ship,0.5,3,-0.012195121951219513,-1.0,high,F,2.0,-0.48839744588070394,1
2975,C,Ship,-1.0,3,-0.8292682926829268,0.0,medium,M,1.8333333333333333,-0.89082697399159,1
2976,F,Ship,0.0,1,0.07317073170731707,0.0,high,M,-0.8333333333333334,-0.08191870425167419,1
2977,D,Ship,-0.5,4,0.2073170731707317,0.0,medium,M,2.0,-0.1111976327674817,1
2978,F,Ship,-0.5,4,-0.024390243902439025,2.5,low,F,2.0,-0.43575767014483724,1
2979,A,Ship,0.0,5,-0.14634146341463414,0.0,low,F,2.0,-0.46659398847531536,1
2980,B,Ship,0.5,2,-0.07317073170731707,2.5,low,M,2.0,-0.21772309609095156,1
2981,C,Ship,-0.5,3,-0.17073170731707318,0.0,low,M,-0.5,-0.11150911073041582,1
2982,F,Ship,-0.5,1,0.43902439024390244,0.0,low,F,0.16666666666666666,-0.16570627628095314,1
2983,D,Ship,-0.5,5,-1.0731707317073171,-1.0,low,F,2.0,-0.9369257125058402,1
2984,F,Ship,0.0,3,0.0975609756097561,1.0,medium,M,2.0,-0.14078803924622332,1
2985,A,Ship,-0.5,3,0.7195121951219512,2.5,low,M,-0.16666666666666666,-0.7406945958573431,1
2986,B,Ship,1.0,5,-0.6463414634146342,1.0,medium,F,2.0,-0.8755645538078181,1
2987,C,Ship,0.5,1,0.2682926829268293,0.0,medium,F,0.5,-0.872761252141411,1
2988,F,Road,1.0,3,0.8170731707317073,2.0,medium,F,0.16666666666666666,-0.7117271453044697,1
2989,D,Road,0.5,3,-0.5609756097560976,1.0,low,M,0.0,-0.888023672325183,1
2990,F,Road,0.5,1,-0.0975609756097561,1.0,low,M,2.0,-0.9381716243575767,1
2991,A,Road,0.0,1,-0.8536585365853658,1.0,high,M,-0.3333333333333333,-0.8892695841769195,1
2992,B,Road,0.5,3,0.3048780487804878,2.0,medium,F,2.0,-0.36162591496651614,1
2993,C,Road,-0.5,5,-1.0365853658536586,0.0,medium,F,2.0,-0.8210559102943467,1
2994,F,Road,0.0,5,-0.15853658536585366,1.0,medium,M,2.0,-0.20277215387011369,1
2995,D,Road,0.5,5,-0.6585365853658537,0.0,medium,M,2.0,-0.6970876810465659,1
2996,F,Road,1.0,5,-1.024390243902439,2.5,low,F,2.0,-0.6783990032705186,1
2997,A,Road,-0.5,1,-1.0,1.0,medium,M,2.0,-0.9599750817629653,1
2998,B,Road,0.0,2,-0.35365853658536583,1.0,medium,F,2.0,-0.4877744899548357,1
2999,C,Road,0.5,1,0.6951219512195121,1.0,low,F,-0.5,-0.44572496495872915,1
3000,F,Road,0.5,2,-0.5609756097560976,-1.0,medium,M,2.0,-0.8129574832580595,1
3001,D,Road,0.5,5,-0.7317073170731707,0.0,medium,F,2.0,-0.8596791776981778,1
3002,F,Road,-0.5,3,-0.13414634146341464,0.0,low,M,-0.5,-0.3223796916368167,1
3003,A,Road,-0.5,1,0.7317073170731707,0.0,low,M,-0.5,-0.6422675595701605,1
3004,B,Road,0.5,4,0.8048780487804879,1.0,low,F,2.0,-0.26506774645693815,1
3005,C,Road,0.0,5,-0.21951219512195122,-1.0,low,M,2.0,-0.3108550070082542,1
3006,F,Road,0.5,2,-0.6707317073170732,0.0,medium,F,2.0,-0.7705964802990188,1
3007,D,Road,0.5,4,0.6707317073170732,0.0,medium,M,1.3333333333333333,-0.5067746456938171,1
3008,F,Road,0.0,3,-0.6463414634146342,0.0,low,F,2.0,-0.9188599906556612,1
3009,A,Road,-0.5,1,-0.6707317073170732,-1.0,medium,F,2.0,-0.7297928671546489,1
3010,B,Flight,0.5,4,-0.8170731707317073,2.5,medium,F,2.0,-0.9356798006541037,1
3011,C,Flight,-0.5,3,0.0,-1.0,medium,F,-0.5,-0.12303379535897835,1
3012,F,Flight,0.0,5,-0.6951219512195121,1.0,medium,F,0.8333333333333334,-0.9690079426880548,1
3013,D,Flight,0.5,5,-0.8170731707317073,-1.0,medium,M,2.0,-0.6893007319732128,1
3014,F,Flight,0.5,4,-0.3902439024390244,0.0,medium,F,0.6666666666666666,-0.18813268961220994,1
3015,A,Flight,-0.5,5,-0.3170731707317073,-1.0,low,F,0.8333333333333334,-0.44790531069926803,1
3016,B,Flight,-0.5,1,-1.3414634146341464,-1.0,low,M,-1.0,-0.9743030680579349,1
3017,C,Flight,0.5,5,-0.23170731707317074,0.0,low,M,2.0,-0.4697087681046566,1
3018,F,Flight,0.0,1,0.25609756097560976,-1.0,high,M,2.0,-0.636038000311478,1
3019,D,Flight,0.0,5,0.06097560975609756,-1.0,medium,F,2.0,-0.09936147017598505,1
3020,F,Flight,0.0,5,0.47560975609756095,-1.0,low,F,2.0,-0.23672325182993303,1
3021,A,Flight,-0.5,3,0.47560975609756095,1.0,medium,F,2.0,-0.5170534184706432,1
3022,B,Flight,0.0,1,-0.573170731707317,0.0,low,M,2.0,-0.9194829465815294,1
3023,C,Flight,0.0,2,-0.036585365853658534,-1.0,low,F,2.0,-0.5073976016196854,1
3024,F,Flight,-0.5,4,-0.7195121951219512,0.0,medium,M,-0.5,-0.8101541815916524,1
3025,D,Flight,1.0,1,0.2073170731707317,1.0,medium,F,2.0,-0.5276436692104034,1
3026,F,Flight,0.5,4,-0.3902439024390244,1.0,low,M,2.0,-0.3382650677464569,1
3027,A,Flight,-0.5,5,-0.024390243902439025,-1.0,medium,M,2.0,-0.1875097336863417,1
3028,B,Flight,-0.5,1,-1.3048780487804879,0.0,high,F,1.0,-0.7126615791932721,1
3029,C,Flight,0.5,2,-0.5121951219512195,1.0,high,F,2.0,-0.9306961532471577,1
3030,F,Flight,-0.5,2,0.12195121951219512,0.0,low,M,2.0,-0.613300109017287,1
3031,D,Flight,-0.5,4,-0.06097560975609756,0.0,high,F,2.0,-0.1554275035041271,1
3032,F,Ship,0.0,5,0.6585365853658537,-1.0,medium,M,2.0,-0.33421585422831335,1
3033,A,Ship,-0.5,2,-0.8902439024390244,1.0,low,M,0.3333333333333333,-0.6977106369724342,1
3034,B,Ship,0.0,4,0.5609756097560976,-1.0,low,M,1.6666666666666667,-0.33670767793178635,1
3035,C,Ship,0.5,4,-0.7682926829268293,1.0,medium,M,0.5,-0.8434823236256035,1
3036,F,Ship,0.5,2,-0.36585365853658536,-1.0,medium,M,2.0,-0.27192026164148886,1
3037,D,Ship,0.5,1,0.6829268292682927,0.0,high,M,2.0,-0.0750661890671235,1
3038,F,Ship,0.5,4,-0.9634146341463414,-1.0,medium,F,2.0,-0.6980221149353684,1
3039,A,Ship,0.0,3,0.7560975609756098,1.0,low,F,-0.6666666666666666,-0.08098427036287183,1
3040,B,Ship,0.0,4,-0.45121951219512196,0.0,medium,M,2.0,-0.936614234542906,1
3041,C,Ship,-0.5,2,-0.7926829268292683,0.0,medium,F,2.0,-0.6942843793801589,1
3042,F,Ship,0.0,3,0.07317073170731707,1.0,low,M,2.0,-0.17037844572496497,1
3043,D,Ship,0.0,5,0.6463414634146342,0.0,low,F,2.0,-0.12677153091418783,1
3044,F,Ship,-0.5,2,0.7317073170731707,0.0,medium,F,2.0,-0.05949229092041738,1
3045,A,Ship,0.0,4,0.35365853658536583,0.0,low,M,0.5,-0.2560348855318486,1
3046,B,Ship,0.5,1,-0.5853658536585366,-1.0,low,M,2.0,-0.7793178632611742,1
3047,C,Ship,0.5,2,0.13414634146341464,0.0,medium,M,-1.0,-0.654103722161657,1
3048,F,Ship,-0.5,3,-0.926829268292683,-1.0,medium,F,2.0,-0.9444011836162591,1
3049,D,Ship,0.0,3,-0.8902439024390244,1.0,medium,F,2.0,-0.7942688054820122,1
3050,F,Ship,-0.5,4,0.6951219512195121,1.0,medium,F,1.5,-0.45351191403208224,1
3051,A,Ship,1.0,5,0.35365853658536583,0.0,medium,F,2.0,-0.5528733842080673,1
3052,B,Ship,-0.5,3,0.2073170731707317,0.0,medium,M,2.0,-0.5656439806883663,1
3053,C,Ship,0.5,4,-0.5609756097560976,0.0,low,M,2.0,-0.7382027721538701,1
3054,F,Ship,0.5,3,0.6097560975609756,-1.0,low,F,2.0,-0.661579193272076,1
3055,D,Ship,0.0,3,0.23170731707317074,0.0,medium,M,2.0,-0.4750038934745367,1
3056,F,Ship,0.0,2,0.4024390243902439,2.0,medium,F,1.6666666666666667,-0.16165706276280953,1
3057,A,Ship,-0.5,4,-0.4634146341463415,0.0,low,F,-0.5,-0.9512536988008098,1
3058,B,Ship,0.5,5,0.524390243902439,1.0,medium,M,2.0,-0.6569070238280642,1
3059,C,Ship,-0.5,1,-0.8170731707317073,1.0,low,M,1.8333333333333333,-0.7899081140009344,1
3060,F,Ship,0.5,5,-0.23170731707317074,-1.0,low,F,-0.16666666666666666,-0.06634480610496807,1
3061,D,Ship,-1.0,4,-0.7439024390243902,-1.0,medium,F,2.0,-0.8986139230649431,1
3062,F,Ship,-0.5,5,0.2804878048780488,1.0,low,M,2.0,-0.07662357888179411,1
3063,A,Ship,1.0,4,0.036585365853658534,2.0,low,F,0.0,-0.1320666562840679,1
3064,B,Ship,0.5,1,-0.9024390243902439,1.0,medium,M,2.0,-0.8805482012147641,1
3065,C,Ship,-1.0,5,-0.6097560975609756,1.0,medium,M,-0.8333333333333334,-0.8441052795514717,1
3066,F,Ship,-0.5,3,0.35365853658536583,0.0,medium,F,2.0,-0.6531692882728547,1
3067,D,Ship,-0.5,4,-0.6829268292682927,0.0,high,M,2.0,-0.9381716243575767,1
3068,F,Ship,0.5,5,-0.4146341463414634,1.0,high,M,0.5,-0.918548512692727,1
3069,A,Ship,0.0,3,-0.9146341463414634,0.0,low,M,2.0,-0.7273010434511759,1
3070,B,Ship,0.0,4,-0.6341463414634146,-1.0,medium,M,0.16666666666666666,-0.8606136115869802,1
3071,C,Ship,0.5,3,-0.0975609756097561,1.0,low,M,1.8333333333333333,-0.32549447126615794,1
3072,F,Ship,-0.5,2,0.2926829268292683,-1.0,low,M,2.0,-0.608316461610341,1
3073,D,Ship,0.5,3,0.4878048780487805,-1.0,medium,M,-0.5,-0.2653792244198723,1
3074,F,Ship,0.5,3,0.6829268292682927,0.0,medium,M,2.0,-0.14950942220837876,1
3075,A,Ship,-0.5,2,0.5,-1.0,low,M,1.8333333333333333,-0.12988631054352903,1
3076,B,Ship,0.0,4,-0.3902439024390244,-1.0,low,F,1.0,-0.25447749571717804,1
3077,C,Ship,-0.5,3,-0.7926829268292683,-1.0,medium,M,0.0,-0.9356798006541037,1
3078,F,Ship,0.0,1,0.08536585365853659,2.0,medium,M,2.0,-0.3345273321912475,1
3079,D,Ship,0.0,5,-0.9634146341463414,-1.0,low,M,2.0,-0.9727456782432643,1
3080,F,Ship,-0.5,1,-0.3170731707317073,-1.0,low,F,1.1666666666666667,-0.646316773088304,1
3081,A,Ship,0.5,5,-0.24390243902439024,0.0,low,M,2.0,-0.5896277838342937,1
3082,B,Ship,0.0,3,-0.975609756097561,-1.0,medium,F,2.0,-0.9777293256502102,1
3083,C,Ship,-0.5,4,-0.04878048780487805,-1.0,medium,M,2.0,-0.31365830867466127,1
3084,F,Ship,0.0,2,-0.5487804878048781,-1.0,low,M,2.0,-0.8805482012147641,1
3085,D,Ship,-0.5,3,-0.8170731707317073,-1.0,low,F,2.0,-0.9683849867621865,1
3086,F,Ship,0.0,1,-0.012195121951219513,0.0,low,F,2.0,-0.17567357109484505,1
3087,A,Ship,-0.5,2,0.10975609756097561,-1.0,low,M,2.0,-0.17255879146550382,1
3088,B,Ship,0.0,1,0.23170731707317074,-1.0,medium,F,2.0,-0.4603644292166329,1
3089,C,Ship,0.0,2,0.04878048780487805,-1.0,high,M,-1.0,-0.3610029590406479,1
3090,F,Ship,0.0,5,0.06097560975609756,0.0,medium,M,2.0,-0.14483725276436693,1
3091,D,Ship,-0.5,2,-0.8414634146341463,-1.0,low,F,2.0,-0.9148107771375176,1
3092,F,Ship,-0.5,3,0.524390243902439,0.0,low,M,2.0,-0.24264133312568137,1
3093,A,Ship,-0.5,1,0.2926829268292683,2.5,medium,F,2.0,-0.24108394331101074,1
3094,B,Ship,0.0,1,-0.8414634146341463,2.5,low,M,2.0,-0.7712194362248871,1
3095,C,Ship,0.0,4,0.35365853658536583,0.0,low,F,2.0,-0.6347920884597414,1
3096,F,Ship,0.0,4,-0.4268292682926829,-1.0,low,M,1.8333333333333333,-0.8659087369568603,1
3097,D,Ship,-1.0,3,-0.3170731707317073,-1.0,high,M,2.0,-0.659087369568603,1
3098,F,Ship,0.0,4,-0.5609756097560976,0.0,medium,M,2.0,-0.7372683382650678,1
3099,A,Ship,0.5,4,-0.6951219512195121,1.0,low,M,2.0,-0.9023516586201527,1
3100,B,Ship,-0.5,4,-0.5121951219512195,0.0,low,M,2.0,-0.687120386232674,1
3101,C,Ship,0.5,1,-0.23170731707317074,0.0,low,M,2.0,-0.14296838498676218,1
3102,F,Ship,-0.5,2,0.13414634146341464,0.0,low,F,2.0,-0.20588693349945492,1
3103,D,Ship,-0.5,3,0.15853658536585366,-1.0,medium,F,2.0,-0.43606914810777136,1
3104,F,Ship,-0.5,5,-0.6707317073170732,0.0,low,M,2.0,-0.7139074910450086,1
3105,A,Ship,-1.0,2,0.7195121951219512,0.0,low,M,2.0,-0.47220059180812957,1
3106,B,Ship,0.5,2,0.0,2.5,low,F,-0.6666666666666666,-0.28500233608472203,1
3107,C,Ship,0.0,2,-0.47560975609756095,0.0,medium,F,2.0,-0.9792867154648809,1
3108,F,Ship,-0.5,5,-0.012195121951219513,-1.0,low,F,2.0,-0.40242952811088617,1
3109,D,Ship,0.0,3,-0.2926829268292683,1.0,medium,M,0.8333333333333334,-0.32206821367388255,1
3110,F,Ship,0.0,2,0.6219512195121951,1.0,medium,F,2.0,-0.47095467995639306,1
3111,A,Ship,0.0,4,-0.8292682926829268,1.0,low,M,0.8333333333333334,-0.7008254166017754,1
3112,B,Ship,0.5,4,0.18292682926829268,-1.0,medium,F,2.0,-0.5388568758760318,1
3113,C,Ship,-0.5,5,-0.23170731707317074,0.0,medium,F,2.0,-0.5326273166173493,1
3114,F,Ship,-1.0,5,-0.7682926829268293,0.0,low,M,2.0,-0.7777604734465037,1
3115,D,Ship,0.0,2,0.036585365853658534,0.0,low,M,-1.0,-0.31646161034106834,1
3116,F,Ship,0.0,4,-0.975609756097561,0.0,low,F,1.1666666666666667,-0.7578258838187198,1
3117,A,Ship,-0.5,5,-0.23170731707317074,-1.0,low,F,2.0,-0.10434511758293101,1
3118,B,Ship,0.0,3,-0.8780487804878049,1.0,low,M,2.0,-0.8500233608472201,1
3119,C,Ship,-1.0,4,-0.3902439024390244,1.0,medium,M,-1.0,-0.16352593054041425,1
3120,F,Ship,0.0,2,-0.7195121951219512,2.0,low,F,2.0,-0.9674505528733842,1
3121,D,Ship,-0.5,5,0.2926829268292683,-1.0,medium,F,2.0,-0.4432331412552562,1
3122,F,Ship,0.0,1,-0.3902439024390244,0.0,medium,F,2.0,-0.2962155427503504,1
3123,A,Ship,0.0,1,0.2804878048780488,1.0,medium,F,2.0,-0.5974147329076468,1
3124,B,Ship,0.0,4,0.0975609756097561,0.0,low,F,2.0,-0.20121476405544308,1
3125,C,Road,0.5,4,-0.45121951219512196,-1.0,medium,F,2.0,-0.7740227378912942,1
3126,F,Road,0.0,4,-0.2073170731707317,0.0,medium,F,2.0,-0.27067434978975236,1
3127,D,Road,-0.5,1,0.12195121951219512,0.0,low,F,2.0,-0.14857498831957638,1
3128,F,Road,-0.5,3,-0.25609756097560976,-1.0,low,M,2.0,-0.32767481700669676,1
3129,A,Road,-0.5,1,-0.5487804878048781,0.0,high,M,2.0,-0.7503504127083009,1
3130,B,Road,-0.5,4,0.4146341463414634,-1.0,medium,F,1.3333333333333333,-0.3631833047811867,1
3131,C,Road,1.0,5,0.3902439024390244,1.0,medium,M,2.0,-0.165394798318019,1
3132,F,Road,0.0,1,0.21951219512195122,0.0,medium,M,2.0,-0.45569225977262107,1
3133,D,Road,-0.5,5,0.45121951219512196,0.0,low,F,2.0,-0.5211026319887868,1
3134,F,Road,-0.5,4,-0.6219512195121951,0.0,medium,M,2.0,-0.8428593676997352,1
3135,A,Road,1.0,4,-0.15853658536585366,-1.0,low,M,-0.5,0.5503815605045943,1
3136,B,Road,1.0,5,-0.8902439024390244,0.0,medium,M,0.16666666666666666,0.274723563307896,0
3137,C,Road,-0.5,3,0.06097560975609756,0.0,low,M,-0.5,0.5628406790219592,0
3138,F,Road,0.0,3,-0.6463414634146342,0.0,high,M,0.0,0.02990188444167575,0
3139,D,Road,0.0,5,0.13414634146341464,1.0,medium,M,-0.3333333333333333,0.1473290764678399,0
3140,F,Road,0.5,3,0.7682926829268293,0.0,medium,M,-1.0,0.011524684628562529,1
3141,A,Road,-0.5,3,0.5121951219512195,1.0,medium,M,-0.6666666666666666,0.18159165239059336,0
3142,B,Road,1.0,2,-0.7439024390243902,2.0,low,F,-1.0,0.13954212739448685,1
3143,C,Road,0.0,4,-0.9634146341463414,0.0,low,F,-0.5,0.15636193739292945,1
3144,F,Road,-0.5,3,0.47560975609756095,0.0,medium,M,0.0,0.29154337330633856,0
3145,D,Road,0.0,5,-0.9146341463414634,0.0,low,M,-0.3333333333333333,0.36941286403986917,0
3146,F,Road,-0.5,5,-0.9512195121951219,-1.0,high,F,-1.0,0.2560348855318486,0
3147,A,Flight,0.0,1,-0.5121951219512195,0.0,medium,M,0.0,0.22862482479364585,0
3148,B,Flight,0.0,2,0.7073170731707317,0.0,high,F,-0.16666666666666666,0.12770596480299018,0
3149,C,Flight,-0.5,3,-0.08536585365853659,0.0,high,M,-1.0,0.4619218190313035,1
3150,F,Flight,-1.0,3,-0.975609756097561,0.0,low,M,-0.5,0.5634636349478275,0
3151,D,Flight,-0.5,3,0.2926829268292683,2.5,medium,F,-0.6666666666666666,0.2473135025696932,0
3152,F,Flight,-1.0,4,0.7317073170731707,2.5,high,M,-0.6666666666666666,0.005606603332814203,1
3153,A,Flight,0.0,2,0.2804878048780488,2.5,low,F,0.16666666666666666,0.48154493069615323,0
3154,B,Flight,-0.5,2,-0.7439024390243902,2.5,high,M,-0.8333333333333334,0.4067902195919639,0
3155,C,Flight,0.0,1,0.10975609756097561,0.0,low,F,0.16666666666666666,0.256969319420651,1
3156,F,Flight,-0.5,4,-0.7926829268292683,0.0,low,M,-1.0,0.27752686497430307,1
3157,D,Flight,-0.5,5,-1.0,0.0,low,M,0.0,-0.04236100295904065,1
3158,F,Flight,0.0,2,0.3902439024390244,0.0,low,F,0.0,0.45693817162435757,0
3159,A,Flight,0.0,2,-0.6707317073170732,2.0,low,F,-0.5,0.4354461921819031,1
3160,B,Flight,-0.5,1,-0.6341463414634146,2.5,high,F,0.5,0.39869179255567666,0
3161,C,Flight,-0.5,3,-1.1097560975609757,2.0,medium,F,-0.3333333333333333,0.04454134869957951,0
3162,F,Flight,0.5,1,0.2073170731707317,2.5,high,F,0.3333333333333333,0.4388724497741785,0
3163,D,Flight,-0.5,1,-0.012195121951219513,2.5,medium,M,0.3333333333333333,0.2220837875720293,0
3164,F,Flight,0.5,2,-0.6585365853658537,0.0,high,M,-1.0,0.5248403675439962,0
3165,A,Flight,0.0,4,0.13414634146341464,2.0,low,M,-0.3333333333333333,0.2837564242329855,1
3166,B,Flight,-0.5,1,-0.43902439024390244,0.0,low,M,-0.6666666666666666,0.20619841146238904,0
3167,C,Flight,0.0,1,0.7195121951219512,0.0,medium,M,-0.3333333333333333,0.2821990344183149,0
3168,F,Flight,-0.5,2,-1.0365853658536586,0.0,high,M,0.3333333333333333,0.06011524684628562,1
3169,D,Ship,-0.5,1,0.7195121951219512,2.5,low,F,0.3333333333333333,-0.9191714686185952,1
3170,F,Ship,1.0,3,-0.6463414634146342,1.0,medium,M,0.16666666666666666,-0.9039090484348232,0
3171,A,Ship,0.0,5,-0.9146341463414634,0.0,low,F,-0.6666666666666666,0.5217255879146551,1
3172,B,Ship,-0.5,2,-0.9512195121951219,-1.0,high,F,-0.16666666666666666,-0.045787260551315996,1
3173,C,Ship,0.0,4,-0.5121951219512195,0.0,medium,F,-1.0,0.016196854072574367,0
3174,F,Ship,0.0,2,0.7073170731707317,0.0,high,M,0.0,0.5538078180968696,0
3175,D,Ship,-0.5,2,-0.08536585365853659,0.0,high,F,-0.6666666666666666,0.23672325182993303,1
3176,F,Ship,-1.0,3,-0.975609756097561,0.0,low,M,-0.16666666666666666,0.09188599906556612,1
3177,A,Ship,-0.5,2,0.2926829268292683,2.5,medium,M,-0.6666666666666666,0.07444323314125526,1
3178,B,Ship,-1.0,1,0.7317073170731707,2.5,high,F,-1.0,0.4588070394019623,0
3179,C,Ship,0.0,3,0.2804878048780488,2.5,low,M,0.16666666666666666,0.44821678866220216,0
3180,F,Ship,-0.5,2,-0.7439024390243902,2.5,high,F,0.0,0.3600685251518455,0
3181,D,Ship,0.0,2,0.10975609756097561,0.0,low,M,0.0,-0.038311789440897054,1
3182,F,Ship,-0.5,5,-0.7926829268292683,0.0,low,F,0.3333333333333333,0.3933966671857966,0
3183,A,Ship,-0.5,3,-1.0,0.0,low,M,-0.16666666666666666,0.48964335773244044,1
3184,B,Ship,0.0,3,0.3902439024390244,0.0,low,F,-0.3333333333333333,0.17473913720604267,0
3185,C,Ship,0.0,3,-0.6707317073170732,2.0,low,M,-0.5,0.16103410683694128,1
3186,F,Ship,-0.5,3,-0.6341463414634146,2.5,high,F,0.5,0.21585422831334683,0
3187,D,Ship,-0.5,1,-1.1097560975609757,2.0,medium,F,0.5,0.02554119296059804,0
3188,F,Ship,0.5,5,0.2073170731707317,2.5,high,M,-0.16666666666666666,0.5002336084722006,0
3189,A,Ship,-0.5,3,-0.012195121951219513,2.5,medium,M,-0.8333333333333334,0.21741161812801743,0
3190,B,Ship,0.5,1,-0.6585365853658537,0.0,high,M,-0.8333333333333334,0.30898613923064944,1
3191,C,Ship,0.0,3,0.13414634146341464,2.0,low,M,0.16666666666666666,0.014327986294969631,0
3192,F,Ship,-0.5,5,-0.43902439024390244,0.0,low,F,-0.6666666666666666,0.4332658464413643,0
3193,D,Ship,0.0,5,0.7195121951219512,0.0,medium,M,-0.8333333333333334,0.07008254166017754,0
3194,F,Ship,-0.5,3,-1.0365853658536586,0.0,high,M,0.0,0.3264289051549603,1
3195,A,Ship,-0.5,1,0.7195121951219512,2.5,low,M,-1.0,-0.8895810621398536,0
3196,B,Ship,1.0,4,-0.6463414634146342,1.0,medium,M,-0.6666666666666666,-0.748170066967762,1
3197,C,Ship,0.5,2,-0.0975609756097561,1.0,low,M,-0.3333333333333333,-0.9344338888023672,0
3198,F,Ship,0.0,5,1.0,-1.0,medium,M,-1.0,-0.7696620464102165,0
3199,D,Ship,-0.5,2,0.4268292682926829,2.0,medium,F,-0.16666666666666666,-0.7045631521569848,0
3200,F,Ship,0.0,4,1.0609756097560976,2.0,low,M,-0.16666666666666666,-0.6908581217878835,0
3201,A,Ship,0.0,3,1.0,0.0,low,M,-0.5,-0.6721694440118362,0
3202,B,Ship,-0.5,5,-0.10975609756097561,1.0,low,M,-0.8333333333333334,-0.7790063852982402,0
3203,C,Ship,-0.5,3,-1.0,-1.0,low,F,0.3333333333333333,0.06416446036442922,1
3204,F,Ship,0.0,2,0.10975609756097561,0.0,high,M,-0.3333333333333333,0.041426569070238284,0
3205,D,Ship,-0.5,1,-0.2926829268292683,0.0,medium,F,-0.8333333333333334,0.05077090795826195,0
3206,F,Ship,0.5,3,-0.24390243902439024,0.0,low,F,-1.0,0.05668898925401028,0
3207,A,Ship,-1.0,4,-0.4634146341463415,-1.0,medium,F,-0.8333333333333334,0.30805170534184706,0
3208,B,Ship,1.0,4,0.15853658536585366,2.0,medium,F,0.16666666666666666,0.07444323314125526,0
3209,C,Ship,0.5,1,-0.7926829268292683,-1.0,low,M,0.3333333333333333,0.4005606603332814,0
3210,F,Ship,0.5,2,-0.5,-1.0,low,M,0.0,0.5254633234698645,0
3211,D,Ship,-0.5,2,-0.4024390243902439,-1.0,low,F,-0.16666666666666666,0.3927737112599284,0
3212,F,Ship,-0.5,5,0.45121951219512196,-1.0,low,M,-0.5,-0.0417380470331724,0
3213,A,Ship,0.0,5,0.35365853658536583,0.0,low,F,-0.8333333333333334,0.23672325182993303,0
3214,B,Ship,-0.5,4,-0.04878048780487805,0.0,low,M,0.5,0.07755801277059649,1
3215,C,Ship,0.5,2,-0.8414634146341463,1.0,medium,F,0.3333333333333333,-0.03768883351502881,0
3216,F,Ship,-0.5,1,-0.21951219512195122,0.0,low,M,0.5,0.1236567512848466,0
3217,D,Ship,-0.5,4,-0.7317073170731707,-1.0,medium,M,-0.3333333333333333,0.49400404921351815,1
3218,F,Ship,0.0,1,-0.6097560975609756,1.0,low,M,-0.16666666666666666,0.08814826351035664,1
3219,A,Ship,0.0,2,-0.04878048780487805,0.0,medium,F,-1.0,0.07163993147484815,1
3220,B,Ship,0.5,3,-0.024390243902439025,-1.0,low,F,0.0,0.33328142033951097,0
3221,C,Ship,-0.5,1,0.5975609756097561,-1.0,medium,M,0.3333333333333333,0.22395265534963402,1
3222,F,Ship,-0.5,4,-0.7195121951219512,-1.0,low,M,-0.6666666666666666,0.41488864662825103,1
3223,D,Ship,-0.5,4,0.10975609756097561,-1.0,low,M,0.3333333333333333,0.01931163370191559,0
3224,F,Ship,0.5,4,0.6707317073170732,0.0,low,F,-0.6666666666666666,0.10590250739760163,0
3225,A,Ship,-0.5,4,-1.1829268292682926,0.0,low,F,-0.16666666666666666,-0.03208223018221461,0
3226,B,Ship,0.0,4,-0.7682926829268293,-1.0,low,M,-0.6666666666666666,-0.013705030369101387,1
3227,C,Ship,0.0,2,0.6951219512195121,0.0,medium,M,-0.5,0.1850179099828687,1
3228,F,Ship,-0.5,3,-0.10975609756097561,0.0,low,M,0.5,0.48746301199190156,0
3229,D,Ship,0.5,3,-0.04878048780487805,2.0,medium,M,0.3333333333333333,0.3993147484815449,1
3230,F,Ship,0.0,1,-0.9878048780487805,-1.0,medium,M,0.16666666666666666,0.03986917925556767,0
3231,A,Ship,0.5,2,0.012195121951219513,2.5,medium,F,-0.3333333333333333,0.32580594922909206,1
3232,B,Ship,-1.0,3,-0.9024390243902439,0.0,low,F,-0.8333333333333334,0.16882105591029434,0
3233,C,Ship,-0.5,3,0.5,-1.0,low,M,0.16666666666666666,0.562529201059025,1
3234,F,Ship,-1.0,5,-0.6707317073170732,0.0,low,M,-0.3333333333333333,0.01277059648029902,0
3235,D,Ship,0.5,3,-0.5487804878048781,-1.0,low,M,0.16666666666666666,0.37470798940974925,1
3236,F,Ship,0.5,4,-0.3902439024390244,-1.0,medium,M,-0.8333333333333334,0.12614857498831958,1
3237,A,Ship,-1.0,5,0.2073170731707317,-1.0,low,F,0.5,0.08004983647406946,1
3238,B,Ship,-0.5,4,-0.45121951219512196,0.0,low,F,-0.16666666666666666,0.09219747702850023,0
3239,C,Ship,0.0,3,0.43902439024390244,0.0,medium,F,-0.6666666666666666,0.2821990344183149,1
3240,F,Ship,0.0,2,-0.8414634146341463,0.0,medium,F,-0.5,0.3030680579349011,1
3241,D,Ship,-1.0,5,-1.1829268292682926,0.0,high,F,-0.8333333333333334,0.037065877589160565,1
3242,F,Ship,-0.5,4,-0.5365853658536586,0.0,low,M,-0.3333333333333333,0.1766080049836474,1
3243,A,Ship,0.0,4,-0.5,0.0,high,F,0.3333333333333333,0.3840523282977729,1
3244,B,Ship,0.0,2,0.21951219512195122,0.0,medium,M,0.16666666666666666,0.1585422831334683,1
3245,C,Ship,-0.5,2,0.2073170731707317,1.0,medium,M,-0.5,0.4239215075533406,0
3246,F,Ship,-0.5,4,-0.9512195121951219,0.0,medium,M,-0.8333333333333334,0.1168042361002959,1
3247,D,Ship,0.0,1,-0.3048780487804878,0.0,medium,M,-0.3333333333333333,0.10808285313814048,1
3248,F,Ship,0.5,4,0.0975609756097561,0.0,low,M,0.0,0.3709702538545398,0
3249,A,Ship,0.0,3,-0.8048780487804879,0.0,high,F,0.0,0.2756579971966983,1
3250,B,Ship,0.5,2,0.6219512195121951,-1.0,medium,F,0.0,0.40959352125837095,1
3251,C,Ship,0.0,1,-0.4024390243902439,-1.0,low,F,-0.6666666666666666,0.5382339199501636,0
3252,F,Ship,1.0,5,-0.3048780487804878,-1.0,high,M,-0.5,0.5447749571717801,1
3253,D,Ship,-0.5,2,-0.6585365853658537,0.0,medium,F,-0.16666666666666666,0.20526397757358666,1
3254,F,Ship,-0.5,3,0.25609756097560976,0.0,medium,F,0.5,0.011524684628562529,0
3255,A,Ship,-0.5,4,-1.3902439024390243,0.0,medium,M,-0.5,0.013082074443233142,0
3256,B,Ship,0.5,5,-0.9634146341463414,1.0,medium,F,0.0,0.5033483881015418,1
3257,C,Ship,0.5,2,-0.9390243902439024,0.0,low,M,-0.16666666666666666,0.22862482479364585,0
3258,F,Ship,0.0,2,0.0975609756097561,0.0,high,F,0.3333333333333333,0.3700358199657374,0
3259,D,Ship,0.5,1,0.3902439024390244,0.0,medium,F,0.5,-0.02211493536832269,1
3260,F,Ship,-0.5,3,-0.14634146341463414,0.0,medium,F,0.16666666666666666,0.41644603644292166,1
3261,A,Ship,0.0,5,0.7195121951219512,0.0,low,F,-1.0,0.27846129886310544,1
3262,B,Road,0.5,1,0.4146341463414634,-1.0,low,F,0.3333333333333333,0.5394798318019001,1
3263,C,Road,0.0,4,-0.18292682926829268,1.0,medium,F,-0.3333333333333333,0.014016508332035509,0
3264,F,Road,0.0,3,-0.06097560975609756,0.0,medium,M,0.0,-0.014016508332035509,1
3265,D,Road,0.0,5,0.024390243902439025,-1.0,low,M,-0.8333333333333334,0.23547733997819653,0
3266,F,Road,0.0,2,0.15853658536585366,0.0,low,M,-0.8333333333333334,0.05263977573586669,1
3267,A,Road,-0.5,1,0.024390243902439025,1.0,medium,F,-0.5,0.08316461610341068,0
3268,B,Road,-1.0,3,0.34146341463414637,-1.0,medium,F,-1.0,0.5429060893941754,1
3269,C,Road,0.5,4,0.036585365853658534,0.0,medium,F,0.16666666666666666,0.24918237034729793,1
3270,F,Road,-1.0,2,-0.6585365853658537,0.0,medium,F,0.3333333333333333,0.1445257748014328,0
3271,D,Road,0.5,3,-0.8902439024390244,-1.0,medium,M,-0.5,0.34511758293100764,0
3272,F,Road,0.5,4,0.5975609756097561,-1.0,medium,F,-0.3333333333333333,0.1389191714686186,0
3273,A,Road,0.5,4,-0.524390243902439,1.0,low,M,0.0,0.37688833515028813,1
3274,B,Road,-0.5,5,-0.23170731707317074,-1.0,low,F,-0.5,0.2227067434978975,0
3275,C,Road,-0.5,5,0.2804878048780488,0.0,low,M,-0.5,0.4398068836629808,1
3276,F,Road,-1.0,5,0.32926829268292684,1.0,low,F,-0.5,0.480921974770285,1
3277,D,Road,-0.5,4,-0.975609756097561,0.0,medium,F,0.3333333333333333,0.025229714997663914,1
3278,F,Road,0.5,5,-0.7073170731707317,0.0,low,F,-0.3333333333333333,0.3890359757047189,1
3279,A,Road,-0.5,4,-0.036585365853658534,-1.0,low,M,-0.16666666666666666,0.5765457093910605,0
3280,B,Road,-0.5,2,0.35365853658536583,-1.0,low,F,-0.3333333333333333,0.1931163370191559,0
3281,C,Road,0.0,3,-0.21951219512195122,-1.0,medium,F,0.0,-0.01027877277682604,1
3282,F,Road,-0.5,3,0.34146341463414637,-1.0,medium,F,0.0,0.2526086279395733,0
3283,D,Road,-0.5,4,-0.47560975609756095,0.0,low,F,-0.6666666666666666,0.09344338888023672,0
3284,F,Flight,-1.0,2,-0.7195121951219512,0.0,low,M,-1.0,0.313035352748793,0
3285,A,Flight,0.0,1,-0.17073170731707318,-1.0,low,F,0.3333333333333333,0.20526397757358666,1
3286,B,Flight,-0.5,3,-0.2804878048780488,0.0,low,M,-0.5,0.1361158698022115,0
3287,C,Flight,0.0,5,0.08536585365853659,0.0,low,F,-0.16666666666666666,0.5438405232829777,0
3288,F,Flight,-0.5,1,-0.9634146341463414,0.0,low,M,0.3333333333333333,0.11275502258215231,0
3289,D,Flight,-0.5,2,-0.7560975609756098,1.0,medium,F,0.0,0.5587914655038156,1
3290,F,Flight,-1.0,5,-0.5121951219512195,-1.0,low,M,0.0,0.1557389814670612,0
3291,A,Flight,0.5,2,0.47560975609756095,-1.0,high,F,-0.8333333333333334,0.46534807662357885,1
3292,B,Flight,0.5,1,0.6829268292682927,-1.0,high,M,0.5,0.37719981311322226,0
3293,C,Flight,-1.0,4,-0.9146341463414634,1.0,high,M,-0.6666666666666666,0.2778383429372372,0
3294,F,Flight,0.5,2,0.524390243902439,1.0,medium,M,0.3333333333333333,0.29247780719514094,0
3295,D,Flight,0.0,1,-0.7195121951219512,0.0,low,F,-0.3333333333333333,0.0417380470331724,1
3296,F,Flight,-0.5,5,-1.0853658536585367,-1.0,low,M,-0.3333333333333333,0.24419872294035197,1
3297,A,Flight,0.5,4,0.23170731707317074,-1.0,low,F,0.0,0.13954212739448685,1
3298,B,Flight,-0.5,3,-0.10975609756097561,-1.0,medium,M,-0.16666666666666666,0.2616414888646628,1
3299,C,Flight,0.5,4,0.35365853658536583,0.0,medium,M,-0.5,0.08441052795514717,1
3300,F,Flight,0.0,4,-0.07317073170731707,0.0,low,F,0.5,0.23983803145927426,0
3301,D,Flight,-0.5,1,0.1951219512195122,0.0,medium,F,-0.16666666666666666,0.07568914499299174,0
3302,F,Flight,0.0,5,-0.10975609756097561,0.0,medium,M,-0.3333333333333333,0.24918237034729793,1
3303,A,Flight,-0.5,4,-0.5365853658536586,-1.0,low,F,-0.8333333333333334,0.47188911384519544,0
3304,B,Flight,0.0,2,0.0975609756097561,-1.0,medium,M,-0.3333333333333333,0.037065877589160565,0
3305,C,Flight,0.5,4,-0.34146341463414637,-1.0,low,M,-0.6666666666666666,0.019934589627783834,0
3306,F,Ship,0.5,1,-0.07317073170731707,-1.0,low,F,0.16666666666666666,0.33296994237657684,0
3307,D,Ship,0.0,3,0.10975609756097561,0.0,medium,F,0.3333333333333333,0.544463479208846,0
3308,F,Ship,0.5,3,-0.7317073170731707,-1.0,medium,M,0.16666666666666666,-0.04454134869957951,0
3309,A,Ship,0.5,3,0.25609756097560976,1.0,medium,F,0.5,-0.04298395888490889,0
3310,B,Ship,0.0,3,0.6951219512195121,0.0,medium,M,-1.0,-0.003737735555209469,0
3311,C,Ship,0.0,5,0.43902439024390244,0.0,low,F,-0.8333333333333334,0.3292322068213674,0
3312,F,Ship,0.0,2,-0.0975609756097561,-1.0,medium,M,-0.5,0.31459274256346365,0
3313,D,Ship,-0.5,1,-0.7439024390243902,0.0,low,M,0.5,0.302756579971967,1
3314,F,Ship,0.0,4,-0.024390243902439025,-1.0,medium,F,-0.16666666666666666,-0.009967294813891917,1
3315,A,Ship,1.0,4,-0.5609756097560976,-1.0,high,M,-0.16666666666666666,0.47874162902974615,0
3316,B,Ship,-0.5,1,-0.524390243902439,-1.0,low,M,0.5,0.38311789440897054,1
3317,C,Ship,-0.5,5,-1.0,-1.0,low,M,0.5,0.09749260239838031,1
3318,F,Ship,0.5,3,-0.8902439024390244,0.0,low,M,0.3333333333333333,0.22052639775735866,0
3319,D,Ship,-0.5,2,0.4878048780487805,-1.0,low,M,-1.0,0.057623423142812644,0
3320,F,Ship,0.0,4,-0.6707317073170732,-1.0,medium,F,-0.16666666666666666,0.3339043762653792,0
3321,A,Ship,-1.0,4,-0.24390243902439024,-1.0,low,F,-0.5,0.20370658775891606,1
3322,B,Ship,0.0,3,-0.43902439024390244,2.5,low,M,-0.16666666666666666,0.01681980999844261,0
3323,C,Ship,-0.5,4,-0.7682926829268293,0.0,low,M,-0.8333333333333334,0.4868400560660333,1
3324,F,Ship,0.5,1,0.36585365853658536,-1.0,low,F,-0.3333333333333333,-0.007475471110418938,1
3325,D,Ship,-0.5,2,0.2804878048780488,0.0,low,M,0.16666666666666666,0.3544619218190313,1
3326,F,Ship,-0.5,1,0.32926829268292684,0.0,medium,M,0.3333333333333333,0.3223796916368167,0
3327,A,Ship,0.0,2,-0.7073170731707317,0.0,low,M,-0.6666666666666666,0.5525619062451331,0
3328,B,Ship,0.0,3,0.35365853658536583,0.0,medium,M,-1.0,0.27160878367855473,0
3329,C,Ship,0.5,5,0.06097560975609756,-1.0,medium,M,-0.5,0.043606914810777136,0
3330,F,Ship,0.0,5,-0.5609756097560976,-1.0,high,M,-0.8333333333333334,0.5067746456938171,0
3331,D,Ship,1.0,3,0.12195121951219512,2.5,high,M,0.16666666666666666,0.47095467995639306,0
3332,F,Ship,0.0,4,0.024390243902439025,-1.0,medium,M,-0.8333333333333334,0.526709235321601,1
3333,A,Ship,-0.5,1,-0.32926829268292684,2.0,low,F,-0.16666666666666666,0.1710014016508332,0
3334,B,Ship,0.5,3,-0.12195121951219512,0.0,high,F,-1.0,-0.03488553184862171,1
3335,C,Ship,1.0,5,0.6341463414634146,2.0,low,M,0.5,-0.0028033016664071016,0
3336,F,Ship,-0.5,4,-0.4268292682926829,-1.0,low,F,-0.8333333333333334,0.24357576701448372,1
3337,D,Ship,-0.5,4,-0.36585365853658536,0.0,low,M,0.5,0.19529668275969475,0
3338,F,Ship,1.0,2,-0.12195121951219512,1.0,medium,F,-0.8333333333333334,0.08783678554742252,0
3339,A,Ship,-0.5,4,0.5,-1.0,medium,F,0.0,0.0570004672169444,1
3340,B,Ship,0.0,1,0.7073170731707317,-1.0,medium,F,-0.3333333333333333,0.343560193116337,0
3341,C,Ship,0.0,3,-0.34146341463414637,-1.0,low,M,0.0,0.24855941442142968,1
3342,F,Ship,0.5,4,-0.8170731707317073,1.0,medium,M,-0.16666666666666666,0.06852515184550693,0
3343,D,Ship,-0.5,4,-0.8414634146341463,0.0,medium,M,-0.5,0.3775112910761564,1
3344,F,Ship,0.5,1,0.5,0.0,medium,F,-0.16666666666666666,0.4877744899548357,0
3345,A,Ship,-0.5,4,-0.9878048780487805,-1.0,low,F,0.0,0.16009967294813893,0
3346,B,Ship,0.0,1,-0.7195121951219512,1.0,low,F,-1.0,0.2603955770129263,0
3347,C,Ship,0.0,5,-0.7682926829268293,1.0,medium,M,0.5,0.2015262420183772,0
3348,F,Ship,0.0,2,0.6829268292682927,-1.0,high,F,-0.6666666666666666,0.23828064164460364,1
3349,D,Ship,-0.5,1,0.24390243902439024,1.0,high,M,-0.16666666666666666,0.24700202460675907,0
3350,F,Ship,-0.5,5,-0.34146341463414637,-1.0,medium,M,-0.5,0.06323002647562685,0
3351,A,Ship,0.0,5,-0.6951219512195121,-1.0,medium,M,-0.16666666666666666,0.5569225977262109,0
3352,B,Ship,0.0,4,0.6585365853658537,0.0,low,M,0.0,0.5600373773555521,0
3353,C,Ship,0.0,3,0.36585365853658536,-1.0,low,M,0.5,0.10496807350879925,1
3354,F,Ship,0.0,5,-0.2926829268292683,0.0,low,M,-0.8333333333333334,0.12614857498831958,0
3355,D,Ship,0.0,4,-0.6463414634146342,1.0,low,M,-0.3333333333333333,0.2769039090484348,0
3356,F,Ship,-1.0,4,-0.6341463414634146,0.0,high,F,-0.8333333333333334,0.5432175673571095,1
3357,A,Ship,0.0,3,-0.6219512195121951,2.5,medium,F,-0.16666666666666666,0.49524996106525465,0
3358,B,Ship,-0.5,3,-0.036585365853658534,2.5,low,M,-0.3333333333333333,0.5070861236567513,1
3359,C,Ship,-0.5,4,-0.10975609756097561,2.5,medium,M,-1.0,0.25790375330945337,1
3360,F,Ship,-0.5,5,-0.7804878048780488,0.0,medium,F,-0.5,0.09126304313969787,1
3361,D,Ship,-1.0,5,-0.06097560975609756,2.0,medium,F,0.5,0.14764055443077403,1
3362,F,Ship,0.5,2,0.43902439024390244,0.0,medium,F,-0.16666666666666666,0.35788817941130663,0
3363,A,Ship,-0.5,2,-0.0975609756097561,0.0,high,F,-1.0,0.08783678554742252,1
3364,B,Ship,0.5,2,0.36585365853658536,0.0,low,M,-0.8333333333333334,0.015262420183771998,0
3365,C,Ship,-1.0,1,-0.4146341463414634,0.0,low,M,-0.8333333333333334,0.14514873072730106,1
3366,F,Ship,0.0,4,0.5121951219512195,0.0,medium,M,-1.0,0.5092664693972901,1
3367,D,Ship,0.5,4,0.7195121951219512,0.0,medium,F,-0.8333333333333334,0.47438093754866845,1
3368,F,Ship,0.0,1,-0.43902439024390244,2.5,medium,F,-0.16666666666666666,0.2251985672013705,0
3369,A,Ship,0.0,2,1.0,-1.0,medium,F,-0.8333333333333334,-0.908269739915901,0
3370,B,Ship,-0.5,3,0.4268292682926829,2.0,medium,F,0.3333333333333333,-0.7466126771530914,0
3371,C,Ship,0.0,5,-0.7682926829268293,1.0,medium,M,-0.6666666666666666,0.4114623890359757,0
3372,F,Ship,0.0,3,0.6829268292682927,-1.0,high,F,-0.3333333333333333,0.3728391216321445,0
3373,D,Ship,-0.5,2,0.24390243902439024,1.0,high,F,0.0,0.13050926646939728,1
3374,F,Ship,-0.5,4,-0.34146341463414637,-1.0,medium,F,0.3333333333333333,0.5270207132845351,0
3375,A,Ship,0.0,1,-0.6951219512195121,-1.0,medium,M,-0.6666666666666666,0.5145615947671702,0
3376,B,Ship,0.0,2,0.6585365853658537,0.0,low,F,-0.6666666666666666,0.4170689923687899,1
3377,C,Ship,0.0,1,0.36585365853658536,-1.0,low,F,-0.6666666666666666,0.1541815916523906,1
3378,F,Ship,0.0,4,-0.2926829268292683,0.0,low,M,-0.8333333333333334,0.20277215387011369,0
3379,D,Ship,0.0,2,-0.6463414634146342,1.0,low,F,0.5,0.3653636505217256,0
3380,F,Ship,-1.0,2,-0.6341463414634146,0.0,high,M,0.5,0.10590250739760163,1
3381,A,Ship,0.0,1,-0.6219512195121951,2.5,medium,F,0.3333333333333333,0.41738047033172404,1
3382,B,Ship,-0.5,2,-0.036585365853658534,2.5,low,F,-0.8333333333333334,0.0834760940663448,0
3383,C,Ship,-0.5,4,-0.10975609756097561,2.5,medium,F,-0.3333333333333333,0.22426413331256814,1
3384,F,Ship,-0.5,3,-0.7804878048780488,0.0,medium,M,-0.5,0.4320199345896278,0
3385,D,Ship,-1.0,5,-0.06097560975609756,2.0,medium,F,0.3333333333333333,0.4410527955147173,0
3386,F,Ship,0.5,3,0.43902439024390244,0.0,medium,M,-0.5,0.06042672480921975,0
3387,A,Ship,-0.5,1,-0.0975609756097561,0.0,high,F,0.16666666666666666,0.19124746924155117,1
3388,B,Ship,0.5,5,0.36585365853658536,0.0,low,M,0.3333333333333333,0.48154493069615323,0
3389,C,Ship,-1.0,2,-0.4146341463414634,0.0,low,M,-0.8333333333333334,0.2753465192337642,1
3390,F,Ship,0.0,5,0.5121951219512195,0.0,medium,M,0.5,0.11057467684161346,1
3391,D,Ship,0.5,4,0.7195121951219512,0.0,medium,M,-0.16666666666666666,-0.03270518610808285,1
3392,F,Ship,0.0,2,-0.43902439024390244,2.5,medium,M,-0.3333333333333333,-0.00903286092508955,1
3393,A,Ship,0.0,3,1.0,-1.0,medium,F,0.3333333333333333,-0.8179411306650054,1
3394,B,Ship,0.0,2,0.7439024390243902,2.5,medium,M,-0.8333333333333334,-0.7590717956704564,1
3395,C,Ship,0.5,5,0.6829268292682927,0.0,low,M,-0.8333333333333334,0.06291854851269273,1
3396,F,Ship,1.0,5,0.12195121951219512,1.0,medium,M,-0.16666666666666666,0.14546020869023515,0
3397,D,Ship,-1.0,4,-0.5121951219512195,2.0,low,M,-0.5,0.16165706276280953,0
3398,F,Ship,0.0,4,-0.4634146341463415,0.0,low,F,-1.0,0.1946737268338265,0
3399,A,Road,1.0,2,0.3170731707317073,1.0,low,M,0.3333333333333333,-0.01557389814670612,0
3400,B,Road,-0.5,4,-0.012195121951219513,0.0,low,F,-0.3333333333333333,0.12023049369257124,1
3401,C,Road,0.0,2,-0.2073170731707317,0.0,low,F,-0.8333333333333334,0.48528266625136274,0
3402,F,Road,0.0,5,-0.573170731707317,-1.0,low,F,0.0,0.043606914810777136,1
3403,D,Road,0.5,1,-0.4146341463414634,0.0,low,F,-0.8333333333333334,0.2691169599750818,1
3404,F,Road,-0.5,1,-1.1585365853658536,-1.0,low,F,0.5,-0.0009344338888023672,1
3405,A,Road,0.5,5,0.21951219512195122,1.0,low,M,-0.6666666666666666,0.40429839588849087,0
3406,B,Road,-0.5,5,-0.9146341463414634,-1.0,medium,M,0.0,0.4320199345896278,0
3407,C,Road,-0.5,2,0.7073170731707317,0.0,low,M,-0.8333333333333334,0.09655816850957795,1
3408,F,Road,-0.5,2,0.47560975609756095,0.0,low,F,0.0,0.23859211960753776,0
3409,D,Road,-0.5,2,-0.3170731707317073,0.0,low,M,-0.5,0.3821834605201682,0
3410,F,Road,-0.5,4,-0.14634146341463414,0.0,medium,M,-0.3333333333333333,0.31770752219280485,0
3411,A,Road,-0.5,1,-0.975609756097561,0.0,low,F,0.0,0.5148730727301043,1
3412,B,Road,-0.5,5,-1.2682926829268293,0.0,medium,M,-0.6666666666666666,0.03208223018221461,1
3413,C,Road,-0.5,2,-0.5121951219512195,-1.0,low,F,0.3333333333333333,0.11929605980376888,1
3414,F,Road,-0.5,1,-0.3170731707317073,0.0,low,M,-0.6666666666666666,0.022737891294190935,0
3415,D,Road,-0.5,1,0.5365853658536586,1.0,medium,F,-0.16666666666666666,0.37875720292789283,1
3416,F,Road,0.5,3,0.24390243902439024,0.0,low,M,0.5,0.4746924155116026,0
3417,A,Road,-0.5,4,-0.8048780487804879,1.0,medium,F,0.3333333333333333,0.358822613300109,0
3418,B,Road,0.5,3,-0.24390243902439024,1.0,low,F,-0.8333333333333334,0.3884130197788506,0
3419,C,Road,0.0,4,0.6341463414634146,0.0,medium,F,-0.8333333333333334,0.3937081451487307,1
3420,F,Road,0.5,5,-0.6829268292682927,0.0,medium,M,0.0,0.4391839277371126,1
3421,D,Flight,0.5,1,0.17073170731707318,-1.0,high,M,-0.16666666666666666,0.2600840990499922,1
3422,F,Flight,0.0,5,-0.6707317073170732,-1.0,low,M,-1.0,0.4740694595857343,0
3423,A,Flight,-0.5,4,0.5,1.0,low,M,0.5,-0.013082074443233142,0
3424,B,Flight,-0.5,4,-0.012195121951219513,0.0,low,F,-0.5,0.41488864662825103,1
3425,C,Flight,-0.5,4,-0.8048780487804879,-1.0,low,F,-0.3333333333333333,0.1694440118361626,1
3426,F,Flight,0.0,5,0.06097560975609756,0.0,medium,M,-0.16666666666666666,0.5631521569848933,1
3427,D,Flight,-0.5,5,-0.5609756097560976,2.0,medium,M,0.3333333333333333,0.49275813736178165,1
3428,F,Flight,0.0,3,-0.8048780487804879,2.0,medium,F,-0.16666666666666666,0.20339510979598194,0
3429,A,Flight,-0.5,4,-0.7926829268292683,0.0,low,F,-0.3333333333333333,0.41052795514717333,0
3430,B,Flight,-0.5,5,0.3780487804878049,2.5,high,M,0.3333333333333333,0.20059180812957483,0
3431,C,Flight,-0.5,1,-0.17073170731707318,-1.0,medium,M,0.5,0.320510823859212,1
3432,F,Flight,-0.5,1,0.17073170731707318,0.0,medium,M,0.3333333333333333,0.43015106681202303,0
3433,D,Flight,0.0,1,-0.47560975609756095,1.0,low,M,-0.8333333333333334,-0.02990188444167575,0
3434,F,Flight,-0.5,3,-0.15853658536585366,0.0,low,M,0.3333333333333333,0.5438405232829777,1
3435,A,Flight,0.0,3,0.6463414634146342,1.0,low,M,0.0,0.3086746612677153,0
3436,B,Flight,-0.5,4,0.036585365853658534,-1.0,medium,F,0.3333333333333333,0.40523282977729325,0
3437,C,Flight,-1.0,3,-0.6585365853658537,-1.0,high,M,-0.6666666666666666,0.08098427036287183,0
3438,F,Flight,0.0,4,0.6097560975609756,0.0,low,F,-0.8333333333333334,0.04049213518143591,1
3439,D,Flight,-0.5,1,-0.4268292682926829,0.0,high,M,-0.3333333333333333,0.5447749571717801,1
3440,F,Flight,0.0,5,0.5487804878048781,0.0,medium,M,0.5,0.2404609873851425,1
3441,A,Flight,0.0,5,-0.43902439024390244,-1.0,high,M,-0.3333333333333333,0.3905933655193895,0
3442,B,Flight,-0.5,2,0.34146341463414637,2.0,medium,M,-0.16666666666666666,0.16975548979909671,0
3443,C,Ship,0.0,4,0.25609756097560976,-1.0,low,M,-0.5,0.4740694595857343,0
3444,F,Ship,0.0,1,0.4024390243902439,-1.0,medium,F,0.0,0.2955925868244822,0
3445,D,Ship,-1.0,2,0.3170731707317073,2.0,low,M,0.0,-0.0034262575922753466,1
3446,F,Ship,-0.5,1,0.4634146341463415,-1.0,low,M,-0.5,0.4391839277371126,0
3447,A,Ship,0.5,4,0.2804878048780488,-1.0,low,M,0.16666666666666666,0.4519545242174116,1
3448,B,Ship,0.0,2,-0.6463414634146342,0.0,low,F,-0.5,0.5600373773555521,0
3449,C,Ship,-1.0,3,-0.8536585365853658,1.0,low,F,0.5,-0.023049369257125057,0
3450,F,Ship,0.0,1,-0.6219512195121951,1.0,medium,M,-0.8333333333333334,0.39962622644447904,1
3451,D,Ship,0.0,3,0.3902439024390244,0.0,low,F,-0.3333333333333333,0.3018221460831646,0
3452,F,Ship,-0.5,2,-0.012195121951219513,0.0,medium,M,0.5,0.5743653636505217,1
3453,A,Ship,0.5,1,-1.1097560975609757,-1.0,low,F,0.3333333333333333,0.419872294035197,0
3454,B,Ship,0.0,3,-0.2682926829268293,0.0,low,M,-1.0,-0.032393708145148734,1
3455,C,Ship,0.0,4,-0.7926829268292683,0.0,low,F,0.16666666666666666,0.47002024606759074,1
3456,F,Ship,0.5,3,-0.0975609756097561,1.0,high,F,-1.0,0.13518143591340911,0
3457,D,Ship,1.0,4,0.35365853658536583,2.5,low,M,0.16666666666666666,0.33296994237657684,0
3458,F,Ship,0.0,5,-0.9512195121951219,0.0,low,F,-1.0,0.13580439183927737,1
3459,A,Ship,0.0,1,-0.5365853658536586,-1.0,medium,F,-0.3333333333333333,0.3217567357109484,0
3460,B,Ship,-1.0,4,-0.4146341463414634,-1.0,low,F,0.16666666666666666,0.05357420962466906,1
3461,C,Ship,-0.5,5,0.07317073170731707,-1.0,low,F,-1.0,0.4715776358822613,0
3462,F,Ship,-0.5,3,-0.8536585365853658,-1.0,low,M,-0.16666666666666666,0.5746768416134559,1
3463,D,Ship,-0.5,4,0.6951219512195121,-1.0,medium,M,-0.16666666666666666,0.021491979442454446,0
3464,F,Ship,0.0,4,-0.34146341463414637,-1.0,medium,F,0.3333333333333333,0.22987073664538235,1
3465,A,Ship,-1.0,5,0.4024390243902439,1.0,medium,M,-0.5,0.3444946270051394,1
3466,B,Ship,0.0,4,-0.14634146341463414,0.0,medium,M,-0.8333333333333334,0.04672169444011836,1
3467,C,Ship,0.0,3,-0.8658536585365854,0.0,medium,F,-0.6666666666666666,0.2843793801588538,1
3468,F,Ship,-0.5,1,-0.4146341463414634,0.0,low,F,0.5,0.46223329699423765,0
3469,D,Ship,0.0,5,0.08536585365853659,0.0,medium,F,-0.6666666666666666,0.0875253075844884,1
3470,F,Ship,0.0,3,-0.5,0.0,low,F,0.0,0.20588693349945492,1
3471,A,Ship,-1.0,5,-1.3048780487804879,0.0,medium,M,-0.8333333333333334,0.21928048590562219,0
3472,B,Ship,-0.5,4,0.5487804878048781,-1.0,medium,F,-0.6666666666666666,0.001557389814670612,1
3473,C,Ship,0.5,4,-0.975609756097561,0.0,medium,M,-0.5,0.2364117738669989,0
3474,F,Ship,-0.5,2,-0.12195121951219512,1.0,low,M,-0.5,0.18564086590873696,0
3475,D,Ship,-1.0,2,-0.6463414634146342,2.0,medium,M,-0.6666666666666666,-0.0034262575922753466,0
3476,F,Ship,1.0,4,-1.3902439024390243,2.0,low,F,0.0,0.47313502569693194,1
3477,A,Ship,0.5,2,0.5609756097560976,1.0,medium,F,-0.6666666666666666,0.5422831334683071,0
3478,B,Ship,0.5,2,-0.21951219512195122,0.0,low,F,-0.5,0.038000311477962935,0
3479,C,Ship,0.5,2,0.5609756097560976,0.0,low,M,-1.0,0.20246067590717956,1
3480,F,Ship,-0.5,1,-0.25609756097560976,1.0,low,M,-0.3333333333333333,0.17162435757670144,0
3481,D,Ship,0.0,1,0.5365853658536586,0.0,medium,M,0.0,0.003114779629341224,0
3482,F,Ship,0.0,3,0.4878048780487805,1.0,low,M,0.3333333333333333,0.10683694128640399,0
3483,A,Ship,-0.5,5,0.024390243902439025,1.0,low,F,-0.6666666666666666,0.2445102009032861,0
3484,B,Ship,0.0,1,0.7195121951219512,0.0,low,F,-0.3333333333333333,0.3656751284846597,0
3485,C,Ship,0.0,4,0.10975609756097561,1.0,low,M,-1.0,0.021803457405388568,0
3486,F,Ship,0.0,1,-0.3902439024390244,-1.0,medium,F,0.5,0.4637906868089083,0
3487,D,Ship,-0.5,4,-0.15853658536585366,0.0,low,F,-0.16666666666666666,0.48995483569537457,1
3488,F,Ship,0.0,3,0.4268292682926829,0.0,medium,F,-0.16666666666666666,0.4697087681046566,1
3489,A,Ship,0.5,4,-0.7560975609756098,0.0,low,M,-1.0,0.3628718268182526,1
3490,B,Ship,-0.5,1,0.36585365853658536,1.0,medium,M,-0.16666666666666666,0.1822146083164616,1
3491,C,Ship,-0.5,1,0.5121951219512195,1.0,medium,F,-0.6666666666666666,0.07755801277059649,1
3492,F,Ship,0.0,2,0.10975609756097561,0.0,medium,M,-0.6666666666666666,0.302756579971967,0
3493,D,Ship,-0.5,2,-0.35365853658536583,-1.0,high,F,-0.6666666666666666,0.20775580127705964,1
3494,F,Ship,-0.5,1,-0.5853658536585366,0.0,medium,M,0.3333333333333333,0.08129574832580595,0
3495,A,Ship,-0.5,4,-1.2317073170731707,0.0,medium,M,-1.0,0.5033483881015418,1
3496,B,Ship,0.0,1,-0.975609756097561,-1.0,medium,F,0.0,0.5662669366142346,0
3497,C,Ship,0.0,3,0.17073170731707318,-1.0,high,F,-0.5,0.17754243887244978,1
3498,F,Ship,-0.5,4,-0.12195121951219512,-1.0,low,F,0.5,0.5279551471733375,1
3499,D,Ship,-0.5,1,-0.7560975609756098,-1.0,medium,F,-0.8333333333333334,-0.004049213518143592,0
3500,F,Ship,-0.5,2,-0.23170731707317074,-1.0,medium,M,0.3333333333333333,0.5077090795826196,1
3501,A,Ship,0.0,2,-0.2682926829268293,2.5,high,F,-0.6666666666666666,0.31895343404454135,0
3502,B,Ship,0.0,2,0.4024390243902439,0.0,medium,M,0.16666666666666666,0.25790375330945337,0
3503,C,Ship,-0.5,1,-0.9634146341463414,-1.0,medium,M,-0.8333333333333334,0.004360691481077714,0
3504,F,Ship,0.0,2,-0.06097560975609756,-1.0,medium,F,-1.0,0.3700358199657374,0
3505,D,Ship,-1.0,4,-0.5,-1.0,low,M,-1.0,0.17816539479831803,0
3506,F,Ship,0.0,4,0.0975609756097561,-1.0,low,M,-0.3333333333333333,0.47064320199345894,0
3507,A,Ship,0.0,3,-0.2682926829268293,0.0,medium,F,0.5,-0.019623111664849712,1
3508,B,Ship,-0.5,5,-0.0975609756097561,0.0,medium,F,-0.16666666666666666,0.4575611275502258,0
3509,C,Ship,-0.5,3,0.7439024390243902,1.0,medium,M,-0.16666666666666666,0.16757514405855786,1
3510,F,Ship,-1.0,3,-0.2682926829268293,0.0,medium,F,0.16666666666666666,0.5102009032860925,1
3511,D,Ship,1.0,3,-1.1341463414634145,0.0,medium,F,0.5,0.32985516274723564,0
3512,F,Ship,0.0,2,-0.45121951219512196,0.0,low,M,0.16666666666666666,0.23516586201526243,0
3513,A,Ship,-0.5,1,0.35365853658536583,0.0,low,F,-0.8333333333333334,0.2616414888646628,0
3514,B,Ship,-0.5,2,0.5853658536585366,1.0,low,M,-1.0,0.18564086590873696,1
3515,C,Ship,-1.0,4,-0.3048780487804878,0.0,low,M,-0.6666666666666666,0.544463479208846,1
3516,F,Ship,0.5,4,-0.43902439024390244,-1.0,low,F,-0.5,0.36069148107771376,0
3517,D,Ship,-0.5,4,0.21951219512195122,0.0,medium,F,-1.0,0.02460675907179567,1
3518,F,Ship,0.0,5,0.4878048780487805,0.0,low,M,-1.0,0.07101697554897991,1
3519,A,Ship,-0.5,1,-0.8048780487804879,-1.0,medium,M,-0.3333333333333333,-0.0208690235165862,1
3520,B,Ship,0.0,3,0.47560975609756095,1.0,high,M,-0.5,0.22395265534963402,1
3521,C,Ship,0.0,5,0.10975609756097561,0.0,medium,F,0.3333333333333333,0.35197009811555835,1
3522,F,Ship,-1.0,2,-0.2926829268292683,-1.0,medium,M,0.0,-0.023049369257125057,0
3523,D,Ship,0.5,3,-0.4024390243902439,1.0,low,F,-0.8333333333333334,0.3684784301510668,0
3524,F,Ship,-1.0,3,0.14634146341463414,0.0,low,M,0.16666666666666666,0.3021336240460987,0
3525,A,Ship,-0.5,4,-0.3902439024390244,-1.0,medium,M,0.16666666666666666,0.22862482479364585,0
3526,B,Ship,-1.0,4,-0.2804878048780488,0.0,medium,F,-0.16666666666666666,-0.009344338888023673,0
3527,C,Ship,-0.5,1,0.10975609756097561,1.0,low,M,-1.0,0.014327986294969631,0
3528,F,Ship,0.0,5,0.7317073170731707,0.0,medium,M,-0.5,0.11586980221149354,0
3529,D,Ship,0.0,4,0.04878048780487805,-1.0,low,M,0.3333333333333333,0.46347920884597416,0
3530,F,Ship,-0.5,5,-0.2073170731707317,0.0,low,M,-0.6666666666666666,0.47002024606759074,0
3531,A,Ship,0.0,2,-0.9390243902439024,0.0,low,F,-0.16666666666666666,0.34947827441208534,0
3532,B,Ship,-1.0,1,-0.6219512195121951,0.0,low,F,-0.6666666666666666,0.5369880080984271,1
3533,C,Ship,0.0,4,0.04878048780487805,1.0,low,M,-0.16666666666666666,0.07101697554897991,1
3534,F,Ship,0.5,1,0.3780487804878049,0.0,low,M,-0.16666666666666666,0.06042672480921975,1
3535,D,Ship,-0.5,5,-0.4024390243902439,-1.0,medium,M,-0.8333333333333334,-0.018688677776047345,0
3536,F,Road,1.0,3,0.0975609756097561,2.0,high,F,-0.8333333333333334,0.14421429683849868,0
3537,A,Road,0.0,5,0.5487804878048781,-1.0,low,M,0.0,0.0750661890671235,1
3538,B,Road,-0.5,4,-0.6951219512195121,0.0,medium,F,-0.16666666666666666,0.3890359757047189,1
3539,C,Road,0.0,3,-0.9390243902439024,0.0,medium,F,0.5,0.20900171312879615,1
3540,F,Road,-0.5,3,0.34146341463414637,0.0,low,F,0.16666666666666666,0.01557389814670612,0
3541,D,Road,0.0,5,-0.7317073170731707,1.0,medium,M,0.0,0.24575611275502257,0
3542,F,Road,-0.5,2,-0.7804878048780488,-1.0,low,F,-0.6666666666666666,0.00778694907335306,0
3543,A,Road,0.5,3,-0.4878048780487805,0.0,medium,F,0.0,0.4239215075533406,1
3544,B,Road,0.5,5,0.6219512195121951,0.0,high,F,-0.6666666666666666,0.5257748014327986,1
3545,C,Road,-0.5,4,0.4146341463414634,1.0,medium,M,0.16666666666666666,0.12178788350724186,0
3546,F,Road,0.0,3,-0.34146341463414637,0.0,low,M,0.0,0.31365830867466127,1
3547,D,Road,0.0,2,-0.7560975609756098,0.0,medium,M,-0.16666666666666666,0.5030369101386077,1
3548,F,Road,-0.5,3,-0.6219512195121951,0.0,medium,M,-0.8333333333333334,0.511446815137829,1
3549,A,Road,0.0,5,-0.5609756097560976,1.0,medium,M,-0.3333333333333333,0.49400404921351815,1
3550,B,Road,0.0,3,-1.3658536585365855,0.0,medium,F,-0.6666666666666666,0.2167886622021492,1
3551,C,Road,-0.5,1,-0.5487804878048781,-1.0,medium,F,-1.0,0.1974770285002336,1
3552,F,Road,1.0,1,-0.6219512195121951,1.0,high,M,-0.6666666666666666,-0.036754399626226446,1
3553,D,Road,-1.0,1,-0.7317073170731707,0.0,medium,F,-0.5,0.2962155427503504,0
3554,F,Road,-0.5,5,0.6951219512195121,-1.0,low,F,-0.6666666666666666,0.22706743497897525,0
3555,A,Road,-0.5,4,-0.3902439024390244,0.0,medium,F,0.0,0.39246223329699426,1
3556,B,Road,0.0,1,-0.5,0.0,low,F,-0.3333333333333333,0.33733063385765455,0
3557,C,Road,0.5,2,0.36585365853658536,-1.0,low,M,0.5,0.48185640865908735,0
3558,F,Flight,0.0,5,0.0,-1.0,low,M,0.16666666666666666,0.11306650054508643,0
3559,D,Flight,0.0,4,-0.04878048780487805,-1.0,high,M,-0.16666666666666666,-0.022737891294190935,0
3560,F,Flight,0.5,3,-0.24390243902439024,2.5,medium,F,0.5,0.48310232051082386,0
3561,A,Flight,0.0,3,-0.35365853658536583,2.5,high,F,0.0,0.2083787572029279,1
3562,B,Flight,-0.5,3,-1.1341463414634145,-1.0,low,M,0.5,0.3055598816383741,1
3563,C,Flight,-0.5,1,-0.13414634146341464,0.0,medium,F,-0.6666666666666666,-0.003737735555209469,0
3564,F,Flight,-1.0,5,-0.975609756097561,2.5,high,M,0.16666666666666666,0.41208534496184396,0
3565,D,Flight,-0.5,3,0.5975609756097561,0.0,medium,F,0.3333333333333333,0.47220059180812957,1
3566,F,Flight,0.5,1,0.7926829268292683,2.5,low,F,-0.16666666666666666,0.5416601775424389,1
3567,A,Flight,0.0,5,0.0975609756097561,0.0,low,F,-0.3333333333333333,0.44697087681046566,0
3568,B,Flight,0.0,1,0.23170731707317074,-1.0,low,M,0.3333333333333333,0.20246067590717956,1
3569,C,Flight,0.0,4,0.6951219512195121,0.0,low,M,-0.6666666666666666,0.0009344338888023672,0
3570,F,Flight,-0.5,4,-1.170731707317073,1.0,low,M,-0.16666666666666666,0.5653325027254322,0
3571,D,Flight,-0.5,4,-0.3780487804878049,-1.0,low,M,-0.3333333333333333,0.03488553184862171,1
3572,F,Flight,-0.5,4,0.036585365853658534,0.0,low,F,-0.3333333333333333,-0.022426413331256813,0
3573,A,Flight,-0.5,5,0.3780487804878049,2.5,medium,M,0.16666666666666666,0.23672325182993303,1
3574,B,Flight,-0.5,4,-0.8658536585365854,1.0,medium,M,-0.3333333333333333,0.43482323625603486,1
3575,C,Flight,-0.5,3,-0.7926829268292683,0.0,medium,F,-0.6666666666666666,0.012459118517364896,0
3576,F,Flight,0.0,5,0.7439024390243902,2.5,medium,M,0.5,-0.8562529201059025,1
3577,D,Flight,0.0,5,-0.5609756097560976,1.0,medium,F,-0.5,0.19529668275969475,1
3578,F,Flight,0.0,1,-1.3658536585365855,0.0,medium,M,-0.6666666666666666,0.009344338888023673,0
3579,A,Flight,-0.5,2,-0.5487804878048781,-1.0,medium,F,0.5,-0.034574053885687586,1
3580,B,Ship,1.0,5,-0.6219512195121951,1.0,high,M,-0.6666666666666666,0.3018221460831646,1
3581,C,Ship,-1.0,3,-0.7317073170731707,0.0,medium,M,-0.6666666666666666,0.10247624980532627,0
3582,F,Ship,-0.5,3,0.6951219512195121,-1.0,low,F,0.16666666666666666,0.09188599906556612,1
3583,D,Ship,-0.5,4,-0.3902439024390244,0.0,medium,F,-0.8333333333333334,0.35259305404142655,1
3584,F,Ship,0.0,5,-0.5,0.0,low,F,0.0,0.08129574832580595,0
3585,A,Ship,0.5,5,0.36585365853658536,-1.0,low,M,0.5,0.5123812490266314,0
3586,B,Ship,0.0,5,0.0,-1.0,low,M,-0.6666666666666666,0.435134714218969,0
3587,C,Ship,0.0,2,-0.04878048780487805,-1.0,high,F,-0.6666666666666666,0.5379224419872294,1
3588,F,Ship,0.5,1,-0.24390243902439024,2.5,medium,M,0.16666666666666666,0.19342781498209002,0
3589,D,Ship,0.0,3,-0.35365853658536583,2.5,high,M,-1.0,0.25665784145771686,0
3590,F,Ship,-0.5,1,-1.1341463414634145,-1.0,low,M,-0.8333333333333334,0.3304781186731039,1
3591,A,Ship,-0.5,4,-0.13414634146341464,0.0,medium,M,-1.0,0.43420028033016667,0
3592,B,Ship,-1.0,3,-0.975609756097561,2.5,high,F,-1.0,0.4619218190313035,0
3593,C,Ship,-0.5,2,0.5975609756097561,0.0,medium,M,0.16666666666666666,0.40429839588849087,1
3594,F,Ship,0.5,2,0.7926829268292683,2.5,low,M,-0.3333333333333333,0.19809998442610185,0
3595,D,Ship,0.0,2,0.0975609756097561,0.0,low,F,-0.6666666666666666,0.3055598816383741,0
3596,F,Ship,0.0,2,0.23170731707317074,-1.0,low,F,-0.3333333333333333,0.16165706276280953,0
3597,A,Ship,0.0,2,0.6951219512195121,0.0,low,M,0.3333333333333333,-0.019934589627783834,0
3598,B,Ship,-0.5,5,-1.170731707317073,1.0,low,F,0.5,0.48279084254788973,1
3599,C,Ship,-0.5,4,-0.3780487804878049,-1.0,low,M,-0.6666666666666666,0.009344338888023673,1
3600,F,Ship,-0.5,4,0.036585365853658534,0.0,low,F,-0.3333333333333333,0.22862482479364585,1
3601,D,Ship,-0.5,4,0.3780487804878049,2.5,medium,M,-1.0,0.3781342470020246,0
3602,F,Ship,-0.5,2,-0.8658536585365854,1.0,medium,F,0.0,0.10496807350879925,0
3603,A,Ship,-0.5,2,-0.7926829268292683,0.0,medium,F,0.0,-0.03114779629341224,1
3604,B,Ship,0.0,2,0.7439024390243902,2.5,medium,M,0.3333333333333333,-0.7036287182681825,0
3605,C,Ship,1.5,4,0.8292682926829268,2.0,low,M,-0.3333333333333333,-0.9344338888023672,0
3606,F,Ship,0.0,1,0.7560975609756098,-1.0,medium,M,-0.6666666666666666,-0.6799563930851892,0
3607,D,Ship,0.0,5,0.36585365853658536,0.0,low,M,-0.16666666666666666,-0.8687120386232674,1
3608,F,Ship,0.5,5,0.5365853658536586,1.0,medium,M,0.0,0.41395421273944866,0
3609,A,Ship,-0.5,5,0.524390243902439,0.0,low,M,-0.3333333333333333,0.4697087681046566,0
3610,B,Ship,0.0,2,-0.23170731707317074,2.0,medium,M,0.3333333333333333,0.320510823859212,1
3611,C,Ship,-1.0,2,-0.7560975609756098,1.0,low,M,-0.16666666666666666,0.14234542906089395,1
3612,F,Ship,-1.0,1,-1.3902439024390243,0.0,low,M,-1.0,0.5067746456938171,1
3613,D,Ship,0.0,1,0.4146341463414634,-1.0,medium,M,-0.5,0.5089549914343561,0
3614,F,Ship,0.0,5,0.7317073170731707,-1.0,low,F,-0.8333333333333334,0.10683694128640399,1
3615,A,Ship,-0.5,3,-0.13414634146341464,-1.0,low,M,-1.0,0.34106836941286406,0
3616,B,Ship,1.0,5,-0.24390243902439024,2.0,low,F,0.16666666666666666,0.19560816072262888,0
3617,C,Ship,-0.5,3,-0.8780487804878049,0.0,low,F,0.0,0.0903286092508955,0
3618,F,Ship,0.0,5,-0.07317073170731707,2.0,low,F,0.0,0.5245288895810621,0
3619,D,Ship,0.0,5,0.2804878048780488,-1.0,medium,F,-0.16666666666666666,0.562217723096091,0
3620,F,Ship,-0.5,1,-0.04878048780487805,-1.0,low,M,0.3333333333333333,0.13424700202460677,0
3621,A,Ship,-0.5,3,-0.6829268292682927,-1.0,low,M,0.5,-0.027410060738202773,1
3622,B,Ship,-0.5,3,-0.8048780487804879,0.0,low,M,-1.0,0.48310232051082386,0
3623,C,Ship,-0.5,2,-0.8292682926829268,0.0,high,F,-0.5,0.5285781030992057,1
3624,F,Ship,-0.5,3,-0.7195121951219512,0.0,low,F,-0.6666666666666666,0.5042828219903441,0
3625,D,Ship,-1.0,5,0.23170731707317074,0.0,medium,M,0.5,0.330789596636038,1
3626,F,Ship,-0.5,4,-0.5975609756097561,-1.0,medium,F,0.16666666666666666,0.04080361314437004,1
3627,A,Ship,0.0,3,0.15853658536585366,0.0,medium,F,0.5,0.4180034262575923,1
3628,B,Ship,0.5,3,-0.2073170731707317,1.0,low,F,-0.16666666666666666,0.010901728702694284,0
3629,C,Ship,0.0,1,-0.975609756097561,0.0,medium,M,-0.8333333333333334,0.25977262108705806,0
3630,F,Ship,0.5,2,-0.975609756097561,-1.0,low,M,0.3333333333333333,0.2790842547889737,0
3631,D,Ship,0.0,5,-0.24390243902439024,-1.0,low,M,-0.6666666666666666,0.17909982868712038,1
3632,F,Ship,-0.5,4,-0.5121951219512195,0.0,low,F,-0.5,0.058557857031615014,0
3633,A,Ship,-0.5,1,-0.10975609756097561,-1.0,medium,F,-0.8333333333333334,0.3653636505217256,0
3634,B,Ship,-0.5,1,-0.2804878048780488,2.0,low,F,0.3333333333333333,0.3261174271920262,1
3635,C,Ship,-0.5,3,0.13414634146341464,1.0,low,M,0.5,0.47998754088148265,0
3636,F,Ship,0.5,5,-0.7560975609756098,2.5,medium,M,-0.8333333333333334,0.23859211960753776,1
3637,D,Ship,0.5,3,0.4268292682926829,0.0,medium,M,0.5,0.2653792244198723,1
3638,F,Ship,0.5,5,-0.9512195121951219,0.0,low,M,-0.5,0.021491979442454446,1
3639,A,Ship,-0.5,5,-0.8292682926829268,2.0,high,F,0.0,0.12116492758137362,0
3640,B,Ship,0.5,2,0.5487804878048781,-1.0,medium,M,-1.0,0.14265690702382808,0
3641,C,Ship,-0.5,2,-0.6707317073170732,0.0,medium,M,-0.5,0.4447905310699268,1
3642,F,Ship,0.5,1,-0.6341463414634146,0.0,medium,M,-0.3333333333333333,-0.026475626849400406,1
3643,D,Ship,0.0,4,-0.10975609756097561,1.0,low,F,-0.16666666666666666,0.28500233608472203,0
3644,F,Ship,0.5,5,-0.7195121951219512,0.0,medium,F,-0.16666666666666666,-0.012459118517364896,1
3645,A,Ship,0.0,5,-0.524390243902439,1.0,medium,F,-0.5,0.0006229559258682448,0
3646,B,Ship,-0.5,1,0.36585365853658536,0.0,medium,F,-1.0,0.48154493069615323,1
3647,C,Ship,0.5,5,-0.9634146341463414,0.0,medium,M,-0.8333333333333334,0.5295125369880082,1
3648,F,Ship,0.0,2,-0.8170731707317073,0.0,low,F,-0.3333333333333333,0.3192649120074755,0
3649,D,Ship,-0.5,2,0.3780487804878049,-1.0,low,F,-0.5,0.11368945647095469,1
3650,F,Ship,0.5,4,0.6341463414634146,2.5,low,F,-0.3333333333333333,0.41488864662825103,0
3651,A,Ship,-0.5,5,-0.5975609756097561,0.0,low,M,-0.6666666666666666,0.39246223329699426,0
3652,B,Ship,0.0,3,0.14634146341463414,0.0,medium,M,-1.0,0.39993770440741316,1
3653,C,Ship,0.5,4,-0.35365853658536583,0.0,medium,F,-1.0,0.241706899236879,0
3654,F,Ship,0.5,3,0.6463414634146342,0.0,low,M,0.3333333333333333,0.34542906089394176,1
3655,D,Ship,0.5,3,-0.5487804878048781,0.0,low,F,0.3333333333333333,0.043606914810777136,1
3656,F,Ship,0.0,1,-0.2804878048780488,0.0,high,F,-0.16666666666666666,0.36941286403986917,1
3657,A,Ship,-0.5,1,-0.32926829268292684,0.0,medium,M,-0.8333333333333334,0.313035352748793,1
3658,B,Ship,-0.5,2,0.6219512195121951,2.5,low,M,0.3333333333333333,0.5566111197632767,0
3659,C,Ship,-0.5,2,0.35365853658536583,0.0,medium,F,0.16666666666666666,-0.017442765924310856,0
3660,F,Ship,1.0,3,-0.5853658536585366,0.0,low,F,-0.8333333333333334,0.4391839277371126,0
3661,D,Ship,0.5,3,0.4268292682926829,-1.0,medium,M,-0.6666666666666666,0.09064008721382961,0
3662,F,Ship,0.0,1,0.6951219512195121,-1.0,low,F,-1.0,0.22332969942376577,0
3663,A,Ship,0.0,3,0.7073170731707317,-1.0,medium,F,-0.3333333333333333,0.16570627628095314,1
3664,B,Ship,0.0,3,0.14634146341463414,-1.0,low,F,0.16666666666666666,0.11742719202616415,0
3665,C,Ship,-0.5,3,0.43902439024390244,2.0,medium,M,0.16666666666666666,0.5024139542127395,1
3666,F,Ship,-1.0,5,-0.9634146341463414,2.5,medium,F,0.3333333333333333,0.5070861236567513,1
3667,D,Ship,0.0,4,0.7317073170731707,0.0,high,F,-0.6666666666666666,0.01650833203550849,1
3668,F,Ship,0.0,4,-0.36585365853658536,0.0,medium,F,-0.8333333333333334,-0.00778694907335306,1
3669,A,Ship,-1.0,1,-0.9146341463414634,-1.0,medium,F,-0.8333333333333334,0.11555832424855941,1
3670,B,Ship,-0.5,3,-0.1951219512195122,-1.0,low,M,0.16666666666666666,0.14670612054197166,1
3671,C,Ship,0.0,2,-0.5609756097560976,-1.0,medium,M,-1.0,0.313035352748793,0
3672,F,Ship,0.0,4,0.3780487804878049,1.0,medium,M,-0.5,0.328297772932565,1
3673,D,Road,0.0,1,0.45121951219512196,0.0,low,F,-0.5,0.07008254166017754,1
3674,F,Road,0.0,1,-0.7439024390243902,-1.0,medium,M,0.3333333333333333,0.0654103722161657,0
3675,A,Road,0.5,1,-0.8780487804878049,1.0,medium,F,-0.8333333333333334,0.18252608627939573,1
3676,B,Road,0.0,5,-0.8048780487804879,0.0,low,M,-0.3333333333333333,0.2379691636816695,0
3677,C,Road,0.0,2,0.7195121951219512,2.0,low,F,-1.0,0.26880548201214766,0
3678,F,Road,-0.5,1,-0.4146341463414634,2.5,low,M,-0.3333333333333333,0.20339510979598194,1
3679,D,Road,-0.5,3,-0.6829268292682927,0.0,low,F,-0.8333333333333334,0.32892072885843326,1
3680,F,Road,0.0,3,0.3170731707317073,-1.0,medium,F,-0.8333333333333334,0.44821678866220216,0
3681,A,Road,0.0,1,-0.4878048780487805,0.0,low,M,0.0,0.2068213673882573,1
3682,B,Road,0.0,2,-0.34146341463414637,0.0,low,M,-0.16666666666666666,0.1168042361002959,0
3683,C,Road,0.5,5,-0.4878048780487805,0.0,high,F,0.3333333333333333,0.5668898925401028,1
3684,F,Road,0.0,1,0.5609756097560976,1.0,low,M,0.5,-0.023983803145927424,1
3685,D,Road,0.0,3,0.5365853658536586,-1.0,low,F,-0.8333333333333334,0.049524996106525464,0
3686,F,Road,0.0,2,0.5853658536585366,-1.0,medium,M,-0.6666666666666666,-0.018377199813113223,1
3687,A,Road,0.0,2,-0.2073170731707317,0.0,low,M,-0.5,0.514250116804236,0
3688,B,Road,0.0,1,0.2926829268292683,0.0,low,M,-0.5,0.4049213518143591,1
3689,C,Road,-0.5,3,-0.5609756097560976,-1.0,low,F,0.3333333333333333,0.14296838498676218,0
3690,F,Road,0.0,3,0.6341463414634146,0.0,low,M,0.3333333333333333,0.4584955614390282,1
3691,D,Road,0.0,4,0.45121951219512196,0.0,high,F,-0.3333333333333333,0.4083476094066345,0
3692,F,Road,-0.5,5,0.7073170731707317,-1.0,low,M,-0.6666666666666666,0.4637906868089083,1
3693,A,Road,0.5,3,-0.13414634146341464,-1.0,medium,M,-0.5,0.05045942999532783,1
3694,B,Road,0.5,5,-0.5609756097560976,0.0,low,M,-0.16666666666666666,-0.01650833203550849,0
3695,C,Flight,-0.5,1,-0.926829268292683,0.0,medium,F,0.0,0.43139697866375953,0
3696,F,Flight,-0.5,1,-1.0365853658536586,0.0,medium,M,0.3333333333333333,0.35726522348543843,1
3697,D,Flight,0.0,4,-0.43902439024390244,2.5,low,F,0.3333333333333333,0.35197009811555835,1
3698,F,Flight,0.5,1,-0.036585365853658534,-1.0,medium,M,-1.0,0.549447126615792,1
3699,A,Flight,-0.5,5,-0.5487804878048781,0.0,high,F,-0.3333333333333333,0.49867621865753,0
3700,B,Flight,-0.5,2,0.6463414634146342,0.0,low,M,0.16666666666666666,0.5522504282821991,0
3701,C,Flight,-0.5,4,-0.3780487804878049,0.0,low,F,-1.0,0.5637751129107615,1
3702,F,Flight,-0.5,1,-0.24390243902439024,-1.0,low,M,0.16666666666666666,0.05793490110574677,1
3703,D,Flight,0.5,3,-0.7682926829268293,-1.0,low,M,0.16666666666666666,0.18688677776047344,0
3704,F,Flight,1.0,3,0.13414634146341464,1.0,low,M,-0.3333333333333333,0.010901728702694284,1
3705,A,Flight,0.5,2,-0.36585365853658536,1.0,low,M,-0.16666666666666666,0.0018688677776047345,1
3706,B,Flight,-0.5,2,0.6707317073170732,-1.0,medium,F,-1.0,0.2582152312723875,0
3707,C,Flight,-0.5,2,0.7317073170731707,-1.0,medium,M,-0.3333333333333333,0.3152156984893319,0
3708,F,Flight,0.5,4,-0.8780487804878049,-1.0,high,M,0.0,0.3712817318174739,0
3709,D,Flight,0.0,1,-0.9024390243902439,1.0,low,M,-0.16666666666666666,0.28593676997352435,0
3710,F,Flight,0.0,1,0.06097560975609756,2.0,medium,M,-0.3333333333333333,0.34387167107927114,0
3711,A,Flight,-1.0,3,0.2804878048780488,0.0,medium,M,-0.8333333333333334,0.36816695218813267,0
3712,B,Flight,-0.5,5,-0.9024390243902439,2.0,low,M,0.0,0.06883662980844105,1
3713,C,Flight,0.5,5,-1.329268292682927,2.0,low,F,0.5,0.39526553496340133,1
3714,F,Flight,-0.5,1,-0.2682926829268293,-1.0,low,M,-0.16666666666666666,-0.028967450552873385,0
3715,D,Flight,-0.5,4,-0.7317073170731707,0.0,low,F,-0.8333333333333334,0.26195296682759694,1
3716,F,Flight,0.5,5,-0.5975609756097561,-1.0,low,M,-0.6666666666666666,-0.044852826662513626,1
3717,A,Ship,0.5,1,-0.2073170731707317,1.0,low,F,-0.8333333333333334,0.45008565643980686,1
3718,B,Ship,-0.5,5,0.7317073170731707,0.0,low,F,-0.6666666666666666,0.31365830867466127,0
3719,C,Ship,-0.5,5,-0.25609756097560976,0.0,high,F,0.5,0.5737424077246535,1
3720,F,Ship,-0.5,1,0.4634146341463415,1.0,high,M,-0.5,0.04796760629185485,0
3721,D,Ship,0.0,5,0.12195121951219512,-1.0,low,M,-0.16666666666666666,0.26319887867933345,0
3722,F,Ship,0.5,2,0.1951219512195122,1.0,low,F,-0.5,0.19716555053729948,1
3723,A,Ship,0.0,2,-0.4878048780487805,0.0,medium,F,0.5,0.05263977573586669,0
3724,B,Ship,-0.5,2,0.14634146341463414,0.0,medium,M,-0.6666666666666666,0.24637906868089082,1
3725,C,Ship,0.5,1,0.3780487804878049,0.0,medium,M,0.3333333333333333,0.47998754088148265,0
3726,F,Ship,0.5,1,-0.0975609756097561,2.0,medium,M,-0.8333333333333334,0.503659866064476,0
3727,D,Ship,-0.5,5,0.32926829268292684,0.0,low,M,-0.8333333333333334,0.25759227534651924,1
3728,F,Ship,-0.5,4,-0.8048780487804879,1.0,high,F,-1.0,0.03114779629341224,0
3729,A,Ship,0.5,2,-0.4024390243902439,0.0,low,M,0.0,0.5376109640242953,0
3730,B,Ship,0.0,3,-0.8292682926829268,0.0,low,F,0.16666666666666666,0.4746924155116026,1
3731,C,Ship,-0.5,3,-1.2073170731707317,2.5,high,F,-0.16666666666666666,0.46316773088304003,0
3732,F,Ship,0.0,5,-0.15853658536585366,0.0,low,F,0.5,0.11867310387790064,1
3733,D,Ship,0.5,5,0.7195121951219512,1.0,low,M,-1.0,0.3351502881171157,1
3734,F,Ship,0.5,5,0.17073170731707318,2.0,low,F,-0.16666666666666666,0.1111976327674817,0
3735,A,Ship,0.0,5,-0.35365853658536583,0.0,low,F,-0.8333333333333334,0.05824637906868089,1
3736,B,Ship,1.0,1,-0.5365853658536586,0.0,low,F,0.5,0.2208378757202928,0
3737,C,Ship,0.0,4,-0.7073170731707317,-1.0,low,M,0.0,0.27036287182681823,0
3738,F,Ship,0.0,4,-0.6707317073170732,0.0,medium,M,-0.6666666666666666,0.43482323625603486,0
3739,D,Ship,0.5,4,0.5975609756097561,-1.0,high,F,0.16666666666666666,0.23828064164460364,0
3740,F,Ship,-0.5,5,-0.6707317073170732,0.0,medium,F,-1.0,0.0513938638841302,1
3741,A,Ship,0.5,2,0.32926829268292684,0.0,low,F,0.5,0.02959040647874163,1
3742,B,Ship,0.5,1,-0.573170731707317,0.0,medium,M,-0.6666666666666666,0.036754399626226446,1
3743,C,Ship,0.0,5,0.2073170731707317,0.0,low,M,-0.5,0.29278928515807506,1
3744,F,Ship,0.0,2,0.23170731707317074,-1.0,low,F,-0.3333333333333333,0.20806727923999377,0
3745,D,Ship,1.0,4,0.5121951219512195,1.0,high,M,-0.8333333333333334,0.27160878367855473,0
3746,F,Ship,-0.5,1,-0.10975609756097561,1.0,high,F,-0.6666666666666666,0.08627939573275191,0
3747,A,Ship,-1.0,2,-0.4146341463414634,-1.0,high,M,-1.0,0.08036131443700358,0
3748,B,Ship,-1.0,3,-0.32926829268292684,-1.0,medium,F,0.5,0.5631521569848933,0
3749,C,Ship,-0.5,4,0.43902439024390244,-1.0,medium,M,-1.0,0.24077246534807661,1
3750,F,Ship,0.0,4,0.7195121951219512,-1.0,low,M,0.3333333333333333,0.31210091885999064,0
3751,D,Ship,-0.5,5,0.12195121951219512,-1.0,low,F,0.5,0.09219747702850023,0
3752,F,Ship,-0.5,2,-0.23170731707317074,-1.0,medium,M,0.16666666666666666,0.06727923999377045,0
3753,A,Ship,0.0,2,-0.8048780487804879,-1.0,low,M,0.3333333333333333,0.057623423142812644,0
3754,B,Ship,-0.5,4,-0.4024390243902439,-1.0,medium,F,-0.5,0.14950942220837876,0
3755,C,Ship,0.5,1,-1.2560975609756098,1.0,high,F,-0.8333333333333334,0.5696931942065099,1
3756,F,Ship,-0.5,2,-0.4024390243902439,0.0,medium,F,0.3333333333333333,0.004360691481077714,0
3757,D,Ship,-0.5,2,-1.2926829268292683,1.0,low,F,-0.3333333333333333,0.1987229403519701,0
3758,F,Ship,0.0,5,-0.3170731707317073,2.0,low,F,-1.0,0.5762342314281265,1
3759,A,Ship,1.0,3,0.2073170731707317,1.0,low,F,0.0,0.12583709702538545,1
3760,B,Ship,-1.0,3,0.1951219512195122,0.0,low,F,-0.5,0.30462544774957173,0
3761,C,Ship,0.0,3,-0.2073170731707317,-1.0,low,M,0.0,0.4049213518143591,0
3762,F,Ship,-0.5,1,0.4634146341463415,0.0,high,F,-0.16666666666666666,0.2965270207132845,0
3763,D,Ship,1.0,4,0.2804878048780488,2.0,medium,F,-0.8333333333333334,0.40118361625914967,1
3764,F,Ship,0.0,4,-0.3902439024390244,0.0,medium,F,0.16666666666666666,0.4061672636660956,1
3765,A,Ship,0.5,4,0.32926829268292684,0.0,high,M,-0.16666666666666666,0.0024918237034729793,0
3766,B,Ship,0.0,4,0.4024390243902439,-1.0,medium,F,-0.16666666666666666,0.5245288895810621,1
3767,C,Ship,0.5,2,-0.7073170731707317,1.0,low,M,0.16666666666666666,0.2694284379380159,0
3768,F,Ship,0.5,4,-0.3048780487804878,0.0,low,M,0.0,0.18439495405700046,1
3769,D,Ship,0.0,1,0.3170731707317073,1.0,low,M,0.3333333333333333,0.10029590406478742,1
3770,F,Ship,-0.5,1,-0.21951219512195122,0.0,medium,M,0.16666666666666666,0.11431241239682292,0
3771,A,Ship,-0.5,5,-0.6951219512195121,0.0,low,M,0.0,0.2962155427503504,0
3772,B,Ship,-1.0,2,-0.13414634146341464,1.0,medium,M,0.5,0.5030369101386077,0
3773,C,Ship,-0.5,5,-0.7073170731707317,2.5,medium,F,0.3333333333333333,0.18190313035352748,1
3774,F,Ship,-0.5,3,-0.5121951219512195,2.5,medium,F,-0.3333333333333333,0.37906868089082696,1
3775,D,Ship,0.0,2,-0.12195121951219512,-1.0,low,F,-1.0,0.119607537766703,0
3776,F,Ship,0.0,2,0.8414634146341463,2.5,high,F,0.3333333333333333,0.343560193116337,1
3777,A,Ship,0.0,4,0.524390243902439,2.5,medium,M,-0.5,0.17473913720604267,0
3778,B,Ship,-1.0,4,-0.8170731707317073,-1.0,medium,M,-0.6666666666666666,0.3074287494159788,1
3779,C,Ship,0.0,2,0.18292682926829268,0.0,low,F,-0.16666666666666666,0.4802990188444168,1
3780,F,Ship,-1.0,1,-1.2560975609756098,-1.0,low,F,-1.0,0.045787260551315996,1
3781,D,Ship,-0.5,3,0.2073170731707317,-1.0,high,F,0.16666666666666666,0.27160878367855473,0
3782,F,Ship,0.0,1,-0.2073170731707317,0.0,low,F,-0.16666666666666666,0.2750350412708301,0
3783,A,Ship,0.0,1,-0.6951219512195121,-1.0,medium,F,-0.3333333333333333,0.46659398847531536,0
3784,B,Ship,-0.5,3,-0.15853658536585366,2.5,high,M,0.5,0.35259305404142655,0
3785,C,Ship,0.0,3,0.4024390243902439,2.5,high,M,0.5,0.465659554586513,0
3786,F,Ship,0.5,5,-0.36585365853658536,0.0,low,F,-0.3333333333333333,0.2790842547889737,0
3787,D,Ship,-0.5,2,-0.8536585365853658,2.5,high,F,-0.6666666666666666,0.26506774645693815,0
3788,F,Ship,-0.5,4,0.3780487804878049,1.0,low,M,0.3333333333333333,-0.003114779629341224,0
3789,A,Ship,-0.5,3,-0.6219512195121951,0.0,low,M,-0.3333333333333333,0.4637906868089083,0
3790,B,Ship,-0.5,1,-0.7317073170731707,2.5,medium,F,-0.6666666666666666,0.1168042361002959,0
3791,C,Ship,0.0,2,0.3780487804878049,-1.0,low,M,0.16666666666666666,0.5363650521725588,1
3792,F,Ship,-0.5,3,0.6585365853658537,2.5,medium,M,-0.8333333333333334,0.4600529512536988,1
3793,D,Ship,0.0,1,-0.4146341463414634,0.0,low,F,-1.0,0.475938327363339,0
3794,F,Ship,-1.0,2,0.1951219512195122,0.0,low,F,0.0,0.23049369257125057,0
3795,A,Ship,0.0,1,-0.2073170731707317,-1.0,low,F,-0.8333333333333334,0.478430151066812,0
3796,B,Ship,-0.5,5,0.4634146341463415,0.0,high,F,-0.5,0.03083631833047812,0
3797,C,Ship,1.0,4,0.2804878048780488,2.0,medium,F,0.5,0.4002491823703473,0
3798,F,Ship,0.0,2,-0.3902439024390244,0.0,medium,M,0.0,0.17473913720604267,1
3799,D,Ship,0.5,1,0.32926829268292684,0.0,high,M,0.16666666666666666,0.36038000311477963,1
3800,F,Ship,0.0,3,0.4024390243902439,-1.0,medium,F,-0.6666666666666666,0.2220837875720293,1
3801,A,Ship,0.5,4,-0.7073170731707317,1.0,low,M,-1.0,0.4310855007008254,1
3802,B,Ship,0.5,2,-0.3048780487804878,0.0,low,F,-1.0,0.5656439806883663,0
3803,C,Ship,0.0,1,0.3170731707317073,1.0,low,F,0.0,0.546955302912319,1
3804,F,Ship,-0.5,4,-0.21951219512195122,0.0,medium,M,0.16666666666666666,0.32860925089549914,0
3805,D,Ship,-0.5,3,-0.6951219512195121,0.0,low,M,0.3333333333333333,0.516430462544775,1
3806,F,Ship,-1.0,1,-0.13414634146341464,1.0,medium,F,-0.5,-0.0012459118517364897,0
3807,A,Ship,-0.5,2,-0.7073170731707317,2.5,medium,M,-0.16666666666666666,0.46347920884597416,1
3808,B,Ship,-0.5,4,-0.5121951219512195,2.5,medium,F,-1.0,0.1460831646161034,0
3809,C,Ship,0.0,1,-0.12195121951219512,-1.0,low,M,0.0,0.5126927269895655,0
3810,F,Road,0.0,3,0.8414634146341463,2.5,high,F,-1.0,0.0208690235165862,1
3811,D,Road,0.0,3,0.524390243902439,2.5,medium,F,-0.6666666666666666,0.5394798318019001,1
3812,F,Road,-1.0,5,-0.8170731707317073,-1.0,medium,F,0.16666666666666666,0.42049524996106524,0
3813,A,Road,0.0,3,0.18292682926829268,0.0,low,M,-0.3333333333333333,0.3351502881171157,1
3814,B,Road,-1.0,5,-1.2560975609756098,-1.0,low,M,-0.5,0.10091885999065565,1
3815,C,Road,-0.5,4,0.2073170731707317,-1.0,high,F,-0.16666666666666666,0.0943778227690391,0
3816,F,Road,0.0,2,-0.2073170731707317,0.0,low,M,-0.8333333333333334,-0.011213206665628406,1
3817,D,Road,0.0,4,-0.6951219512195121,-1.0,medium,M,0.16666666666666666,0.3890359757047189,0
3818,F,Road,-0.5,4,-0.15853658536585366,2.5,high,F,0.0,0.17131287961376732,0
3819,A,Road,0.0,3,0.4024390243902439,2.5,high,M,0.5,0.5397913097648341,0
3820,B,Road,0.5,5,-0.36585365853658536,0.0,low,F,-0.8333333333333334,0.514250116804236,0
3821,C,Road,-0.5,4,-0.8536585365853658,2.5,high,M,0.16666666666666666,0.09064008721382961,0
3822,F,Road,-0.5,4,0.3780487804878049,1.0,low,M,-0.5,0.32300264756268493,1
3823,D,Road,-0.5,5,-0.6219512195121951,0.0,low,M,-0.3333333333333333,0.13113222239526554,0
3824,F,Road,-0.5,3,-0.7317073170731707,2.5,medium,F,-1.0,0.3382650677464569,1
3825,A,Road,0.0,2,0.3780487804878049,-1.0,low,M,-1.0,0.5696931942065099,0
3826,B,Road,-0.5,2,0.6585365853658537,2.5,medium,M,0.3333333333333333,0.10403363961999688,0
3827,C,Road,0.0,3,-0.4146341463414634,0.0,low,M,0.0,0.48870892384363807,0
3828,F,Road,-0.5,3,-0.3902439024390244,1.0,low,M,0.5,-0.765924310855007,1
3829,D,Road,0.0,2,-0.6097560975609756,-1.0,low,F,0.0,-0.9447126615791933,0
3830,F,Road,1.0,4,-0.9512195121951219,0.0,low,M,-0.8333333333333334,-0.9225977262108706,0
3831,A,Road,1.0,2,0.926829268292683,2.0,medium,M,0.16666666666666666,-0.8213673882572808,1
3832,B,Flight,1.0,1,-0.975609756097561,0.0,medium,M,0.5,-0.8942532315838655,1
3833,C,Flight,0.0,1,0.012195121951219513,0.0,low,F,-0.8333333333333334,0.44042983958884907,1
3834,F,Flight,0.0,4,-0.012195121951219513,1.0,low,M,-0.8333333333333334,0.532004360691481,1
3835,D,Flight,0.5,2,-1.0,0.0,medium,F,-0.5,0.1015418159165239,1
3836,F,Flight,-0.5,5,0.07317073170731707,1.0,low,M,-0.8333333333333334,0.05108238592119608,0
3837,A,Flight,-0.5,4,0.012195121951219513,-1.0,low,F,0.16666666666666666,0.4778071951409438,0
3838,B,Flight,1.0,5,-0.024390243902439025,-1.0,low,F,-0.3333333333333333,0.2040180657218502,1
3839,C,Flight,0.0,1,-0.2926829268292683,1.0,medium,F,-0.3333333333333333,0.44261018532938795,1
3840,F,Flight,0.5,2,-0.524390243902439,0.0,low,M,-0.6666666666666666,0.18688677776047344,1
3841,D,Flight,0.0,2,-0.7439024390243902,-1.0,medium,F,-0.5,-0.02491823703472979,1
3842,F,Flight,-0.5,1,-0.6097560975609756,0.0,medium,M,-0.8333333333333334,0.4170689923687899,0
3843,A,Flight,0.5,4,-0.5121951219512195,-1.0,low,M,-0.3333333333333333,0.12614857498831958,1
3844,B,Flight,-0.5,1,-0.18292682926829268,2.5,medium,F,0.0,0.20432954368478431,0
3845,C,Flight,-0.5,2,-0.6219512195121951,0.0,medium,M,-0.16666666666666666,0.0541971655505373,0
3846,F,Flight,0.5,2,0.5975609756097561,0.0,low,M,0.3333333333333333,0.17131287961376732,1
3847,D,Flight,-0.5,4,-0.7073170731707317,0.0,medium,M,0.0,0.15168976794891761,0
3848,F,Flight,0.0,3,-0.0975609756097561,1.0,low,M,-1.0,0.13923064943155272,1
3849,A,Flight,-0.5,4,0.12195121951219512,-1.0,low,M,0.16666666666666666,0.004049213518143592,0
3850,B,Flight,-0.5,3,0.08536585365853659,-1.0,medium,F,-0.3333333333333333,0.017442765924310856,1
3851,C,Flight,0.0,3,0.08536585365853659,1.0,low,F,-1.0,0.22301822146083164,0
3852,F,Flight,-1.0,3,0.5975609756097561,0.0,medium,F,0.5,0.19623111664849713,0
3853,D,Flight,1.0,4,-0.8048780487804879,1.0,low,F,0.5,0.29247780719514094,0
3854,F,Ship,-0.5,3,0.21951219512195122,0.0,low,F,0.3333333333333333,0.2700513938638841,1
3855,A,Ship,-0.5,1,-0.9146341463414634,0.0,medium,F,-0.6666666666666666,0.5288895810621399,1
3856,B,Ship,-0.5,3,-0.35365853658536583,1.0,low,F,-0.16666666666666666,-0.0417380470331724,0
3857,C,Ship,-0.5,2,-0.3780487804878049,0.0,medium,M,0.3333333333333333,0.041426569070238284,0
3858,F,Ship,0.5,1,0.3780487804878049,-1.0,medium,F,-0.8333333333333334,0.22831334683071172,1
3859,D,Ship,-0.5,3,-0.6707317073170732,1.0,medium,M,0.3333333333333333,0.020246067590717957,0
3860,F,Ship,0.5,2,0.4268292682926829,0.0,medium,M,-0.16666666666666666,0.33110107459897214,0
3861,A,Ship,0.0,5,0.23170731707317074,-1.0,medium,M,0.5,0.534496184394954,1
3862,B,Ship,0.0,5,0.14634146341463414,-1.0,high,M,-0.8333333333333334,0.5394798318019001,1
3863,C,Ship,0.5,1,-0.7560975609756098,0.0,medium,F,-0.16666666666666666,0.18252608627939573,0
3864,F,Ship,-1.0,4,-0.8658536585365854,2.5,medium,F,-1.0,0.4251674194050771,0
3865,D,Ship,1.0,2,0.04878048780487805,2.5,medium,M,-1.0,0.12739448684005605,1
3866,F,Ship,-0.5,4,-0.06097560975609756,0.0,medium,M,-0.8333333333333334,0.25759227534651924,0
3867,A,Ship,-1.0,2,-0.6951219512195121,-1.0,medium,M,0.3333333333333333,0.5376109640242953,0
3868,B,Ship,0.0,3,0.04878048780487805,-1.0,medium,M,-0.16666666666666666,0.08254166017754244,1
3869,C,Ship,0.0,3,0.25609756097560976,0.0,high,F,0.5,0.007163993147484816,0
3870,F,Ship,0.5,5,0.47560975609756095,-1.0,medium,F,-0.8333333333333334,0.06696776203083632,0
3871,D,Ship,-0.5,2,-0.036585365853658534,0.0,high,M,0.0,-0.0012459118517364897,1
3872,F,Ship,0.0,2,0.6219512195121951,1.0,medium,M,-0.6666666666666666,0.0417380470331724,1
3873,A,Ship,0.0,2,-0.15853658536585366,0.0,medium,M,0.0,0.5662669366142346,1
3874,B,Ship,0.0,5,0.024390243902439025,0.0,medium,M,-1.0,0.3170845662669366,1
3875,C,Ship,-1.0,5,-0.4634146341463415,0.0,low,F,-0.5,0.4092820432954368,0
3876,F,Ship,0.0,5,-0.7195121951219512,0.0,medium,M,0.16666666666666666,0.24139542127394487,0
3877,D,Ship,0.0,4,0.6341463414634146,-1.0,low,F,-0.8333333333333334,0.04391839277371126,0
3878,F,Ship,0.0,3,0.43902439024390244,2.5,medium,M,0.0,0.3008877121943622,1
3879,A,Ship,0.5,2,-0.10975609756097561,1.0,low,M,-0.16666666666666666,0.41644603644292166,0
3880,B,Ship,0.5,2,-0.47560975609756095,0.0,low,M,-1.0,-0.04049213518143591,0
3881,C,Ship,-0.5,2,0.5609756097560976,1.0,high,F,-0.6666666666666666,0.08534496184394955,0
3882,F,Ship,-0.5,2,-0.6951219512195121,0.0,high,F,-1.0,0.3890359757047189,0
3883,D,Ship,0.5,3,0.8292682926829268,0.0,medium,M,-0.3333333333333333,0.1541815916523906,1
3884,F,Ship,-0.5,4,0.2926829268292683,0.0,medium,F,0.16666666666666666,0.3700358199657374,1
3885,A,Ship,-0.5,4,-0.32926829268292684,-1.0,medium,M,-0.5,0.3083631833047812,1
3886,B,Ship,-0.5,3,-1.3414634146341464,2.0,low,F,-0.3333333333333333,0.15387011368945647,0
3887,C,Ship,0.5,4,0.1951219512195122,0.0,low,M,-1.0,0.18003426257592275,0
3888,F,Ship,0.0,3,-0.4878048780487805,-1.0,low,M,0.5,0.437626537922442,0
3889,D,Ship,0.5,3,0.2804878048780488,-1.0,medium,M,-0.6666666666666666,0.300264756268494,0
3890,F,Ship,-0.5,1,-0.14634146341463414,-1.0,medium,F,0.0,0.1111976327674817,1
3891,A,Ship,-0.5,1,-0.12195121951219512,0.0,medium,M,-0.5,0.5453979130976483,1
3892,B,Ship,-0.5,4,0.35365853658536583,-1.0,high,M,0.0,-0.0389347453667653,0
3893,C,Ship,0.0,1,-0.5975609756097561,-1.0,medium,F,-0.3333333333333333,0.2694284379380159,1
3894,F,Ship,-1.0,4,-0.5487804878048781,1.0,low,F,-0.6666666666666666,0.25510045164304623,1
3895,D,Ship,-1.0,3,-0.2073170731707317,0.0,low,F,0.0,0.1504438560971811,0
3896,F,Ship,0.5,5,0.5975609756097561,-1.0,medium,M,0.16666666666666666,0.0626070705497586,0
3897,A,Ship,0.0,1,0.4024390243902439,-1.0,low,M,-0.6666666666666666,-0.011213206665628406,0
3898,B,Ship,0.0,4,-0.08536585365853659,0.0,low,M,0.3333333333333333,0.0513938638841302,0
3899,C,Ship,0.0,4,-0.7195121951219512,-1.0,medium,F,0.3333333333333333,0.24388724497741784,1
3900,F,Ship,0.0,5,-0.4878048780487805,-1.0,low,M,0.5,0.5030369101386077,0
3901,D,Ship,-0.5,2,0.07317073170731707,0.0,medium,M,0.16666666666666666,-0.0003114779629341224,0
3902,F,Ship,0.5,5,-0.2682926829268293,0.0,medium,M,-0.3333333333333333,0.24700202460675907,1
3903,A,Ship,0.5,3,0.2073170731707317,0.0,medium,F,-0.8333333333333334,0.18252608627939573,0
3904,B,Ship,0.0,1,0.2804878048780488,0.0,low,F,0.5,0.3837408503348388,0
3905,C,Ship,0.0,1,-0.32926829268292684,0.0,medium,M,0.16666666666666666,0.5366765301354929,0
3906,F,Ship,0.5,4,-0.8902439024390244,1.0,high,F,-0.3333333333333333,0.40336396199968855,1
3907,D,Ship,0.0,4,0.7073170731707317,2.0,low,F,-0.6666666666666666,0.34075689144992993,0
3908,F,Ship,-0.5,1,0.18292682926829268,0.0,low,M,-0.3333333333333333,0.2560348855318486,1
3909,A,Ship,0.0,2,-0.5,-1.0,medium,M,0.3333333333333333,0.04921351814359134,0
3910,B,Ship,-1.0,1,0.6951219512195121,-1.0,low,M,0.0,0.5376109640242953,0
3911,C,Ship,0.0,5,0.3902439024390244,0.0,medium,F,0.0,0.2513627160878368,0
3912,F,Ship,0.0,3,-1.3414634146341464,1.0,medium,M,-0.6666666666666666,0.12427970721071484,0
3913,D,Ship,0.0,4,-1.1341463414634145,2.0,low,F,0.16666666666666666,0.026164148886466284,1
3914,F,Ship,-0.5,3,-0.024390243902439025,0.0,medium,F,0.5,0.5562996418003426,0
3915,A,Ship,-0.5,1,-0.9146341463414634,2.0,medium,F,-0.3333333333333333,0.1317551783211338,0
3916,B,Ship,-0.5,4,0.43902439024390244,0.0,low,M,0.5,0.4793645849556144,0
3917,C,Ship,0.0,4,0.7073170731707317,-1.0,low,M,0.5,0.21087058090640087,1
3918,F,Ship,1.0,1,-0.6585365853658537,2.0,medium,M,0.16666666666666666,0.5709391060582464,0
3919,D,Ship,0.5,1,-0.5365853658536586,1.0,low,F,-0.5,0.2199034418314904,1
3920,F,Ship,0.0,1,0.5609756097560976,-1.0,low,F,-1.0,0.2653792244198723,1
3921,A,Ship,-1.0,1,-0.5609756097560976,0.0,low,F,0.0,-0.04391839277371126,0
3922,B,Ship,0.0,2,0.573170731707317,-1.0,medium,M,0.0,0.5030369101386077,0
3923,C,Ship,0.5,4,-1.1829268292682926,0.0,medium,F,-0.5,0.3684784301510668,0
3924,F,Ship,0.0,2,-0.7682926829268293,1.0,medium,F,-0.3333333333333333,0.4111509110730416,0
3925,D,Ship,0.5,1,-0.4024390243902439,-1.0,medium,F,-0.5,0.4451020090328609,1
3926,F,Ship,1.0,1,0.45121951219512196,1.0,low,M,-0.8333333333333334,0.4693972901417225,0
3927,A,Ship,-1.0,3,-0.43902439024390244,0.0,medium,F,0.16666666666666666,0.09406634480610497,1
3928,B,Ship,-0.5,1,0.15853658536585366,0.0,low,M,0.5,0.04859056221772309,1
3929,C,Ship,0.0,3,-0.0975609756097561,1.0,medium,M,-1.0,0.20650988942532317,1
3930,F,Ship,0.0,4,-0.4024390243902439,1.0,low,M,-0.5,0.5039713440274101,0
3931,D,Ship,0.0,5,-1.1829268292682926,2.0,medium,F,-1.0,0.07132845351191404,0
3932,F,Ship,-1.0,4,-0.32926829268292684,2.5,medium,F,0.3333333333333333,0.07444323314125526,0
3933,A,Ship,0.5,3,0.06097560975609756,1.0,medium,M,-0.3333333333333333,-0.01650833203550849,0
3934,B,Ship,1.0,3,0.8048780487804879,0.0,low,M,0.0,0.14670612054197166,1
3935,C,Ship,1.0,5,-0.43902439024390244,0.0,low,F,-0.3333333333333333,-0.01650833203550849,0
3936,F,Ship,-0.5,1,-0.9146341463414634,-1.0,medium,M,-0.6666666666666666,0.023983803145927424,0
3937,D,Ship,-0.5,5,-0.9390243902439024,-1.0,low,F,-0.16666666666666666,0.48590562217723093,1
3938,F,Ship,0.5,3,0.4146341463414634,-1.0,low,F,-0.16666666666666666,0.5338732284690858,1
3939,A,Ship,-0.5,5,0.5487804878048781,0.0,low,F,0.5,0.5696931942065099,0
3940,B,Ship,0.0,5,-0.9146341463414634,0.0,medium,M,-0.3333333333333333,0.3043139697866376,0
3941,C,Ship,-0.5,5,0.6463414634146342,-1.0,medium,M,-0.5,0.17255879146550382,0
3942,F,Ship,-0.5,5,0.6951219512195121,1.0,medium,M,-1.0,0.5304469708768105,1
3943,D,Ship,0.5,1,-0.4024390243902439,1.0,medium,F,-0.5,0.42236411773867,0
3944,F,Ship,0.0,5,0.0975609756097561,-1.0,medium,M,-0.8333333333333334,0.08596791776981778,0
3945,A,Ship,-0.5,5,-0.6707317073170732,-1.0,medium,M,-0.16666666666666666,0.5154960286559725,0
3946,B,Ship,-0.5,4,0.2926829268292683,-1.0,medium,M,-0.6666666666666666,0.2432642890515496,0
3947,C,Road,0.5,3,0.5121951219512195,2.5,medium,F,-0.3333333333333333,0.4563152156984893,1
3948,F,Road,0.0,2,-0.14634146341463414,0.0,low,M,0.3333333333333333,0.25105123812490265,0
3949,D,Road,0.0,1,0.5365853658536586,0.0,medium,M,-0.8333333333333334,0.012147640554430773,0
3950,F,Road,0.0,5,-0.4878048780487805,0.0,medium,F,0.16666666666666666,0.4444790531069927,0
3951,A,Road,0.0,3,0.6829268292682927,-1.0,low,M,0.0,0.5186108082853138,0
3952,B,Road,0.0,1,0.012195121951219513,0.0,low,M,0.3333333333333333,0.1252141410995172,0
3953,C,Road,-0.5,1,0.4878048780487805,1.0,medium,M,0.3333333333333333,0.13144370035819966,0
3954,F,Road,1.0,4,0.47560975609756095,-1.0,low,F,0.3333333333333333,0.5678243264289051,0
3955,D,Road,-0.5,2,0.6707317073170732,1.0,medium,M,-1.0,0.5133156829154337,0
3956,F,Road,0.0,1,0.12195121951219512,2.0,low,F,0.0,0.4949384831023205,0
3957,A,Road,-0.5,1,-0.6951219512195121,0.0,medium,M,-1.0,0.07537766703005762,0
3958,B,Road,-0.5,3,0.43902439024390244,0.0,low,F,-0.3333333333333333,0.14826351035664226,0
3959,C,Road,1.0,1,-1.0,1.0,medium,M,-0.3333333333333333,0.3382650677464569,1
3960,F,Road,0.5,2,0.5121951219512195,0.0,medium,M,-0.16666666666666666,0.4532004360691481,1
3961,D,Road,0.0,2,0.2804878048780488,0.0,low,M,-1.0,0.30057623423142815,0
3962,F,Road,0.5,1,-0.18292682926829268,-1.0,medium,M,0.0,0.15916523905933655,1
3963,A,Road,-0.5,4,-0.34146341463414637,0.0,medium,M,0.0,0.12054197165550537,0
3964,B,Road,0.0,5,-0.012195121951219513,0.0,medium,F,0.0,-0.010901728702694284,0
3965,C,Road,-0.5,1,0.5609756097560976,-1.0,medium,F,-0.16666666666666666,0.0570004672169444,0
3966,F,Road,1.0,1,0.4024390243902439,0.0,low,M,-1.0,0.15200124591185174,1
3967,D,Road,0.0,3,-0.43902439024390244,-1.0,medium,F,0.3333333333333333,0.053885687587603176,1
3968,F,Road,-0.5,1,-0.9634146341463414,-1.0,low,M,0.0,0.47749571717800965,0
3969,A,Flight,-0.5,3,0.24390243902439024,0.0,medium,F,-0.6666666666666666,0.011836162591496651,1
3970,B,Flight,0.0,5,0.0,0.0,high,F,-1.0,-0.04516430462544775,0
3971,C,Flight,0.0,1,-0.4878048780487805,0.0,low,F,0.16666666666666666,0.43606914810777136,0
3972,F,Flight,0.5,5,0.5853658536585366,-1.0,medium,M,0.16666666666666666,0.0417380470331724,0
3973,D,Flight,0.0,1,-0.4146341463414634,0.0,high,F,-0.3333333333333333,0.06136115869802212,0
3974,F,Flight,0.5,2,-0.5975609756097561,-1.0,medium,F,-0.16666666666666666,0.20869023516586202,1
3975,A,Flight,0.0,1,-0.7804878048780488,0.0,low,F,0.5,0.09998442610185329,0
3976,B,Flight,0.5,4,0.15853658536585366,-1.0,low,F,0.3333333333333333,0.4849711882884286,1
3977,C,Flight,0.5,1,0.07317073170731707,0.0,medium,M,0.16666666666666666,0.49151222551004514,1
3978,F,Flight,0.5,5,0.5,-1.0,medium,M,-1.0,0.1417224731350257,1
3979,D,Flight,-0.5,2,-0.14634146341463414,-1.0,medium,M,-0.3333333333333333,0.3071172714530447,1
3980,F,Flight,0.0,4,0.573170731707317,0.0,medium,M,-0.8333333333333334,-0.0028033016664071016,0
3981,A,Flight,0.5,3,0.36585365853658536,-1.0,low,M,-0.3333333333333333,0.17567357109484505,0
3982,B,Flight,0.0,2,-0.5,0.0,medium,F,-1.0,0.30493692571250586,0
3983,C,Flight,-0.5,2,0.12195121951219512,0.0,medium,M,-1.0,0.3719046877433422,1
3984,F,Flight,0.0,4,0.5975609756097561,-1.0,medium,M,-0.8333333333333334,0.5133156829154337,1
3985,D,Flight,0.5,1,-0.6585365853658537,2.0,low,F,-1.0,0.16290297461454603,0
3986,F,Flight,1.0,2,-1.3170731707317074,2.0,low,M,0.3333333333333333,-0.034574053885687586,1
3987,A,Flight,-0.5,2,0.15853658536585366,-1.0,medium,M,0.3333333333333333,0.15885376109640242,0
3988,B,Flight,-0.5,5,0.524390243902439,-1.0,low,M,-0.8333333333333334,0.3432487151534029,1
3989,C,Flight,-0.5,1,-0.7195121951219512,0.0,medium,F,-0.16666666666666666,0.300264756268494,1
3990,F,Flight,-0.5,4,-0.024390243902439025,0.0,low,F,0.16666666666666666,0.33172403052484034,0
3991,D,Ship,1.0,3,-0.10975609756097561,0.0,low,M,0.5,0.2638218346052017,0
3992,F,Ship,-0.5,4,-0.036585365853658534,0.0,low,F,-0.16666666666666666,0.5422831334683071,0
3993,A,Ship,0.5,4,-0.43902439024390244,2.0,low,F,0.3333333333333333,0.180657218501791,1
3994,B,Ship,-0.5,3,0.08536585365853659,0.0,high,M,-0.3333333333333333,0.13050926646939728,1
3995,C,Ship,-0.5,3,0.47560975609756095,1.0,low,F,0.3333333333333333,0.16601775424388723,1
3996,F,Ship,-0.5,1,-0.35365853658536583,-1.0,medium,M,0.16666666666666666,0.3990032705186108,1
3997,D,Ship,-0.5,3,-0.6585365853658537,-1.0,high,M,-0.16666666666666666,0.4728235477339978,0
3998,F,Ship,-0.5,4,-0.5,-1.0,low,M,-0.3333333333333333,0.07880392462233297,0
3999,A,Ship,-0.5,3,0.5121951219512195,0.0,medium,M,0.16666666666666666,-0.02460675907179567,0
4000,B,Ship,-0.5,4,-0.975609756097561,0.0,high,F,-0.16666666666666666,0.4768727612521414,0
4001,C,Ship,0.0,5,-0.6585365853658537,2.5,low,F,-0.5,0.16664071016975548,1
4002,F,Ship,-1.0,3,-0.10975609756097561,0.0,low,M,-1.0,0.30774022737891293,0
4003,D,Ship,0.0,1,-0.14634146341463414,0.0,low,M,-0.5,-0.03737735555209469,0
4004,F,Ship,-1.0,2,-0.6829268292682927,0.0,medium,F,-0.8333333333333334,0.0012459118517364897,0
4005,A,Ship,0.0,3,0.23170731707317074,0.0,medium,M,-0.5,0.3457405388568759,0
4006,B,Ship,-0.5,3,-0.6219512195121951,-1.0,high,F,0.5,0.3784457249649587,1
4007,C,Ship,0.0,4,-0.14634146341463414,1.0,medium,M,-0.5,-0.02990188444167575,0
4008,F,Ship,0.5,2,0.18292682926829268,0.0,low,M,-1.0,0.3239370814514873,1
4009,D,Ship,0.5,4,-1.146341463414634,1.0,high,M,-1.0,0.010590250739760162,0
4010,F,Ship,0.5,1,-0.35365853658536583,-1.0,medium,F,0.5,0.5681358043918393,1
4011,A,Ship,-1.0,5,-0.7317073170731707,0.0,medium,F,-1.0,0.07101697554897991,0
4012,B,Ship,-1.0,4,0.2926829268292683,0.0,medium,M,-0.5,0.5086435134714219,1
4013,C,Ship,0.0,2,-0.4268292682926829,0.0,low,M,-0.6666666666666666,0.3535274879302289,0
4014,F,Ship,0.0,5,0.2804878048780488,-1.0,medium,F,0.5,0.25354306182837566,0
4015,D,Ship,0.0,1,0.24390243902439024,0.0,low,F,0.16666666666666666,0.2638218346052017,0
4016,F,Ship,-1.0,5,-1.1951219512195121,0.0,low,F,-1.0,-0.0180657218501791,1
4017,A,Ship,0.0,5,-0.6951219512195121,1.0,low,F,0.16666666666666666,0.06073820277215387,1
4018,B,Ship,0.0,2,-0.7682926829268293,0.0,medium,M,0.16666666666666666,0.0750661890671235,1
4019,C,Ship,-0.5,5,-0.6585365853658537,0.0,medium,F,-1.0,0.2843793801588538,0
4020,F,Ship,-0.5,5,0.14634146341463414,0.0,low,M,0.16666666666666666,0.328297772932565,1
4021,D,Ship,-1.0,5,0.4878048780487805,0.0,low,M,-0.16666666666666666,0.4781186731038779,0
4022,F,Ship,-0.5,5,-0.24390243902439024,0.0,low,M,0.16666666666666666,0.491200747547111,1
4023,A,Ship,0.5,5,-0.24390243902439024,1.0,medium,F,-0.5,-0.04547578258838187,0
4024,B,Ship,-0.5,4,-0.47560975609756095,0.0,low,M,-0.16666666666666666,0.42174116181280175,0
4025,C,Ship,0.0,1,0.17073170731707318,-1.0,medium,F,0.3333333333333333,-0.0180657218501791,0
4026,F,Ship,-0.5,3,0.3170731707317073,0.0,low,F,-0.5,0.282510512381249,1
4027,D,Ship,-1.0,1,-0.5853658536585366,0.0,medium,F,0.16666666666666666,0.03301666407101698,1
4028,F,Ship,0.0,5,0.4268292682926829,-1.0,medium,F,0.5,0.12864039869179256,0
4029,A,Ship,0.0,1,0.573170731707317,0.0,medium,M,0.0,0.0513938638841302,1
4030,B,Ship,0.0,1,-0.06097560975609756,-1.0,low,F,0.5,0.2856252920105902,0
4031,C,Ship,-0.5,2,-0.7317073170731707,-1.0,medium,M,-0.5,0.53418470643202,0
4032,F,Ship,1.0,5,-1.4146341463414633,0.0,low,F,0.16666666666666666,0.559725899392618,0
4033,D,Ship,-0.5,5,-0.25609756097560976,0.0,medium,M,-0.8333333333333334,0.19778850646316773,0
4034,F,Ship,-0.5,5,-0.5487804878048781,0.0,low,F,-0.16666666666666666,0.38872449774178475,0
4035,A,Ship,0.5,4,0.15853658536585366,-1.0,medium,M,-0.6666666666666666,0.5466438249493848,0
4036,B,Ship,-0.5,3,-0.7804878048780488,-1.0,medium,M,-0.16666666666666666,0.006541037221616571,1
4037,C,Ship,0.5,4,0.5609756097560976,2.5,medium,M,0.16666666666666666,0.40211805014795204,1
4038,F,Ship,0.5,5,0.35365853658536583,2.5,medium,F,0.3333333333333333,0.13642734776514562,0
4039,D,Ship,-1.0,4,0.6951219512195121,2.5,medium,F,0.5,0.010590250739760162,0
4040,F,Ship,0.0,3,-1.0365853658536586,2.5,medium,F,-0.3333333333333333,0.4600529512536988,0
4041,A,Ship,-0.5,2,0.17073170731707318,0.0,medium,F,-0.5,0.018377199813113223,0
4042,B,Ship,0.5,5,0.35365853658536583,-1.0,low,M,0.3333333333333333,0.16196854072574365,1
4043,C,Ship,-1.0,3,-0.32926829268292684,0.0,medium,F,-0.16666666666666666,0.4354461921819031,0
4044,F,Ship,-0.5,3,-0.35365853658536583,0.0,medium,F,0.5,0.07413175517832113,0
4045,D,Ship,-1.0,1,0.17073170731707318,0.0,high,F,-1.0,0.42080672792399937,1
4046,F,Ship,0.5,1,0.4146341463414634,2.5,low,F,-0.8333333333333334,-0.039246223329699424,1
4047,A,Ship,0.0,5,0.23170731707317074,1.0,low,F,-0.16666666666666666,0.15667341535586357,0
4048,B,Ship,0.0,3,-0.7682926829268293,0.0,medium,F,0.16666666666666666,-0.03862326740383118,1
4049,C,Ship,0.5,2,-0.6585365853658537,0.0,high,M,-0.6666666666666666,0.14016508332035507,0
4050,F,Ship,-0.5,5,0.6219512195121951,0.0,medium,M,-0.5,0.037065877589160565,1
4051,D,Ship,-0.5,3,0.18292682926829268,2.5,high,F,-0.5,0.28842859367699736,1
4052,F,Ship,1.0,3,-0.8536585365853658,2.5,high,F,0.16666666666666666,0.46628251051238123,1
4053,A,Ship,-0.5,5,-0.5121951219512195,2.5,high,F,-1.0,0.24295281108861547,1
4054,B,Ship,-0.5,5,0.7195121951219512,2.5,medium,F,-0.3333333333333333,0.14296838498676218,0
4055,C,Ship,-0.5,3,-0.3902439024390244,1.0,low,M,0.0,-0.7101697554897991,1
4056,F,Ship,0.0,3,-0.6097560975609756,-1.0,low,F,-0.6666666666666666,-0.8637283912163215,0
4057,D,Ship,-0.5,1,0.3170731707317073,0.0,low,F,-0.5,0.4158230805170534,1
4058,F,Ship,-1.0,1,-0.5853658536585366,0.0,medium,M,-0.16666666666666666,0.04080361314437004,0
4059,A,Ship,0.0,2,0.4268292682926829,-1.0,medium,F,0.0,0.5379224419872294,1
4060,B,Ship,0.0,3,0.573170731707317,0.0,medium,M,-1.0,0.137361781653948,0
4061,C,Ship,0.0,5,-0.06097560975609756,-1.0,low,F,0.16666666666666666,-0.03177075221928049,0
4062,F,Ship,-0.5,5,-0.7317073170731707,-1.0,medium,M,-0.16666666666666666,0.18532938794580284,0
4063,D,Ship,1.0,3,-1.4146341463414633,0.0,low,F,0.16666666666666666,0.15636193739292945,1
4064,F,Ship,-0.5,5,-0.25609756097560976,0.0,medium,F,0.3333333333333333,0.259461143124124,0
4065,A,Ship,-0.5,1,-0.5487804878048781,0.0,low,F,-0.16666666666666666,-0.021180501479520324,1
4066,B,Ship,0.5,4,0.15853658536585366,-1.0,medium,M,0.5,0.1822146083164616,0
4067,C,Ship,-0.5,5,-0.7804878048780488,-1.0,medium,M,0.5,0.5591029434667497,0
4068,F,Ship,0.5,3,0.5609756097560976,2.5,medium,F,0.5,0.26070705497586044,0
4069,D,Ship,0.5,4,0.35365853658536583,2.5,medium,F,-1.0,0.006541037221616571,1
4070,F,Ship,-1.0,1,0.6951219512195121,2.5,medium,F,-0.3333333333333333,0.24139542127394487,0
4071,A,Ship,0.0,4,-1.0365853658536586,2.5,medium,F,0.0,0.22551004516430462,1
4072,B,Ship,-0.5,3,0.17073170731707318,0.0,medium,F,0.16666666666666666,0.24232985516274724,0
4073,C,Ship,0.5,3,0.35365853658536583,-1.0,low,F,0.3333333333333333,0.21149353683226912,1
4074,F,Ship,-1.0,1,-0.32926829268292684,0.0,medium,F,-0.6666666666666666,0.5522504282821991,0
4075,D,Ship,-0.5,3,-0.35365853658536583,0.0,medium,M,-0.5,-0.011836162591496651,1
4076,F,Ship,-1.0,3,0.17073170731707318,0.0,high,M,-0.3333333333333333,0.16009967294813893,0
4077,A,Ship,0.5,2,0.4146341463414634,2.5,low,F,0.5,0.13518143591340911,0
4078,B,Ship,0.0,5,0.23170731707317074,1.0,low,F,-0.16666666666666666,0.17318174739137207,1
4079,C,Ship,0.0,5,-0.7682926829268293,0.0,medium,F,0.5,0.35072418626382185,0
4080,F,Ship,0.5,4,-0.6585365853658537,0.0,high,M,-0.8333333333333334,0.5379224419872294,0
4081,D,Ship,-0.5,4,0.6219512195121951,0.0,medium,F,0.0,0.300264756268494,0
4082,F,Ship,-0.5,2,0.18292682926829268,2.5,high,M,-0.6666666666666666,0.44697087681046566,0
4083,A,Ship,1.0,2,-0.8536585365853658,2.5,high,M,-1.0,0.4211182058869335,0
4084,B,Road,-0.5,4,-0.5121951219512195,2.5,high,M,0.3333333333333333,0.22862482479364585,0
4085,C,Road,-0.5,3,0.7195121951219512,2.5,medium,F,0.5,0.44385609718112445,1
4086,F,Road,-0.5,5,-0.3902439024390244,1.0,low,M,-0.16666666666666666,-0.8961220993614701,1
4087,D,Road,0.0,4,-0.6097560975609756,-1.0,low,F,0.3333333333333333,-0.6852515184550693,1
4088,F,Road,-0.5,5,0.6585365853658537,-1.0,medium,M,-0.3333333333333333,-0.7606291854851269,0
4089,A,Road,-0.5,3,0.04878048780487805,1.0,medium,F,-0.5,-0.7696620464102165,1
4090,B,Road,0.5,3,0.2682926829268293,-1.0,medium,M,-0.16666666666666666,-0.8783678554742252,1
4091,C,Road,-0.5,4,-0.3170731707317073,1.0,low,M,-0.8333333333333334,-0.9624669054664382,1
4092,F,Road,0.0,2,0.7682926829268293,2.0,medium,F,0.16666666666666666,-0.8764989876966205,0
4093,D,Road,1.0,1,-1.0609756097560976,0.0,low,F,0.16666666666666666,0.5690702382806416,1
4094,F,Road,0.5,1,-0.8658536585365854,0.0,low,M,-0.3333333333333333,0.31054352904532007,1
4095,A,Road,1.0,1,-0.2682926829268293,2.5,medium,M,0.0,-0.04204952499610653,1
4096,B,Road,0.0,2,0.3048780487804878,-1.0,medium,F,0.3333333333333333,0.06572185017909983,0
4097,C,Road,-0.5,5,0.012195121951219513,0.0,low,M,-0.5,0.21149353683226912,1
4098,F,Road,1.0,1,-0.9146341463414634,2.0,medium,M,-1.0,0.029278928515807507,0
4099,D,Road,-0.5,2,0.43902439024390244,0.0,medium,F,-0.5,0.3775112910761564,0
4100,F,Road,-0.5,1,-0.32926829268292684,0.0,medium,F,-1.0,0.4335773244042984,0
4101,A,Road,-1.0,1,-0.7682926829268293,0.0,low,F,-0.3333333333333333,0.5709391060582464,1
4102,B,Road,-0.5,5,-0.4024390243902439,0.0,medium,M,0.3333333333333333,0.013082074443233142,0
4103,C,Road,0.0,4,-0.5365853658536586,2.0,low,M,-0.3333333333333333,0.2099361470175985,1
4104,F,Road,0.0,3,-0.9146341463414634,0.0,low,F,-1.0,0.26070705497586044,0
4105,D,Road,0.0,4,-0.34146341463414637,-1.0,low,F,-1.0,0.11524684628562529,0
4106,F,Flight,-0.5,2,0.7195121951219512,0.0,medium,F,-0.8333333333333334,0.2488708923843638,0
4107,A,Flight,1.0,1,0.7317073170731707,2.0,low,F,0.16666666666666666,0.04454134869957951,1
4108,B,Flight,-0.5,5,-1.2926829268292683,-1.0,low,F,0.5,0.4391839277371126,1
4109,C,Flight,-0.5,5,-1.0,0.0,medium,F,-0.5,0.019623111664849712,0
4110,F,Flight,0.0,1,0.10975609756097561,0.0,medium,F,-0.5,0.25634636349478274,1
4111,D,Flight,-0.5,2,0.3170731707317073,0.0,medium,M,-0.8333333333333334,0.2040180657218502,0
4112,F,Flight,-0.5,5,-1.3170731707317074,-1.0,low,F,-0.6666666666666666,0.45662669366142344,0
4113,A,Flight,0.5,4,-0.8658536585365854,2.0,medium,F,-0.3333333333333333,0.07600062295592587,1
4114,B,Flight,0.5,1,0.2926829268292683,-1.0,medium,M,-0.3333333333333333,0.40242952811088617,1
4115,C,Flight,-1.0,1,-0.7073170731707317,0.0,medium,M,-0.6666666666666666,0.5569225977262109,0
4116,F,Flight,0.0,2,-0.13414634146341464,0.0,low,F,0.3333333333333333,0.35726522348543843,1
4117,D,Flight,-0.5,4,0.5487804878048781,1.0,medium,F,-0.3333333333333333,0.1292633546176608,1
4118,F,Flight,0.0,4,0.13414634146341464,0.0,low,M,0.5,0.10496807350879925,0
4119,A,Flight,0.0,5,-0.7317073170731707,0.0,medium,F,0.3333333333333333,0.32985516274723564,0
4120,B,Flight,0.5,2,0.15853658536585366,0.0,medium,M,-0.8333333333333334,-0.02834449462700514,1
4121,C,Flight,0.0,3,-0.07317073170731707,-1.0,medium,F,-1.0,0.5223485438405233,0
4122,F,Flight,0.5,3,0.5,0.0,medium,F,0.16666666666666666,0.5712505840211805,0
4123,D,Flight,0.0,1,0.04878048780487805,-1.0,low,M,0.0,0.13954212739448685,0
4124,F,Flight,-0.5,5,-0.36585365853658536,0.0,medium,M,-1.0,0.003737735555209469,0
4125,A,Flight,0.0,1,0.23170731707317074,-1.0,low,M,0.0,0.07911540258526709,1
4126,B,Flight,-0.5,5,0.1951219512195122,1.0,medium,F,-0.8333333333333334,0.5503815605045943,1
4127,C,Flight,0.0,3,0.4268292682926829,0.0,low,M,-0.3333333333333333,0.27036287182681823,1
4128,F,Ship,0.5,2,-0.4634146341463415,1.0,low,M,-0.8333333333333334,0.23173960442298708,0
4129,D,Ship,0.0,2,0.7073170731707317,1.0,low,M,-0.6666666666666666,0.44136427347765145,0
4130,F,Ship,0.0,4,-0.2682926829268293,-1.0,low,M,0.0,0.0006229559258682448,0
4131,A,Ship,1.0,3,-1.3902439024390243,1.0,low,M,-0.6666666666666666,0.5005450864351347,0
4132,B,Ship,-1.0,1,0.6951219512195121,2.5,low,F,-0.8333333333333334,0.027410060738202773,1
4133,C,Ship,0.0,5,-0.5975609756097561,0.0,high,M,-0.3333333333333333,0.18252608627939573,0
4134,F,Ship,-0.5,4,-1.0975609756097562,1.0,medium,F,0.5,0.26849400404921353,0
4135,D,Ship,0.0,1,-0.25609756097560976,1.0,low,F,-0.5,0.2015262420183772,0
4136,F,Ship,-0.5,2,-0.7073170731707317,0.0,medium,M,-0.8333333333333334,0.16570627628095314,0
4137,A,Ship,0.5,3,-0.5365853658536586,0.0,medium,M,0.5,0.015262420183771998,0
4138,B,Ship,-1.0,3,0.35365853658536583,2.0,medium,M,-0.3333333333333333,0.18719825572340756,1
4139,C,Ship,-0.5,4,-0.6219512195121951,-1.0,low,F,0.0,0.4893318797695063,0
4140,F,Ship,0.0,3,-0.15853658536585366,-1.0,low,F,-0.5,0.25105123812490265,1
4141,D,Ship,-0.5,5,0.21951219512195122,0.0,low,M,0.5,0.3687899081140009,0
4142,F,Ship,-0.5,3,0.0,0.0,medium,F,-0.8333333333333334,0.2538545397913098,1
4143,A,Ship,-0.5,1,-0.7926829268292683,-1.0,medium,F,0.0,-0.0006229559258682448,1
4144,B,Ship,-0.5,4,-1.1219512195121952,0.0,high,F,0.5,0.22769039090484347,0
4145,C,Ship,-0.5,3,0.47560975609756095,1.0,low,M,-0.8333333333333334,0.27752686497430307,1
4146,F,Ship,-1.0,5,-1.1097560975609757,1.0,medium,M,0.16666666666666666,-0.0333281420339511,0
4147,D,Ship,0.0,3,0.573170731707317,0.0,medium,F,-0.8333333333333334,-0.03768883351502881,0
4148,F,Ship,0.5,1,0.25609756097560976,0.0,low,F,0.0,0.28406790219591965,0
4149,A,Ship,-1.0,3,-0.8902439024390244,1.0,medium,M,0.16666666666666666,0.1722473135025697,0
4150,B,Ship,-0.5,1,0.32926829268292684,-1.0,low,M,0.16666666666666666,0.45257748014327986,1
4151,C,Ship,0.0,1,0.47560975609756095,-1.0,low,F,0.3333333333333333,0.04672169444011836,0
4152,F,Ship,0.0,4,-0.45121951219512196,-1.0,low,F,-0.16666666666666666,0.30119919015729635,0
4153,D,Ship,0.5,4,-0.6585365853658537,0.0,high,M,0.5,0.4292166329232207,0
4154,F,Ship,-0.5,4,-0.975609756097561,0.0,low,F,0.3333333333333333,0.08939417536209313,0
4155,A,Ship,0.5,2,0.5365853658536586,-1.0,medium,F,-0.5,0.5656439806883663,0
4156,B,Ship,0.5,3,-0.3170731707317073,-1.0,low,M,-0.16666666666666666,0.21523127238747858,0
4157,C,Ship,0.5,2,0.6829268292682927,0.0,medium,F,-0.3333333333333333,0.5609718112443545,1
4158,F,Ship,-0.5,1,0.35365853658536583,-1.0,medium,M,0.5,0.4083476094066345,0
4159,D,Ship,-1.0,4,-1.3902439024390243,1.0,low,M,-0.6666666666666666,0.3890359757047189,0
4160,F,Ship,-0.5,3,-0.975609756097561,1.0,medium,M,0.0,0.38031459274256346,1
4161,A,Ship,0.0,2,0.5,0.0,medium,M,-0.6666666666666666,0.12864039869179256,1
4162,B,Ship,-0.5,3,0.5609756097560976,-1.0,low,M,0.16666666666666666,0.3840523282977729,0
4163,C,Ship,0.5,5,0.6219512195121951,0.0,low,M,-0.16666666666666666,0.08534496184394955,1
4164,F,Ship,-1.0,5,0.08536585365853659,0.0,low,M,-0.8333333333333334,0.5288895810621399,0
4165,D,Ship,0.5,4,-0.6951219512195121,1.0,low,M,0.3333333333333333,0.21523127238747858,0
4166,F,Ship,0.0,3,0.0975609756097561,0.0,low,F,0.16666666666666666,0.22177230960909516,0
4167,A,Ship,0.5,2,-0.4268292682926829,0.0,low,M,0.0,0.41956081607226287,0
4168,B,Ship,-0.5,2,0.2073170731707317,0.0,low,F,-0.3333333333333333,0.2793957327519078,0
4169,C,Ship,-0.5,5,0.17073170731707318,-1.0,low,M,-0.16666666666666666,0.5432175673571095,0
4170,F,Ship,-1.0,5,0.6097560975609756,-1.0,low,M,0.3333333333333333,0.5447749571717801,1
4171,D,Ship,0.0,3,-0.5365853658536586,0.0,medium,F,-0.8333333333333334,0.36785547422519854,1
4172,F,Ship,-0.5,2,-0.6707317073170732,-1.0,medium,F,-0.6666666666666666,0.226444479053107,0
4173,A,Ship,-0.5,3,-0.5853658536585366,0.0,high,M,-0.16666666666666666,0.29278928515807506,1
4174,B,Ship,-0.5,2,0.24390243902439024,-1.0,medium,M,0.16666666666666666,-0.04267248092197477,1
4175,C,Ship,1.0,1,0.012195121951219513,2.0,medium,F,-0.3333333333333333,0.06634480610496807,0
4176,F,Ship,-0.5,2,-0.4268292682926829,-1.0,high,F,0.16666666666666666,0.4485282666251363,0
4177,D,Ship,-0.5,3,-0.4146341463414634,0.0,medium,M,0.16666666666666666,0.5619062451331568,1
4178,F,Ship,0.0,5,-0.7926829268292683,0.0,low,M,0.3333333333333333,0.2504282821990344,1
4179,A,Ship,-0.5,2,-0.7804878048780488,0.0,low,M,-1.0,0.5220370658775891,0
4180,B,Ship,0.0,1,-0.7195121951219512,0.0,low,F,-0.5,0.4725120697710637,0
4181,C,Ship,0.0,5,-0.18292682926829268,-1.0,medium,M,-0.5,0.19093599127861705,0
4182,F,Ship,0.0,5,-0.5487804878048781,-1.0,low,F,0.5,0.03083631833047812,0
4183,D,Ship,1.0,4,0.7560975609756098,2.5,low,F,0.16666666666666666,0.2765924310855007,0
4184,F,Ship,0.0,3,0.524390243902439,0.0,low,F,-1.0,0.5276436692104034,0
4185,A,Ship,0.0,3,-0.7439024390243902,-1.0,medium,M,-1.0,0.06759071795670456,1
4186,B,Ship,0.5,5,0.17073170731707318,1.0,low,M,-0.16666666666666666,0.24824793645849555,1
4187,C,Ship,0.0,4,-0.9878048780487805,-1.0,medium,F,-0.5,0.17909982868712038,0
4188,F,Ship,0.0,4,-0.0975609756097561,0.0,medium,F,0.5,0.03519700981155583,0
4189,D,Ship,0.0,5,0.5975609756097561,2.0,low,M,0.3333333333333333,0.49275813736178165,1
4190,F,Ship,0.0,1,-0.2926829268292683,-1.0,medium,F,-0.5,0.10964024295281109,0
4191,A,Ship,0.0,5,-0.47560975609756095,-1.0,medium,M,-0.5,0.23703472979286716,1
4192,B,Ship,-0.5,3,0.7073170731707317,0.0,low,M,-0.8333333333333334,-0.028033016664071018,1
4193,C,Ship,0.0,1,-1.2560975609756098,1.0,medium,M,0.5,0.1750506151689768,0
4194,F,Ship,0.5,2,0.23170731707317074,0.0,low,F,-0.3333333333333333,0.5005450864351347,1
4195,D,Ship,0.5,5,0.25609756097560976,0.0,low,F,-0.5,0.36629808441052797,0
4196,F,Ship,-0.5,2,0.5,1.0,medium,M,-0.3333333333333333,0.08285313814047657,0
4197,A,Ship,0.0,3,0.024390243902439025,-1.0,low,F,-0.16666666666666666,-0.044852826662513626,0
4198,B,Ship,0.0,4,0.6341463414634146,0.0,medium,F,-0.3333333333333333,0.15324715776358822,0
4199,C,Ship,0.0,3,-0.17073170731707318,1.0,medium,F,0.0,0.2504282821990344,1
4200,F,Ship,-0.5,3,-0.24390243902439024,0.0,medium,F,-0.16666666666666666,0.48964335773244044,1
4201,D,Ship,0.0,2,0.07317073170731707,0.0,low,M,-0.6666666666666666,0.2712973057156206,0
4202,F,Ship,0.0,4,0.6829268292682927,-1.0,low,F,-1.0,0.31116648497118826,1
4203,A,Ship,-0.5,2,-0.5609756097560976,0.0,medium,M,-0.8333333333333334,0.02554119296059804,0
4204,B,Ship,0.0,5,-0.5121951219512195,1.0,medium,M,0.16666666666666666,0.5453979130976483,1
4205,C,Ship,0.0,5,-0.5609756097560976,0.0,high,F,-0.5,0.19000155738981467,1
4206,F,Ship,0.5,2,0.35365853658536583,0.0,low,M,-0.5,0.39433110107459896,0
4207,D,Ship,-0.5,3,-0.4024390243902439,0.0,low,F,-1.0,0.2943466749727457,1
4208,F,Ship,-0.5,5,-0.573170731707317,-1.0,low,F,-0.8333333333333334,-0.0024918237034729793,0
4209,A,Ship,0.0,2,0.12195121951219512,0.0,low,F,-0.6666666666666666,0.5662669366142346,0
4210,B,Ship,0.5,4,0.4634146341463415,0.0,medium,M,-0.16666666666666666,0.3339043762653792,0
4211,C,Ship,0.0,3,0.6341463414634146,0.0,medium,M,0.16666666666666666,0.10714841924933811,0
4212,F,Ship,0.0,3,-0.8536585365853658,-1.0,low,F,-0.3333333333333333,0.22831334683071172,0
4213,D,Ship,-0.5,5,0.0975609756097561,0.0,low,M,-0.5,0.3114779629341224,0
4214,F,Ship,0.0,4,-0.18292682926829268,0.0,low,M,0.5,0.2656907023828064,1
4215,A,Ship,-0.5,1,0.0,0.0,medium,F,-0.8333333333333334,0.25198567201370503,0
4216,B,Ship,-0.5,1,0.5365853658536586,0.0,medium,F,-0.8333333333333334,0.5229714997663916,1
4217,C,Ship,-0.5,5,-0.24390243902439024,1.0,low,M,-1.0,0.43139697866375953,0
4218,F,Ship,0.5,2,-0.15853658536585366,0.0,low,M,-0.8333333333333334,0.3061828375642423,1
4219,D,Ship,-0.5,5,0.35365853658536583,0.0,medium,F,-0.3333333333333333,0.07288584332658464,0
4220,F,Ship,0.5,4,0.6097560975609756,0.0,medium,M,-0.8333333333333334,0.4880859679177698,0
4221,A,Road,0.0,5,-0.12195121951219512,0.0,medium,F,-0.5,0.41333125681358046,0
4222,B,Road,-0.5,2,0.3048780487804878,-1.0,low,F,-0.6666666666666666,0.29590406478741627,1
4223,C,Road,0.5,4,-0.5609756097560976,1.0,medium,M,-0.3333333333333333,0.44572496495872915,0
4224,F,Road,0.5,4,0.18292682926829268,-1.0,medium,F,0.5,0.2653792244198723,0
4225,D,Road,-1.0,4,0.3902439024390244,-1.0,medium,M,-1.0,0.38156050459429997,1
4226,F,Road,0.0,4,0.036585365853658534,-1.0,low,M,-0.16666666666666666,-0.03737735555209469,1
4227,A,Road,0.0,1,-0.5853658536585366,-1.0,low,F,-0.16666666666666666,0.4946270051393864,0
4228,B,Road,0.0,3,-0.6707317073170732,-1.0,high,M,-0.6666666666666666,0.49275813736178165,1
4229,C,Road,1.0,5,0.07317073170731707,0.0,medium,M,-1.0,0.4232985516274724,0
4230,F,Road,0.5,4,-0.5121951219512195,1.0,medium,F,0.5,0.15885376109640242,1
4231,D,Road,-0.5,2,0.5853658536585366,0.0,medium,M,-0.8333333333333334,0.5485126927269895,1
4232,F,Road,0.0,5,-0.24390243902439024,-1.0,low,F,-1.0,0.3585111353371749,1
4233,A,Road,-0.5,1,0.21951219512195122,-1.0,medium,M,0.5,0.17754243887244978,0
4234,B,Road,0.0,5,0.5487804878048781,0.0,medium,M,-0.6666666666666666,0.18439495405700046,1
4235,C,Road,0.0,3,0.5487804878048781,0.0,low,F,-1.0,0.23828064164460364,1
4236,F,Road,0.0,5,0.3902439024390244,0.0,low,M,0.5,0.14546020869023515,1
4237,D,Road,-0.5,4,0.4024390243902439,-1.0,medium,F,-0.8333333333333334,0.2700513938638841,1
4238,F,Road,-1.0,1,-0.9390243902439024,0.0,low,M,-1.0,0.12147640554430773,0
4239,A,Road,-1.0,5,0.7195121951219512,-1.0,high,M,-0.3333333333333333,0.02709858277526865,0
4240,B,Road,0.5,2,-0.7560975609756098,0.0,high,F,-0.3333333333333333,0.4214296838498676,1
4241,C,Road,-0.5,1,0.25609756097560976,1.0,high,M,0.0,0.21305092664693973,1
4242,F,Road,0.0,2,-0.024390243902439025,0.0,low,F,-0.6666666666666666,0.1264600529512537,0
4243,D,Flight,0.5,4,0.8780487804878049,2.0,low,F,-0.6666666666666666,0.32985516274723564,0
4244,F,Flight,0.0,2,-0.7682926829268293,-1.0,medium,M,-0.16666666666666666,0.26101853293879457,0
4245,A,Flight,-0.5,3,-0.12195121951219512,0.0,low,M,-0.16666666666666666,0.35726522348543843,1
4246,B,Flight,-0.5,1,-0.2804878048780488,0.0,low,M,-1.0,0.17318174739137207,0
4247,C,Flight,-0.5,4,0.08536585365853659,0.0,low,F,-1.0,0.11493536832269118,1
4248,F,Flight,-0.5,5,-0.6463414634146342,0.0,low,M,-0.8333333333333334,0.1015418159165239,0
4249,D,Flight,0.0,1,-0.3780487804878049,1.0,low,M,0.3333333333333333,0.3139697866375954,0
4250,F,Flight,0.0,3,0.35365853658536583,-1.0,low,F,-0.16666666666666666,0.5429060893941754,0
4251,A,Flight,0.5,4,-0.24390243902439024,2.0,low,M,0.16666666666666666,-0.034574053885687586,1
4252,B,Flight,0.0,2,0.6341463414634146,0.0,medium,M,-0.5,0.014950942220837876,1
4253,C,Flight,0.0,3,0.4268292682926829,1.0,medium,M,0.5,0.24419872294035197,0
4254,F,Flight,0.5,5,-0.9878048780487805,-1.0,low,F,0.5,0.07755801277059649,0
4255,D,Flight,0.0,3,0.36585365853658536,1.0,low,M,0.5,-0.009655816850957795,1
4256,F,Flight,0.0,3,0.25609756097560976,0.0,medium,F,-0.16666666666666666,0.2127394486840056,1
4257,A,Flight,-0.5,1,-0.5853658536585366,-1.0,low,F,0.5,0.5553652079115402,1
4258,B,Flight,0.0,2,0.3048780487804878,-1.0,low,F,0.5,-0.03768883351502881,0
4259,C,Flight,0.0,4,-0.8902439024390244,0.0,low,M,0.0,0.16632923220682136,0
4260,F,Flight,-1.0,5,-0.5609756097560976,-1.0,low,F,-1.0,0.21242797072107147,0
4261,D,Flight,0.0,2,-0.13414634146341464,0.0,low,F,-0.5,0.48279084254788973,0
4262,F,Flight,0.5,1,-0.524390243902439,1.0,medium,F,0.3333333333333333,0.08378757202927893,1
4263,A,Flight,-0.5,4,-1.146341463414634,1.0,high,M,0.5,0.4323314125525619,0
4264,B,Flight,0.0,1,0.3170731707317073,1.0,low,F,-0.16666666666666666,0.20619841146238904,0
4265,C,Ship,0.5,4,-0.43902439024390244,2.5,medium,M,0.5,0.3264289051549603,0
4266,F,Ship,-0.5,4,0.2804878048780488,0.0,high,F,0.3333333333333333,0.4251674194050771,1
4267,D,Ship,-0.5,2,-0.5487804878048781,0.0,low,F,-0.6666666666666666,0.4746924155116026,0
4268,F,Ship,0.0,1,-0.5487804878048781,1.0,low,F,0.5,0.02990188444167575,0
4269,A,Ship,0.0,4,-0.15853658536585366,-1.0,medium,F,0.16666666666666666,0.5111353371748949,0
4270,B,Ship,0.0,2,0.4268292682926829,1.0,medium,M,-0.5,0.39526553496340133,1
4271,C,Ship,0.5,3,-1.3780487804878048,2.0,medium,F,-1.0,-0.04204952499610653,1
4272,F,Ship,-0.5,1,-0.9024390243902439,0.0,low,M,-0.16666666666666666,0.1055910294346675,1
4273,D,Ship,-0.5,2,0.0,0.0,medium,M,-1.0,0.3778227690390905,0
4274,F,Ship,0.5,2,-0.21951219512195122,0.0,medium,F,-0.16666666666666666,0.03363961999688522,0
4275,A,Ship,-0.5,2,-0.12195121951219512,-1.0,high,M,0.0,0.5643980688366298,0
4276,B,Ship,0.0,4,-0.6707317073170732,0.0,low,M,0.3333333333333333,0.0361314437003582,1
4277,C,Ship,0.0,3,-0.47560975609756095,1.0,medium,F,-0.5,0.478430151066812,0
4278,F,Ship,0.0,1,-0.6219512195121951,-1.0,low,F,-0.6666666666666666,-0.01557389814670612,1
4279,D,Ship,1.0,2,0.6951219512195121,2.5,medium,F,-0.8333333333333334,-0.0012459118517364897,0
4280,F,Ship,0.0,3,-0.2804878048780488,0.0,medium,M,-1.0,0.021803457405388568,0
4281,A,Ship,0.0,5,-0.9634146341463414,0.0,medium,F,-0.3333333333333333,0.1140009344338888,0
4282,B,Ship,0.0,2,0.12195121951219512,0.0,medium,F,-0.6666666666666666,0.11275502258215231,0
4283,C,Ship,-0.5,1,-0.8780487804878049,-1.0,low,F,-0.3333333333333333,0.18034574053885688,0
4284,F,Ship,1.0,1,0.3902439024390244,2.5,low,F,0.3333333333333333,0.4102164771842392,1
4285,D,Ship,0.5,5,-0.5975609756097561,1.0,medium,F,-0.6666666666666666,0.028967450552873385,0
4286,F,Ship,-0.5,3,-0.7804878048780488,1.0,medium,F,0.16666666666666666,0.06478741629029747,1
4287,A,Ship,-0.5,5,-0.5365853658536586,2.5,low,F,0.0,0.06977106369724342,1
4288,B,Ship,-1.0,3,-0.8170731707317073,0.0,low,F,-0.3333333333333333,0.2691169599750818,0
4289,C,Ship,0.0,2,-0.7682926829268293,0.0,medium,M,0.5,0.4824793645849556,0
4290,F,Ship,-0.5,3,0.5487804878048781,2.5,high,F,-0.16666666666666666,0.5575455536520791,0
4291,D,Ship,0.0,4,-0.036585365853658534,1.0,medium,M,0.16666666666666666,0.18626382183460521,1
4292,F,Ship,0.0,1,0.4268292682926829,2.5,medium,M,0.0,0.44572496495872915,1
4293,A,Ship,-0.5,2,-0.9878048780487805,0.0,medium,M,-1.0,0.27316617349322536,1
4294,B,Ship,0.0,2,0.5365853658536586,0.0,high,M,0.5,0.15387011368945647,1
4295,C,Ship,-0.5,4,0.47560975609756095,0.0,high,F,0.16666666666666666,0.532004360691481,0
4296,F,Ship,1.0,5,-0.35365853658536583,0.0,high,F,-1.0,0.389347453667653,1
4297,D,Ship,-0.5,4,0.6585365853658537,-1.0,medium,F,-0.5,-0.8431708456626694,1
4298,F,Ship,-0.5,3,0.04878048780487805,1.0,medium,M,0.16666666666666666,-0.7058090640087213,0
4299,A,Ship,-0.5,5,-0.9024390243902439,0.0,low,M,0.3333333333333333,0.18190313035352748,0
4300,B,Ship,-0.5,3,0.0,0.0,medium,F,0.3333333333333333,0.531692882728547,0
4301,C,Ship,0.5,4,-0.21951219512195122,0.0,medium,M,-0.8333333333333334,0.39806883662980846,1
4302,F,Ship,-0.5,2,-0.12195121951219512,-1.0,high,F,-0.8333333333333334,0.4289051549602866,0
4303,D,Ship,0.0,1,-0.6707317073170732,0.0,low,M,-0.5,0.13237813424700204,0
4304,F,Ship,0.0,3,-0.47560975609756095,1.0,medium,F,-0.3333333333333333,0.32019934589627785,1
4305,A,Ship,0.0,4,-0.6219512195121951,-1.0,low,F,0.3333333333333333,0.1778539168353839,0
4306,B,Ship,1.0,1,0.6951219512195121,2.5,medium,M,-0.3333333333333333,0.4080361314437004,0
4307,C,Ship,0.0,3,-0.2804878048780488,0.0,medium,F,-0.16666666666666666,0.12895187665472668,0
4308,F,Ship,0.0,5,-0.9634146341463414,0.0,medium,F,-0.16666666666666666,0.3479208845974147,1
4309,D,Ship,0.0,3,0.12195121951219512,0.0,medium,F,0.3333333333333333,0.3532160099672948,1
4310,F,Ship,-0.5,5,-0.8780487804878049,-1.0,low,F,0.16666666666666666,0.23828064164460364,0
4311,A,Ship,1.0,2,0.3902439024390244,2.5,low,F,-1.0,0.21710014016508333,0
4312,B,Ship,0.5,4,-0.5975609756097561,1.0,medium,M,0.0,0.2934122410839433,1
4313,C,Ship,-0.5,5,-0.7804878048780488,1.0,medium,F,0.16666666666666666,0.08845974147329076,0
4314,F,Ship,-0.5,4,-0.5365853658536586,2.5,low,M,0.0,0.2516741940507709,1
4315,D,Ship,-1.0,1,-0.8170731707317073,0.0,low,M,-0.6666666666666666,-0.00903286092508955,1
4316,F,Ship,0.0,3,-0.7682926829268293,0.0,medium,F,-0.16666666666666666,0.38311789440897054,1
4317,A,Ship,-0.5,2,0.5487804878048781,2.5,high,M,-0.6666666666666666,0.0750661890671235,1
4318,B,Ship,0.0,5,-0.036585365853658534,1.0,medium,F,0.5,-0.04516430462544775,0
4319,C,Ship,0.0,4,0.4268292682926829,2.5,medium,F,-0.8333333333333334,0.01277059648029902,0
4320,F,Ship,-0.5,5,-0.9878048780487805,0.0,medium,F,-0.5,0.5460208690235165,0
4321,D,Ship,0.0,3,0.5365853658536586,0.0,high,F,-1.0,0.1569848933187977,0
4322,F,Ship,-0.5,3,0.47560975609756095,0.0,high,M,-1.0,0.03550848777448996,1
4323,A,Ship,1.0,1,-0.35365853658536583,0.0,high,F,0.16666666666666666,0.2046410216477184,0
4324,B,Ship,-0.5,4,0.6585365853658537,-1.0,medium,M,0.16666666666666666,-0.6721694440118362,1
4325,C,Ship,0.0,1,0.7682926829268293,2.0,medium,M,-0.6666666666666666,-0.816695218813269,1
4326,F,Ship,-1.0,3,-0.6951219512195121,1.0,low,M,-0.6666666666666666,-0.9176140788039246,1
4327,D,Ship,0.5,4,-1.0,2.5,low,F,0.16666666666666666,-0.8789908114000935,1
4328,F,Ship,0.5,3,-1.3414634146341464,1.0,low,M,-0.6666666666666666,0.2292477807195141,1
4329,A,Ship,-0.5,4,-0.012195121951219513,-1.0,medium,F,-0.16666666666666666,0.38156050459429997,1
4330,B,Ship,0.5,2,-0.5121951219512195,-1.0,high,F,-1.0,0.2999532783055599,0
4331,C,Ship,0.5,2,-0.5609756097560976,1.0,low,M,0.5,0.38124902663136584,1
4332,F,Ship,0.5,5,-0.2682926829268293,0.0,medium,M,-0.6666666666666666,-0.0417380470331724,1
4333,D,Ship,0.0,1,-0.3048780487804878,-1.0,low,M,0.5,0.15480454757825884,0
4334,F,Ship,0.5,4,0.5,2.5,low,M,-0.6666666666666666,0.15231272387478587,0
4335,A,Ship,0.5,2,-0.7560975609756098,0.0,low,F,-0.8333333333333334,0.007163993147484816,0
4336,B,Ship,0.0,3,-0.524390243902439,2.0,low,F,-0.8333333333333334,0.3404454134869958,1
4337,C,Ship,0.0,3,-0.45121951219512196,0.0,medium,F,-0.5,0.1252141410995172,0
4338,F,Ship,-0.5,2,-0.6585365853658537,0.0,low,F,-0.5,0.16632923220682136,0
4339,D,Ship,0.0,4,0.23170731707317074,1.0,low,M,-0.6666666666666666,0.5295125369880082,1
4340,F,Ship,-0.5,2,0.024390243902439025,0.0,low,F,0.5,-0.02055754555365208,0
4341,A,Ship,0.5,3,0.0975609756097561,0.0,low,F,-0.16666666666666666,0.18532938794580284,1
4342,B,Ship,0.5,3,0.5609756097560976,-1.0,low,M,0.5,0.46223329699423765,0
4343,C,Ship,0.5,1,0.3048780487804878,-1.0,low,M,-0.3333333333333333,0.5014795203239371,1
4344,F,Ship,0.0,4,-0.12195121951219512,-1.0,medium,F,0.3333333333333333,0.09749260239838031,0
4345,D,Ship,-0.5,3,-1.1951219512195121,2.0,low,F,-0.16666666666666666,0.1168042361002959,0
4346,F,Ship,0.0,3,0.3780487804878049,0.0,low,M,0.16666666666666666,0.21087058090640087,0
4347,A,Ship,0.0,4,0.8048780487804879,2.0,low,F,-0.6666666666666666,0.2756579971966983,0
4348,B,Ship,-0.5,5,-0.7195121951219512,1.0,low,M,-0.16666666666666666,0.3852982401495094,0
4349,C,Ship,-0.5,2,-0.9146341463414634,2.0,low,M,0.16666666666666666,0.1389191714686186,0
4350,F,Ship,0.5,4,0.2804878048780488,0.0,high,M,0.3333333333333333,0.38997040959352125,0
4351,D,Ship,-1.0,5,-0.036585365853658534,1.0,low,M,-1.0,0.4746924155116026,0
4352,F,Ship,-0.5,4,0.07317073170731707,0.0,medium,F,-0.3333333333333333,0.28936302756579974,0
4353,A,Ship,0.5,1,-0.975609756097561,-1.0,low,M,0.16666666666666666,0.46628251051238123,0
4354,B,Ship,-0.5,2,-0.07317073170731707,-1.0,low,F,0.0,0.13486995795047502,1
4355,C,Ship,0.5,3,-0.1951219512195122,1.0,medium,M,-0.8333333333333334,0.36349478274412084,0
4356,F,Ship,0.5,1,0.7682926829268293,1.0,low,M,-0.8333333333333334,0.41956081607226287,0
4357,D,Ship,0.0,3,-0.8536585365853658,0.0,low,M,-1.0,0.5394798318019001,0
4358,F,Road,0.5,1,-0.15853658536585366,0.0,low,M,-0.5,0.31677308830400247,1
4359,A,Road,-0.5,1,-0.15853658536585366,1.0,medium,F,0.3333333333333333,0.48964335773244044,1
4360,B,Road,0.5,1,0.2682926829268293,-1.0,low,F,-0.8333333333333334,0.26101853293879457,1
4361,C,Road,0.0,5,-0.8780487804878049,-1.0,low,M,-0.8333333333333334,0.3117894408970565,1
4362,F,Road,0.5,1,-0.5121951219512195,2.0,medium,F,-1.0,0.18096869646472513,0
4363,D,Road,0.0,3,0.036585365853658534,-1.0,medium,F,-0.8333333333333334,0.4027410060738203,0
4364,F,Road,0.0,2,0.2073170731707317,0.0,high,M,-0.6666666666666666,0.2999532783055599,0
4365,A,Road,-0.5,1,-0.17073170731707318,-1.0,low,F,-0.3333333333333333,0.22893630275657997,0
4366,B,Road,0.5,2,0.5609756097560976,2.5,high,M,0.5,-0.01931163370191559,1
4367,C,Road,-1.0,5,0.024390243902439025,0.0,medium,F,-0.8333333333333334,0.2955925868244822,0
4368,F,Road,0.5,1,0.012195121951219513,-1.0,low,M,-0.6666666666666666,0.17162435757670144,0
4369,D,Road,0.5,3,0.036585365853658534,0.0,low,M,-0.16666666666666666,0.2445102009032861,1
4370,F,Road,-0.5,5,0.36585365853658536,0.0,low,M,-0.6666666666666666,0.15667341535586357,1
4371,A,Road,0.0,2,0.08536585365853659,0.0,low,M,0.5,0.4619218190313035,0
4372,B,Road,0.0,1,-0.08536585365853659,-1.0,medium,M,-0.5,-0.01557389814670612,0
4373,C,Road,-0.5,3,-0.2926829268292683,0.0,medium,M,-0.8333333333333334,0.09936147017598505,1
4374,F,Road,-0.5,5,-0.18292682926829268,1.0,low,M,0.0,0.11555832424855941,0
4375,D,Road,1.0,1,0.3902439024390244,0.0,medium,M,0.0,0.18190313035352748,1
4376,F,Road,-0.5,5,-0.23170731707317074,0.0,medium,F,0.5,0.4472823547733998,0
4377,A,Road,-0.5,2,0.36585365853658536,0.0,medium,M,0.5,0.15168976794891761,1
4378,B,Road,-1.0,2,-0.6829268292682927,0.0,high,F,-1.0,0.0,0
4379,C,Road,0.0,2,0.4878048780487805,1.0,low,F,-0.5,0.30774022737891293,1
4380,F,Flight,-0.5,1,0.2682926829268293,-1.0,medium,F,0.16666666666666666,0.44915122255100454,0
4381,D,Flight,0.5,1,0.5,1.0,medium,M,0.3333333333333333,0.2280018688677776,1
4382,F,Flight,-0.5,1,0.12195121951219512,-1.0,low,M,0.3333333333333333,-0.04422987073664538,1
4383,A,Flight,-1.0,2,-0.12195121951219512,1.0,high,M,-0.3333333333333333,0.3840523282977729,0
4384,B,Flight,-0.5,3,-0.7804878048780488,-1.0,medium,M,-0.6666666666666666,0.5254633234698645,0
4385,C,Flight,-0.5,3,-0.975609756097561,-1.0,high,M,-1.0,0.46628251051238123,0
4386,F,Flight,-0.5,3,-0.6951219512195121,1.0,low,M,0.0,0.5684472823547734,1
4387,D,Flight,-0.5,2,0.524390243902439,-1.0,medium,F,-1.0,-0.005295125369880081,1
4388,F,Flight,0.5,2,-0.5975609756097561,0.0,medium,F,0.5,0.45133156829154336,0
4389,A,Flight,0.5,4,-0.47560975609756095,1.0,low,M,-0.5,0.11088615480454758,0
4390,B,Flight,-0.5,3,-0.15853658536585366,-1.0,medium,F,0.16666666666666666,0.2750350412708301,1
4391,C,Flight,-0.5,3,-0.47560975609756095,-1.0,medium,M,-0.8333333333333334,0.2071328453511914,0
4392,F,Flight,0.0,2,-0.35365853658536583,2.0,low,M,0.0,0.16975548979909671,1
4393,D,Flight,0.0,3,-0.14634146341463414,0.0,low,M,0.0,0.47624980532627315,1
4394,F,Flight,-0.5,4,0.6829268292682927,-1.0,low,M,-0.5,0.16570627628095314,0
4395,A,Flight,0.5,3,-0.47560975609756095,0.0,low,M,0.0,0.21305092664693973,1
4396,B,Flight,0.0,3,-0.7926829268292683,0.0,medium,F,-0.6666666666666666,0.19685407257436535,1
4397,C,Flight,-0.5,1,0.10975609756097561,0.0,medium,F,-0.5,0.10777137517520635,1
4398,F,Flight,0.5,2,-0.8658536585365854,1.0,low,F,0.5,0.3896589316305871,0
4399,D,Flight,-0.5,3,-0.13414634146341464,0.0,medium,M,0.0,0.25790375330945337,1
4400,F,Flight,0.0,4,-0.5975609756097561,2.5,low,F,-0.3333333333333333,0.15293567980065412,1
4401,A,Flight,0.0,3,0.5,2.5,low,M,-0.6666666666666666,0.04018065721850179,1
4402,B,Ship,0.0,3,0.04878048780487805,-1.0,low,F,0.0,0.08534496184394955,0
4403,C,Ship,0.0,2,-0.25609756097560976,-1.0,medium,F,-1.0,0.5482012147640555,0
4404,F,Ship,0.5,3,-0.32926829268292684,0.0,low,F,-0.6666666666666666,0.06042672480921975,0
4405,D,Ship,-0.5,4,0.3902439024390244,0.0,low,M,-1.0,-0.04018065721850179,1
4406,F,Ship,-0.5,2,0.2804878048780488,0.0,medium,F,0.5,0.5301354929138763,0
4407,A,Ship,-0.5,3,0.6707317073170732,0.0,medium,M,-0.3333333333333333,0.014950942220837876,1
4408,B,Ship,-0.5,5,-1.3048780487804879,2.0,low,F,-0.5,0.4594299953278306,0
4409,C,Ship,-0.5,3,-0.8170731707317073,0.0,low,M,-0.5,0.5158075066189067,0
4410,F,Ship,-0.5,4,-1.2560975609756098,2.0,medium,F,-1.0,-0.014639464257903754,0
4411,D,Ship,-0.5,5,-0.2073170731707317,0.0,medium,F,-0.8333333333333334,-0.04080361314437004,1
4412,F,Ship,-0.5,4,0.524390243902439,1.0,low,M,0.3333333333333333,0.1208534496184395,0
4413,A,Ship,0.5,4,0.6707317073170732,-1.0,medium,F,-0.8333333333333334,0.351035664226756,0
4414,B,Ship,-0.5,2,0.12195121951219512,-1.0,medium,F,-0.6666666666666666,0.07973835851113534,0
4415,C,Ship,-0.5,3,0.5853658536585366,-1.0,medium,F,0.5,0.2750350412708301,0
4416,F,Ship,0.5,3,-0.4024390243902439,0.0,high,M,0.0,0.4753153714374708,1
4417,D,Ship,-0.5,5,-0.6707317073170732,0.0,medium,M,0.3333333333333333,0.1264600529512537,0
4418,F,Ship,-0.5,2,-0.08536585365853659,-1.0,low,M,0.3333333333333333,0.1625914966516119,0
4419,A,Ship,-0.5,1,0.2926829268292683,0.0,medium,F,-0.3333333333333333,0.0778694907335306,1
4420,B,Ship,-1.0,3,0.3048780487804878,0.0,high,M,-1.0,0.5485126927269895,0
4421,C,Ship,0.0,5,-0.0975609756097561,-1.0,low,F,0.5,0.035819965737424075,1
4422,F,Ship,0.0,1,-0.6707317073170732,1.0,low,M,-0.3333333333333333,0.3958884908892696,1
4423,D,Ship,-0.5,4,-0.08536585365853659,-1.0,medium,M,0.5,0.1734932253543062,0
4424,F,Ship,0.0,3,0.5853658536585366,-1.0,low,M,0.5,0.42828219903441833,1
4425,A,Ship,-0.5,3,0.45121951219512196,-1.0,low,M,-0.6666666666666666,0.3173960442298707,0
4426,B,Ship,0.5,5,-0.3170731707317073,0.0,low,F,0.0,0.10465659554586514,1
4427,C,Ship,0.5,3,0.4878048780487805,-1.0,low,F,-0.5,0.2694284379380159,0
4428,F,Ship,0.0,1,0.24390243902439024,0.0,high,M,0.5,0.07039401962311166,0
4429,D,Ship,-0.5,5,0.3902439024390244,0.0,medium,F,-0.8333333333333334,0.4684628562529201,1
4430,F,Ship,0.0,2,-0.6829268292682927,0.0,low,M,-0.6666666666666666,0.11773866998909827,0
4431,A,Ship,0.0,1,0.07317073170731707,0.0,medium,M,-0.5,0.0513938638841302,0
4432,B,Ship,0.0,2,0.524390243902439,0.0,medium,M,0.16666666666666666,0.2790842547889737,1
4433,C,Ship,0.0,4,-0.8658536585365854,-1.0,medium,F,-0.6666666666666666,0.4612988631054353,1
4434,F,Ship,0.0,5,-0.6219512195121951,0.0,high,M,-0.5,0.5338732284690858,0
4435,D,Ship,-0.5,3,-0.524390243902439,1.0,low,M,0.16666666666666666,0.1099517209157452,0
4436,F,Ship,-0.5,3,0.573170731707317,1.0,medium,F,0.0,0.12241083943311011,1
4437,A,Ship,-0.5,4,-0.024390243902439025,0.0,medium,M,0.5,0.16009967294813893,0
4438,B,Ship,-0.5,4,-0.4634146341463415,-1.0,low,F,0.5,0.2401495094222084,0
4439,C,Ship,0.0,1,0.524390243902439,1.0,low,M,-0.3333333333333333,0.5376109640242953,1
4440,F,Ship,0.0,4,-0.9878048780487805,-1.0,low,F,0.5,0.19280485905622177,1
4441,D,Ship,-0.5,2,-0.7439024390243902,0.0,medium,F,-0.6666666666666666,0.3432487151534029,0
4442,F,Ship,1.0,4,0.04878048780487805,2.5,medium,M,-1.0,0.14826351035664226,1
4443,A,Ship,0.0,5,-0.6097560975609756,-1.0,low,F,0.3333333333333333,0.4061672636660956,0
4444,B,Ship,-0.5,2,0.5121951219512195,-1.0,medium,F,0.3333333333333333,0.02460675907179567,1
4445,C,Ship,-1.0,2,-0.7804878048780488,-1.0,medium,F,0.3333333333333333,0.239215075533406,1
4446,F,Ship,-1.0,4,-1.3048780487804879,1.0,high,F,-0.5,0.09406634480610497,1
4447,D,Ship,1.0,3,0.06097560975609756,1.0,medium,M,-0.16666666666666666,0.2292477807195141,1
4448,F,Ship,1.0,1,0.2804878048780488,2.0,high,M,-0.8333333333333334,0.3784457249649587,0
4449,A,Ship,0.5,1,0.3902439024390244,-1.0,low,F,-0.5,0.40865908736956863,0
4450,B,Ship,0.0,3,-0.1951219512195122,0.0,medium,F,-1.0,0.5285781030992057,1
4451,C,Ship,0.0,4,-0.4634146341463415,2.5,high,M,-0.3333333333333333,0.10745989721227223,1
4452,F,Ship,0.5,2,-0.5609756097560976,-1.0,high,F,-0.6666666666666666,0.24264133312568137,0
4453,D,Ship,0.5,2,-0.5,1.0,medium,M,-0.5,0.3781342470020246,0
4454,F,Ship,0.0,4,-1.3170731707317074,-1.0,low,F,0.5,0.31895343404454135,1
4455,A,Ship,-0.5,1,-0.524390243902439,-1.0,medium,F,0.0,-0.04329543684784302,1
4456,B,Ship,0.5,1,0.12195121951219512,-1.0,medium,M,-0.5,0.2846908581217879,0
4457,C,Ship,0.0,2,0.024390243902439025,1.0,medium,M,-0.6666666666666666,0.22987073664538235,1
4458,F,Ship,-0.5,3,-0.4878048780487805,0.0,medium,F,-0.8333333333333334,0.022426413331256813,0
4459,D,Ship,0.0,4,0.573170731707317,2.5,medium,F,0.5,0.13923064943155272,1
4460,F,Ship,0.0,3,0.18292682926829268,0.0,low,F,-0.6666666666666666,0.2734776514561595,0
4461,A,Ship,0.0,5,0.0,0.0,high,M,-0.16666666666666666,0.46628251051238123,0
4462,B,Ship,0.0,5,-0.18292682926829268,2.0,medium,M,0.16666666666666666,0.47344650365986607,1
4463,C,Ship,0.5,4,-0.3902439024390244,0.0,medium,F,0.0,0.475938327363339,1
4464,F,Ship,0.0,1,-0.7560975609756098,0.0,low,M,-0.5,0.35819965737424075,0
4465,D,Ship,0.0,5,0.5365853658536586,-1.0,medium,M,-0.16666666666666666,0.2843793801588538,1
4466,F,Ship,1.0,2,-0.3902439024390244,0.0,low,M,0.0,0.06914810777137517,1
4467,A,Ship,-1.0,4,-0.5853658536585366,0.0,low,M,0.16666666666666666,0.25510045164304623,1
4468,B,Ship,-1.0,3,-0.4634146341463415,0.0,low,F,-0.16666666666666666,0.2669366142345429,0
4469,C,Ship,-0.5,1,-0.25609756097560976,0.0,medium,M,-0.6666666666666666,0.313035352748793,0
4470,F,Ship,0.0,4,-0.9634146341463414,-1.0,low,F,0.5,0.11182058869334995,1
4471,D,Ship,1.0,5,-0.012195121951219513,1.0,medium,F,-0.6666666666666666,0.43606914810777136,0
4472,F,Ship,0.5,5,-0.5609756097560976,0.0,low,F,-0.16666666666666666,-0.019000155738981468,1
4473,A,Ship,-0.5,3,0.6097560975609756,0.0,medium,F,-0.16666666666666666,0.030524840367543996,1
4474,B,Ship,-0.5,1,-0.5,-1.0,low,M,0.5,-0.010590250739760162,1
4475,C,Ship,1.0,3,-0.8780487804878049,-1.0,low,F,0.3333333333333333,0.37719981311322226,1
4476,F,Ship,-1.0,2,0.7804878048780488,-1.0,medium,F,0.3333333333333333,0.05263977573586669,0
4477,D,Ship,-0.5,3,-0.2073170731707317,-1.0,medium,M,0.5,0.3444946270051394,0
4478,F,Ship,0.5,4,0.14634146341463414,-1.0,low,M,-0.16666666666666666,0.12396822924778073,0
4479,A,Ship,-0.5,2,-0.2073170731707317,2.0,medium,F,0.3333333333333333,0.04422987073664538,1
4480,B,Ship,0.0,5,-0.3048780487804878,-1.0,medium,M,-0.16666666666666666,0.4018065721850179,1
4481,C,Ship,-1.0,1,-0.04878048780487805,-1.0,medium,F,-0.16666666666666666,0.34293723719046876,0
4482,F,Ship,0.5,2,-0.7926829268292683,-1.0,medium,F,0.16666666666666666,0.3884130197788506,0
4483,D,Ship,0.5,4,-0.524390243902439,2.0,medium,M,-1.0,0.49836474069459585,0
4484,F,Ship,0.5,3,0.35365853658536583,0.0,medium,F,0.5,0.1168042361002959,1
4485,A,Ship,0.0,5,-0.524390243902439,1.0,low,F,-0.5,0.3476094066344806,0
4486,B,Ship,0.5,3,0.012195121951219513,1.0,low,M,-0.3333333333333333,0.5500700825416602,1
4487,C,Ship,-0.5,4,-0.4878048780487805,0.0,medium,F,-0.5,-0.030524840367543996,0
4488,F,Ship,1.0,4,-0.04878048780487805,2.0,medium,M,-0.8333333333333334,0.15636193739292945,0
4489,D,Ship,0.0,4,-0.9634146341463414,-1.0,low,F,-0.5,0.2999532783055599,0
4490,F,Ship,-0.5,2,-0.975609756097561,0.0,low,M,-0.16666666666666666,0.195919638685563,1
4491,A,Ship,-1.0,5,-0.5853658536585366,1.0,medium,F,-0.6666666666666666,0.15231272387478587,0
4492,B,Ship,0.5,1,-0.4878048780487805,0.0,low,M,0.5,-0.04391839277371126,0
4493,C,Ship,0.0,4,0.4634146341463415,1.0,medium,F,-0.5,0.2127394486840056,0
4494,F,Ship,0.5,2,0.06097560975609756,1.0,low,F,0.0,0.1987229403519701,1
4495,D,Road,0.0,5,0.36585365853658536,-1.0,medium,F,0.0,0.36629808441052797,1
4496,F,Road,0.5,5,-1.0,0.0,low,M,-0.3333333333333333,0.014327986294969631,1
4497,A,Road,0.0,2,0.10975609756097561,1.0,low,M,-0.8333333333333334,0.48590562217723093,0
4498,B,Road,-0.5,4,0.5609756097560976,1.0,low,F,0.5,-0.012459118517364896,0
4499,C,Road,-0.5,4,0.6707317073170732,-1.0,medium,M,-0.16666666666666666,0.5612832892072885,0
4500,F,Road,-0.5,5,-0.5365853658536586,0.0,low,F,-0.3333333333333333,0.28500233608472203,0
4501,D,Road,-1.0,5,-0.5365853658536586,2.0,low,F,0.5,0.4584955614390282,1
4502,F,Road,0.0,2,-0.5,-1.0,medium,M,-0.8333333333333334,0.3669210403363962,0
4503,A,Road,0.0,5,-0.8048780487804879,2.5,medium,M,-0.16666666666666666,0.48310232051082386,0
4504,B,Road,-0.5,5,-0.4878048780487805,2.5,medium,F,0.0,0.14296838498676218,0
4505,C,Road,1.0,2,0.5975609756097561,2.5,low,F,-0.5,0.1376732596168821,1
4506,F,Road,0.0,4,-0.8780487804878049,2.5,high,F,0.0,0.3974458807039402,1
4507,D,Road,-0.5,3,-0.3780487804878049,0.0,low,M,-0.8333333333333334,0.0666562840679022,0
4508,F,Road,1.0,1,-0.4878048780487805,2.5,medium,F,-1.0,0.5092664693972901,1
4509,A,Road,0.0,1,-0.9024390243902439,0.0,low,M,-0.5,0.3304781186731039,1
4510,B,Road,1.0,5,-0.7317073170731707,-1.0,high,M,0.0,0.0654103722161657,1
4511,C,Road,0.0,2,-1.2926829268292683,2.5,medium,M,-0.3333333333333333,0.15449306961532472,0
4512,F,Road,0.5,2,-0.1951219512195122,0.0,low,F,0.16666666666666666,0.165394798318019,0
4513,D,Road,0.0,2,0.6341463414634146,0.0,high,M,-0.3333333333333333,0.21242797072107147,1
4514,F,Road,0.0,4,-0.2073170731707317,2.0,low,M,0.16666666666666666,0.20059180812957483,0
4515,A,Road,-0.5,1,0.06097560975609756,2.5,low,F,-1.0,-0.008409904999221306,1
4516,B,Road,-1.0,4,0.5,2.5,low,F,0.3333333333333333,0.3348388101541816,1
4517,C,Flight,-0.5,1,0.5,2.5,low,F,-0.6666666666666666,0.10216477184239216,0
4518,F,Flight,0.5,4,0.06097560975609756,1.0,low,F,0.16666666666666666,0.12178788350724186,0
4519,D,Flight,0.0,4,0.36585365853658536,-1.0,medium,F,0.0,0.43420028033016667,1
4520,F,Flight,0.5,5,-1.0,0.0,low,M,-0.6666666666666666,0.03550848777448996,0
4521,A,Flight,0.0,4,0.10975609756097561,1.0,low,M,-0.6666666666666666,0.4560037377355552,0
4522,B,Flight,-0.5,3,0.5609756097560976,1.0,low,M,0.16666666666666666,0.450397134402741,1
4523,C,Flight,-0.5,1,0.6707317073170732,-1.0,medium,M,-0.16666666666666666,0.48403675439962623,1
4524,F,Flight,-0.5,1,-0.5365853658536586,0.0,low,M,-0.6666666666666666,0.09500077869490733,1
4525,D,Flight,-1.0,4,-0.5365853658536586,2.0,low,M,0.5,0.404609873851425,0
4526,F,Flight,0.0,5,-0.5,-1.0,medium,F,-0.3333333333333333,0.19529668275969475,1
4527,A,Flight,0.0,1,-0.8048780487804879,2.5,medium,M,-0.3333333333333333,0.21865752997975393,1
4528,B,Flight,-0.5,1,-0.4878048780487805,2.5,medium,F,-0.5,0.23703472979286716,1
4529,C,Flight,1.0,1,0.5975609756097561,2.5,low,M,0.5,0.5223485438405233,0
4530,F,Flight,0.0,5,-0.8780487804878049,2.5,high,F,-0.3333333333333333,-0.0006229559258682448,1
4531,D,Flight,-0.5,3,-0.3780487804878049,0.0,low,M,-0.5,0.3653636505217256,0
4532,F,Flight,1.0,1,-0.4878048780487805,2.5,medium,M,0.0,0.04298395888490889,0
4533,A,Flight,0.0,5,-0.9024390243902439,0.0,low,F,0.0,0.38436380626070704,0
4534,B,Flight,1.0,3,-0.7317073170731707,-1.0,high,M,0.0,0.18159165239059336,0
4535,C,Flight,0.0,5,-1.2926829268292683,2.5,medium,F,0.0,0.5541192960598038,1
4536,F,Flight,0.5,3,-0.1951219512195122,0.0,low,F,-0.16666666666666666,0.28406790219591965,1
4537,D,Flight,0.0,2,0.6341463414634146,0.0,high,M,-1.0,0.4307740227378913,1
4538,F,Flight,0.0,3,-0.2073170731707317,2.0,low,F,0.16666666666666666,0.018688677776047345,1
4539,A,Ship,-0.5,1,0.06097560975609756,2.5,low,M,-0.8333333333333334,0.36910138607693505,0
4540,B,Ship,-1.0,4,0.5,2.5,low,M,0.5,0.5376109640242953,0
4541,C,Ship,-0.5,2,0.5,2.5,low,F,-0.6666666666666666,0.5566111197632767,0
4542,F,Ship,1.0,2,0.4024390243902439,1.0,low,F,-0.6666666666666666,-0.7466126771530914,0
4543,D,Ship,0.5,1,0.7439024390243902,1.0,medium,F,-0.16666666666666666,-0.8036131443700358,0
4544,F,Ship,1.0,5,0.9390243902439024,1.0,low,M,-0.6666666666666666,-0.949073353060271,1
4545,A,Ship,1.0,4,0.6219512195121951,1.0,low,F,0.3333333333333333,-0.8216788662202149,0
4546,B,Ship,1.5,1,0.43902439024390244,2.0,medium,M,0.16666666666666666,-0.7391372060426725,0
4547,C,Ship,1.5,1,0.9390243902439024,1.0,low,F,0.3333333333333333,-0.7067434978975238,1
4548,F,Ship,1.0,4,0.5,1.0,low,F,-0.6666666666666666,-0.8036131443700358,1
4549,D,Ship,1.0,5,0.926829268292683,1.0,medium,F,-0.6666666666666666,-0.8366298084410528,1
4550,F,Ship,0.5,5,0.7560975609756098,1.0,low,F,0.0,-0.7497274567824327,0
4551,A,Ship,0.0,3,-0.7926829268292683,0.0,medium,F,-1.0,-0.8413019778850647,1
4552,B,Ship,1.0,2,1.170731707317073,1.0,medium,F,-0.3333333333333333,-0.7344650365986607,1
4553,C,Ship,1.5,5,0.7195121951219512,1.0,low,F,0.0,-0.8674661267715309,0
4554,F,Ship,1.0,3,0.36585365853658536,1.0,low,F,-0.3333333333333333,-0.7727768260395577,1
4555,D,Ship,1.0,4,0.7439024390243902,1.0,low,F,-0.5,-0.9210403363962,1
4556,F,Ship,1.5,2,1.146341463414634,1.0,low,F,0.0,-0.9260239838031459,0
4557,A,Ship,1.0,5,0.6097560975609756,1.0,low,M,-0.16666666666666666,-0.9792867154648809,0
4558,B,Ship,1.0,2,0.5121951219512195,2.0,medium,F,-0.8333333333333334,-0.8409904999221305,1
4559,C,Ship,0.5,1,0.4634146341463415,1.0,medium,M,-0.5,-0.720137050303691,0
4560,F,Ship,1.0,2,0.36585365853658536,1.0,low,F,-0.5,-0.9045320043606915,1
4561,D,Ship,1.0,1,0.8048780487804879,1.0,medium,M,-0.3333333333333333,-0.8465971032549447,0
4562,F,Ship,0.5,3,0.15853658536585366,1.0,low,F,0.5,-0.8821055910294346,1
4563,A,Ship,1.0,4,0.7073170731707317,1.0,low,F,0.0,-0.760940663448061,1
4564,B,Ship,1.0,2,0.7317073170731707,1.0,medium,M,0.16666666666666666,-0.7858589004827908,1
4565,C,Ship,1.0,3,1.170731707317073,1.0,low,F,-0.8333333333333334,-0.7263666095623734,0
4566,F,Ship,1.0,2,0.8292682926829268,2.0,medium,M,-0.3333333333333333,-0.7260551315994394,1
4567,D,Ship,1.0,1,0.4024390243902439,1.0,medium,F,0.5,-0.7369568603021336,0
4568,F,Ship,0.0,2,0.5853658536585366,1.0,low,M,-0.8333333333333334,0.36193739292945026,0
4569,A,Ship,-0.5,3,-0.012195121951219513,0.0,medium,M,0.0,-0.004983647406945959,0
4570,B,Ship,0.0,5,-0.9512195121951219,0.0,medium,M,0.0,0.20806727923999377,1
4571,C,Ship,-0.5,5,-0.975609756097561,-1.0,low,F,-0.5,0.3557078336707678,0
4572,F,Ship,-1.0,2,-0.524390243902439,-1.0,medium,F,-0.16666666666666666,0.297772932565021,0
4573,D,Ship,-0.5,2,-0.3902439024390244,-1.0,low,M,0.5,0.07537766703005762,1
4574,F,Ship,0.0,4,-0.35365853658536583,0.0,medium,M,0.3333333333333333,0.09967294813891917,0
4575,A,Ship,0.0,2,0.6951219512195121,0.0,medium,F,-0.5,0.5460208690235165,0
4576,B,Ship,0.0,1,-0.5853658536585366,2.0,low,F,-1.0,0.4092820432954368,1
4577,C,Ship,0.0,2,-0.21951219512195122,-1.0,low,M,-0.5,0.5304469708768105,0
4578,F,Ship,0.0,4,-0.6951219512195121,1.0,low,M,-0.16666666666666666,0.008098427036287183,0
4579,D,Ship,0.0,4,0.04878048780487805,-1.0,low,M,-0.5,-0.014016508332035509,1
4580,F,Ship,0.0,3,-0.8780487804878049,0.0,medium,F,-0.16666666666666666,0.5547422519856721,0
4581,A,Ship,-0.5,1,0.2804878048780488,-1.0,low,M,0.3333333333333333,0.14857498831957638,1
4582,B,Ship,1.0,3,-0.012195121951219513,1.0,low,F,-0.8333333333333334,0.3737735555209469,0
4583,C,Ship,0.5,1,0.32926829268292684,-1.0,medium,F,-0.6666666666666666,0.38685562996418005,1
4584,F,Ship,-1.0,2,-0.5365853658536586,0.0,high,F,0.0,0.04204952499610653,1
4585,D,Ship,-0.5,1,-0.7073170731707317,0.0,medium,M,0.3333333333333333,0.04018065721850179,0
4586,F,Ship,-0.5,4,0.17073170731707318,0.0,medium,F,0.16666666666666666,0.39557701292633546,0
4587,A,Ship,-0.5,1,-0.8414634146341463,0.0,high,F,0.5,0.06696776203083632,0
4588,B,Ship,0.0,1,-0.8414634146341463,0.0,low,M,-0.6666666666666666,0.4575611275502258,1
4589,C,Ship,-0.5,4,-0.5853658536585366,0.0,medium,F,0.16666666666666666,0.06852515184550693,1
4590,F,Ship,0.5,5,-1.3170731707317074,2.0,medium,F,-0.5,0.08129574832580595,1
4591,D,Ship,0.5,3,-0.04878048780487805,0.0,high,F,-0.5,0.20869023516586202,0
4592,F,Ship,-1.0,1,0.25609756097560976,0.0,medium,F,-0.16666666666666666,0.08160722628874008,1
4593,A,Ship,0.0,2,-0.8780487804878049,-1.0,medium,F,-0.3333333333333333,-0.02709858277526865,0
4594,B,Ship,-0.5,4,0.6951219512195121,0.0,low,F,0.3333333333333333,0.23049369257125057,1
4595,C,Ship,0.0,5,0.3780487804878049,0.0,medium,F,-0.8333333333333334,0.4018065721850179,1
4596,F,Ship,0.0,2,-0.2682926829268293,1.0,medium,F,-0.8333333333333334,0.42174116181280175,0
4597,D,Ship,0.5,4,0.6829268292682927,0.0,medium,M,0.3333333333333333,0.2625759227534652,1
4598,F,Ship,0.0,4,-0.2073170731707317,0.0,low,F,0.0,0.29590406478741627,0
4599,A,Ship,-1.0,1,0.5,0.0,medium,F,-1.0,0.5544307740227379,0
4600,B,Ship,0.5,3,0.10975609756097561,-1.0,medium,F,0.3333333333333333,0.49400404921351815,0
4601,C,Ship,-0.5,5,0.5121951219512195,0.0,low,M,0.0,0.06759071795670456,1
4602,F,Ship,0.0,2,0.18292682926829268,-1.0,low,M,0.3333333333333333,0.27316617349322536,0
4603,D,Ship,-0.5,3,0.23170731707317074,0.0,low,F,-0.3333333333333333,0.25759227534651924,1
4604,F,Ship,-0.5,4,-0.6097560975609756,2.5,medium,F,-0.5,0.4416757514405856,1
4605,A,Ship,-0.5,1,-0.524390243902439,-1.0,medium,F,-0.16666666666666666,0.48434823236256036,1
4606,B,Ship,0.5,2,-0.43902439024390244,2.0,low,F,-0.3333333333333333,0.3170845662669366,0
4607,C,Ship,-0.5,1,0.23170731707317074,-1.0,high,M,-1.0,0.2878056377511291,1
4608,F,Ship,-0.5,1,0.21951219512195122,-1.0,medium,F,-0.8333333333333334,0.2974614546020869,1
4609,D,Ship,0.0,2,0.2682926829268293,0.0,low,F,-1.0,-0.022737891294190935,0
4610,F,Ship,-0.5,2,-0.2073170731707317,0.0,medium,F,-0.6666666666666666,0.10652546332346986,0
4611,A,Ship,-0.5,3,-0.7560975609756098,0.0,low,M,-0.16666666666666666,0.49836474069459585,1
4612,B,Ship,-0.5,4,0.06097560975609756,-1.0,medium,M,0.0,0.22862482479364585,1
4613,C,Ship,0.0,2,-0.10975609756097561,-1.0,low,F,0.5,0.44572496495872915,0
4614,F,Ship,-0.5,2,-0.8780487804878049,-1.0,low,M,0.0,-0.0208690235165862,0
4615,D,Ship,1.0,4,-1.2439024390243902,1.0,medium,F,0.3333333333333333,-0.044852826662513626,1
4616,F,Ship,-1.0,2,0.4878048780487805,-1.0,low,F,0.16666666666666666,0.5226600218034574,0
4617,A,Ship,0.0,3,0.5121951219512195,0.0,high,F,-1.0,0.0541971655505373,0
4618,B,Ship,0.0,4,-0.5609756097560976,1.0,medium,F,-0.5,0.1641488864662825,0
4619,C,Ship,-0.5,4,-0.524390243902439,0.0,low,F,-0.3333333333333333,0.5366765301354929,0
4620,F,Ship,1.0,5,0.012195121951219513,1.0,medium,M,-0.3333333333333333,0.39246223329699426,1
4621,D,Ship,-0.5,3,-0.5487804878048781,0.0,low,F,0.3333333333333333,0.05232829777293257,1
4622,F,Ship,-0.5,3,-0.7926829268292683,1.0,medium,F,-0.6666666666666666,0.5591029434667497,1
4623,A,Ship,0.0,1,0.10975609756097561,0.0,low,F,0.3333333333333333,0.2127394486840056,0
4624,B,Ship,0.5,3,0.12195121951219512,-1.0,low,M,-0.16666666666666666,0.564709546799564,1
4625,C,Ship,-1.0,5,-0.34146341463414637,-1.0,medium,M,0.5,0.1111976327674817,0
4626,F,Ship,0.0,4,-0.36585365853658536,0.0,medium,F,-0.8333333333333334,0.3837408503348388,0
4627,D,Ship,-0.5,1,-0.7560975609756098,0.0,low,F,-0.6666666666666666,0.5263977573586669,1
4628,F,Ship,0.5,3,0.4268292682926829,-1.0,low,F,0.3333333333333333,0.13050926646939728,0
4629,A,Ship,-0.5,3,-0.5,2.0,medium,F,0.5,0.526709235321601,0
4630,B,Ship,0.5,5,-0.573170731707317,-1.0,medium,M,-0.8333333333333334,0.5478897368011213,0
4631,C,Ship,0.5,2,0.1951219512195122,-1.0,medium,M,0.3333333333333333,0.10403363961999688,0
4632,F,Road,0.5,3,0.2804878048780488,0.0,low,F,0.16666666666666666,0.30587135960130823,0
4633,D,Road,-0.5,4,-0.14634146341463414,2.0,high,M,-0.3333333333333333,0.1504438560971811,0
4634,F,Road,0.0,3,-0.975609756097561,1.0,low,M,-0.6666666666666666,0.3376421118205887,0
4635,A,Road,0.5,3,0.5975609756097561,0.0,medium,F,-0.8333333333333334,0.167886622021492,0
4636,B,Road,0.5,2,0.7073170731707317,-1.0,low,F,-1.0,0.3933966671857966,0
4637,C,Road,0.0,2,0.2073170731707317,2.5,low,M,0.16666666666666666,0.335773244042984,0
4638,F,Road,-0.5,4,-0.2926829268292683,1.0,medium,F,0.0,0.565021024762498,1
4639,D,Road,0.5,4,0.10975609756097561,-1.0,low,M,-0.3333333333333333,0.08565643980688366,1
4640,F,Road,0.5,1,0.524390243902439,0.0,medium,F,-0.3333333333333333,0.06416446036442922,0
4641,A,Road,0.0,4,-0.36585365853658536,0.0,medium,M,-0.8333333333333334,0.15262420183772,0
4642,B,Road,-0.5,5,-0.25609756097560976,0.0,medium,M,-1.0,0.5173648964335773,1
4643,C,Road,0.0,3,-0.12195121951219512,-1.0,low,F,0.0,0.17691948294658152,1
4644,F,Road,-0.5,2,0.2682926829268293,0.0,medium,M,0.16666666666666666,0.5089549914343561,0
4645,D,Road,0.5,3,0.0975609756097561,-1.0,medium,M,-0.6666666666666666,0.09686964647251207,1
4646,F,Road,0.0,1,-0.9024390243902439,2.0,medium,M,-0.16666666666666666,-0.046098738514250115,1
4647,A,Road,-0.5,1,-0.12195121951219512,0.0,high,F,0.3333333333333333,0.29403519700981157,0
4648,B,Road,-0.5,2,0.6951219512195121,-1.0,medium,M,-0.16666666666666666,0.3522815760784924,1
4649,C,Road,-0.5,1,-1.2926829268292683,2.5,medium,F,0.0,-0.0389347453667653,0
4650,F,Road,0.0,1,-0.0975609756097561,0.0,low,F,-0.5,0.18564086590873696,0
4651,D,Road,-0.5,2,-0.4146341463414634,-1.0,high,F,0.16666666666666666,0.0806727923999377,0
4652,F,Road,-0.5,2,-0.25609756097560976,0.0,low,F,0.0,0.3348388101541816,0
4653,A,Road,0.5,1,0.2926829268292683,1.0,medium,M,0.5,0.16165706276280953,0
4654,B,Flight,0.5,3,0.24390243902439024,0.0,low,F,-0.16666666666666666,0.1504438560971811,0
4655,C,Flight,-1.0,5,0.6951219512195121,-1.0,low,F,-0.3333333333333333,0.3161501323781343,1
4656,F,Flight,0.5,2,-1.3658536585365855,2.0,medium,F,-0.6666666666666666,0.19778850646316773,0
4657,D,Flight,-0.5,1,-0.35365853658536583,0.0,medium,M,0.0,0.4127083008877122,1
4658,F,Flight,0.0,1,0.7195121951219512,-1.0,high,F,0.5,0.5242174116181281,1
4659,A,Flight,1.0,3,0.23170731707317074,2.5,low,F,0.3333333333333333,0.2071328453511914,0
4660,B,Flight,0.5,3,-0.2804878048780488,-1.0,medium,M,0.0,0.5089549914343561,1
4661,C,Flight,0.0,4,0.3048780487804878,-1.0,medium,M,-0.5,0.048279084254788975,1
4662,F,Flight,-0.5,3,0.6829268292682927,0.0,low,M,0.0,0.0009344338888023672,0
4663,D,Flight,0.5,2,0.7926829268292683,1.0,low,F,0.16666666666666666,0.08378757202927893,1
4664,F,Flight,0.5,1,0.23170731707317074,1.0,high,M,-0.8333333333333334,0.14514873072730106,1
4665,A,Flight,-0.5,3,-0.43902439024390244,1.0,high,M,-0.6666666666666666,0.001557389814670612,1
4666,B,Flight,-0.5,4,-0.36585365853658536,1.0,medium,M,-0.8333333333333334,-0.030213362404609874,0
4667,C,Flight,-0.5,5,-0.14634146341463414,0.0,low,M,-0.8333333333333334,0.32985516274723564,0
4668,F,Flight,-0.5,3,-0.7926829268292683,-1.0,medium,M,-0.6666666666666666,0.11773866998909827,0
4669,D,Flight,0.5,2,-0.9878048780487805,-1.0,high,F,-0.8333333333333334,0.12677153091418783,0
4670,F,Flight,0.0,4,0.12195121951219512,2.0,low,F,0.3333333333333333,0.23454290608939418,1
4671,A,Flight,0.0,2,0.4634146341463415,-1.0,medium,F,-0.16666666666666666,0.39401962311166483,0
4672,B,Flight,0.0,3,-0.07317073170731707,-1.0,medium,M,-0.16666666666666666,0.03955770129263354,1
4673,C,Flight,0.5,3,0.5121951219512195,-1.0,low,M,-0.6666666666666666,0.09562373462077559,0
4674,F,Flight,-0.5,5,-0.0975609756097561,1.0,medium,M,0.5,0.05357420962466906,1
4675,D,Flight,-1.0,1,-0.45121951219512196,1.0,low,F,-0.3333333333333333,0.06509889425323158,0
4676,F,Ship,0.0,4,0.6707317073170732,1.0,medium,F,-0.6666666666666666,0.2750350412708301,1
4677,A,Ship,-0.5,5,0.024390243902439025,0.0,high,F,-0.8333333333333334,0.028967450552873385,0
4678,B,Ship,-0.5,2,0.08536585365853659,0.0,high,F,0.0,0.4136427347765146,0
4679,C,Ship,0.5,4,-0.04878048780487805,0.0,medium,F,-0.16666666666666666,0.29683849867621864,0
4680,F,Ship,0.0,5,-0.10975609756097561,0.0,medium,F,0.3333333333333333,0.08160722628874008,0
4681,D,Ship,-0.5,3,0.2804878048780488,0.0,low,F,0.0,-0.02709858277526865,0
4682,F,Ship,0.5,4,-0.9146341463414634,-1.0,medium,F,-0.8333333333333334,0.021180501479520324,1
4683,A,Ship,0.0,4,-0.6219512195121951,0.0,low,M,-0.6666666666666666,0.011213206665628406,1
4684,B,Ship,0.0,4,-0.524390243902439,-1.0,low,M,-0.5,0.25323158386544153,0
4685,C,Ship,0.0,3,0.573170731707317,0.0,low,F,0.3333333333333333,0.5746768416134559,1
4686,F,Ship,0.0,3,-0.23170731707317074,-1.0,low,M,0.16666666666666666,0.13300109017287026,0
4687,D,Ship,0.0,2,-0.2926829268292683,2.5,high,M,-0.3333333333333333,-0.003114779629341224,1
4688,F,Ship,0.5,5,0.2682926829268293,0.0,high,M,-0.5,0.4905777916212428,1
4689,A,Ship,-0.5,4,0.4878048780487805,0.0,medium,M,-0.16666666666666666,0.4880859679177698,0
4690,B,Ship,-0.5,3,-0.6951219512195121,0.0,medium,M,0.5,0.22675595701604112,0
4691,C,Ship,-0.5,1,0.3780487804878049,0.0,medium,F,-1.0,0.36629808441052797,0
4692,F,Ship,0.0,1,-0.8536585365853658,1.0,medium,M,0.16666666666666666,0.04796760629185485,0
4693,D,Ship,0.5,3,0.036585365853658534,1.0,low,M,-0.6666666666666666,0.48870892384363807,1
4694,F,Ship,-0.5,3,0.4268292682926829,-1.0,low,F,-0.8333333333333334,0.28936302756579974,0
4695,A,Ship,-0.5,2,-0.4634146341463415,-1.0,low,F,-0.8333333333333334,0.2909204173804703,0
4696,B,Ship,-0.5,1,0.1951219512195122,-1.0,low,F,-1.0,0.2557234075689145,1
4697,C,Ship,-0.5,5,-0.12195121951219512,-1.0,medium,F,-0.3333333333333333,0.11057467684161346,1
4698,F,Ship,0.0,4,0.6341463414634146,-1.0,low,F,-0.3333333333333333,0.45226600218034574,0
4699,D,Ship,0.0,3,-0.012195121951219513,0.0,low,F,-0.8333333333333334,0.48995483569537457,0
4700,F,Ship,-0.5,4,-0.8170731707317073,0.0,low,F,0.16666666666666666,0.42859367699735246,0
4701,A,Ship,-0.5,1,-0.15853658536585366,0.0,low,F,-0.6666666666666666,0.12677153091418783,1
4702,B,Ship,-1.0,4,0.4146341463414634,0.0,low,F,-0.3333333333333333,0.40242952811088617,0
4703,C,Ship,0.0,3,-0.573170731707317,0.0,medium,M,-0.3333333333333333,0.511446815137829,0
4704,F,Ship,-0.5,4,0.21951219512195122,-1.0,low,M,0.5,0.47624980532627315,0
4705,D,Ship,0.5,3,-0.6219512195121951,0.0,medium,M,0.3333333333333333,0.08409904999221306,1
4706,F,Ship,0.0,4,-0.15853658536585366,2.0,medium,M,-0.6666666666666666,0.5457093910605825,1
4707,A,Ship,0.0,5,0.4634146341463415,-1.0,low,F,0.3333333333333333,0.0024918237034729793,0
4708,B,Ship,-0.5,1,-0.8292682926829268,1.0,low,F,0.5,0.13518143591340911,0
4709,C,Ship,0.5,1,-0.6585365853658537,0.0,medium,M,-0.6666666666666666,0.5263977573586669,0
4710,F,Ship,0.5,2,-0.573170731707317,1.0,low,M,0.5,0.054820121476405546,0
4711,D,Ship,0.0,2,0.12195121951219512,-1.0,medium,F,0.16666666666666666,0.19685407257436535,1
4712,F,Ship,0.0,2,0.3048780487804878,0.0,medium,F,-0.3333333333333333,0.5696931942065099,0
4713,A,Ship,0.0,1,-0.7682926829268293,2.5,low,M,0.0,0.07413175517832113,0
4714,B,Ship,0.0,5,0.6097560975609756,0.0,low,F,0.5,0.5678243264289051,0
4715,C,Ship,0.0,2,0.34146341463414637,0.0,medium,M,0.16666666666666666,0.1541815916523906,1
4716,F,Ship,-0.5,3,-0.12195121951219512,1.0,high,M,0.3333333333333333,0.17536209313191092,0
4717,D,Ship,-0.5,5,0.5609756097560976,-1.0,medium,M,-1.0,0.5672013705030369,0
4718,F,Ship,-0.5,2,0.7926829268292683,0.0,medium,F,-0.16666666666666666,0.1280174427659243,0
4719,A,Ship,-0.5,4,0.13414634146341464,1.0,low,F,0.16666666666666666,0.33016664071016977,0
4720,B,Ship,-0.5,5,-0.2926829268292683,0.0,low,M,0.3333333333333333,0.09936147017598505,0
4721,C,Ship,0.0,2,-0.7560975609756098,-1.0,low,M,0.0,0.27316617349322536,0
4722,F,Ship,-0.5,2,-0.15853658536585366,2.5,medium,M,0.0,0.17878835072418625,1
4723,D,Ship,-0.5,2,-0.2804878048780488,-1.0,medium,M,0.0,0.3762653792244199,0
4724,F,Ship,0.0,3,-0.9024390243902439,0.0,low,M,-1.0,0.09468930073197321,0
4725,A,Ship,0.5,3,-0.18292682926829268,1.0,medium,F,0.16666666666666666,0.3778227690390905,0
4726,B,Ship,0.0,1,-0.24390243902439024,0.0,medium,F,-0.16666666666666666,0.35290453200436067,0
4727,C,Ship,0.0,2,0.7195121951219512,-1.0,low,F,-0.3333333333333333,0.4544463479208846,1
4728,F,Ship,0.0,5,0.5487804878048781,-1.0,medium,F,-0.5,-0.01775424388724498,1
4729,D,Ship,0.0,3,-0.4146341463414634,0.0,medium,M,-0.3333333333333333,-0.034574053885687586,1
4730,F,Ship,0.5,3,0.45121951219512196,-1.0,low,M,0.3333333333333333,0.09624669054664382,0
4731,A,Ship,0.5,1,0.6707317073170732,0.0,low,F,-0.3333333333333333,0.274723563307896,0
4732,B,Ship,1.0,3,0.7317073170731707,2.5,medium,F,-0.8333333333333334,0.04111509110730416,0
4733,C,Ship,0.5,5,0.43902439024390244,-1.0,medium,M,0.5,0.41301977885064634,1
4734,F,Ship,-0.5,5,0.6219512195121951,0.0,medium,F,0.16666666666666666,0.5703161501323781,0
4735,D,Ship,0.0,3,-0.5487804878048781,2.5,medium,F,-0.16666666666666666,0.29808441052795515,1
4736,F,Ship,-0.5,4,-0.036585365853658534,0.0,high,M,0.16666666666666666,0.32456003737735556,1
4737,A,Ship,0.0,4,0.3780487804878049,-1.0,low,M,-0.16666666666666666,0.5055287338420806,0
4738,B,Ship,0.0,1,-0.3170731707317073,-1.0,low,M,-0.16666666666666666,0.5435290453200436,1
4739,C,Ship,-0.5,5,0.36585365853658536,-1.0,medium,F,0.5,-0.026475626849400406,1
4740,F,Ship,-0.5,5,0.23170731707317074,0.0,medium,F,0.0,0.5102009032860925,0
4741,D,Ship,-0.5,1,-0.8536585365853658,0.0,medium,F,-0.16666666666666666,0.004360691481077714,0
4742,F,Ship,-0.5,5,0.08536585365853659,-1.0,low,F,-0.16666666666666666,0.35508487774489955,0
4743,A,Ship,-0.5,5,0.6463414634146342,-1.0,high,M,-0.8333333333333334,0.2843793801588538,1
4744,B,Ship,-0.5,1,-0.036585365853658534,0.0,high,F,0.0,0.320510823859212,0
4745,C,Ship,0.0,1,-0.10975609756097561,0.0,low,F,0.5,0.24108394331101074,0
4746,F,Ship,-0.5,2,-0.8536585365853658,0.0,high,M,-1.0,0.36069148107771376,0
4747,D,Ship,-0.5,3,-0.23170731707317074,2.5,medium,F,-0.5,0.14483725276436693,0
4748,F,Ship,0.5,5,0.21951219512195122,2.5,medium,M,-0.16666666666666666,0.3083631833047812,0
4749,A,Ship,0.5,3,-0.18292682926829268,2.5,medium,F,-1.0,0.534496184394954,0
4750,B,Ship,0.5,5,0.21951219512195122,0.0,low,F,-0.3333333333333333,0.37034729792867155,0
4751,C,Ship,0.5,4,0.7073170731707317,-1.0,low,F,-1.0,0.5712505840211805,1
4752,F,Ship,-1.0,4,-0.573170731707317,-1.0,medium,M,-1.0,0.06073820277215387,0
4753,D,Ship,-0.5,4,0.7073170731707317,2.5,high,F,0.5,-0.02460675907179567,0
4754,F,Ship,1.0,2,0.4024390243902439,1.0,low,M,0.5,-0.8076623578881794,0
4755,A,Ship,0.5,5,0.7439024390243902,1.0,medium,M,0.3333333333333333,-0.9138763432487151,1
4756,B,Ship,1.0,4,0.9390243902439024,1.0,low,F,0.16666666666666666,-0.9400404921351815,0
4757,C,Ship,1.0,5,0.6219512195121951,1.0,low,M,0.0,-0.855007008254166,1
4758,F,Ship,1.5,3,0.43902439024390244,2.0,medium,F,-0.5,-0.9300731973212896,1
4759,D,Ship,1.5,2,0.9390243902439024,1.0,low,F,0.16666666666666666,-0.8951876654726678,0
4760,F,Ship,1.0,5,0.5,1.0,low,F,0.3333333333333333,-0.9194829465815294,0
4761,A,Ship,1.0,5,0.926829268292683,1.0,medium,M,-0.8333333333333334,-0.7107927114156674,1
4762,B,Ship,0.5,5,0.7560975609756098,1.0,low,M,-0.8333333333333334,-0.8528266625136272,1
4763,C,Ship,0.0,1,-0.7926829268292683,0.0,medium,F,0.16666666666666666,-0.9384831023205108,0
4764,F,Ship,-0.5,3,-0.15853658536585366,2.5,medium,M,-0.8333333333333334,0.2600840990499922,0
4765,D,Ship,-0.5,4,-0.2804878048780488,-1.0,medium,M,0.16666666666666666,0.4728235477339978,1
4766,F,Ship,0.0,4,-0.9024390243902439,0.0,low,F,-0.5,0.5528733842080673,1
4767,A,Ship,0.5,4,-0.18292682926829268,1.0,medium,M,-0.8333333333333334,0.23454290608939418,1
4768,B,Ship,0.0,1,-0.24390243902439024,0.0,medium,F,0.3333333333333333,0.5154960286559725,0
4769,C,Road,0.0,5,0.7195121951219512,-1.0,low,F,0.3333333333333333,0.4905777916212428,0
4770,F,Road,0.0,4,0.5487804878048781,-1.0,medium,F,0.16666666666666666,0.16290297461454603,0
4771,D,Road,0.0,5,-0.4146341463414634,0.0,medium,F,-1.0,0.29247780719514094,0
4772,F,Road,0.5,4,0.45121951219512196,-1.0,low,F,-0.6666666666666666,0.3731505995950786,1
4773,A,Road,0.5,3,0.6707317073170732,0.0,low,F,0.16666666666666666,0.20619841146238904,0
4774,B,Road,1.0,3,0.7317073170731707,2.5,medium,F,-1.0,0.1504438560971811,0
4775,C,Road,0.5,2,0.43902439024390244,-1.0,medium,F,-0.16666666666666666,0.4410527955147173,0
4776,F,Road,-0.5,3,0.6219512195121951,0.0,medium,F,-0.6666666666666666,0.3401339355240617,0
4777,D,Road,0.0,5,-0.5487804878048781,2.5,medium,F,-0.16666666666666666,0.07350879925245289,0
4778,F,Road,-0.5,3,-0.036585365853658534,0.0,high,F,-0.5,0.06385298240149509,1
4779,A,Road,0.0,1,0.3780487804878049,-1.0,low,M,-0.3333333333333333,0.36598660644759384,1
4780,B,Road,0.0,5,-0.3170731707317073,-1.0,low,F,-0.5,0.08845974147329076,0
4781,C,Road,-0.5,5,0.36585365853658536,-1.0,medium,M,0.16666666666666666,0.4877744899548357,1
4782,F,Road,-0.5,4,0.23170731707317074,0.0,medium,F,0.5,0.14857498831957638,0
4783,D,Road,-0.5,4,-0.8536585365853658,0.0,medium,M,0.16666666666666666,0.5351191403208223,1
4784,F,Road,-0.5,1,0.08536585365853659,-1.0,low,F,0.0,0.36474069459585734,0
4785,A,Road,-0.5,5,0.6463414634146342,-1.0,high,M,-1.0,0.014327986294969631,1
4786,B,Road,-0.5,4,-0.036585365853658534,0.0,high,M,-1.0,0.3099205731194518,0
4787,C,Road,0.0,4,-0.10975609756097561,0.0,low,M,-0.16666666666666666,0.03270518610808285,0
4788,F,Road,-0.5,2,-0.8536585365853658,0.0,high,F,0.3333333333333333,0.08690235165862015,1
4789,D,Road,-0.5,4,-0.23170731707317074,2.5,medium,F,0.3333333333333333,0.5232829777293256,0
4790,F,Road,0.5,3,0.21951219512195122,2.5,medium,M,-0.16666666666666666,0.35383896589316305,1
4791,A,Flight,0.5,1,-0.18292682926829268,2.5,medium,F,0.16666666666666666,-0.0028033016664071016,0
4792,B,Flight,0.5,5,0.21951219512195122,0.0,low,F,-0.6666666666666666,0.48870892384363807,1
4793,C,Flight,0.5,3,0.7073170731707317,-1.0,low,F,-0.5,0.2999532783055599,0
4794,F,Flight,-1.0,2,-0.573170731707317,-1.0,medium,F,-0.6666666666666666,0.5435290453200436,1
4795,D,Flight,-0.5,3,0.7073170731707317,2.5,high,M,0.0,0.34511758293100764,1
4796,F,Flight,1.0,4,0.4024390243902439,1.0,low,F,-0.8333333333333334,-0.8793022893630276,0
4797,A,Flight,0.5,2,0.7439024390243902,1.0,medium,F,0.5,-0.9369257125058402,1
4798,B,Flight,1.0,5,0.9390243902439024,1.0,low,M,0.3333333333333333,-0.8522037065877589,0
4799,C,Flight,1.0,1,0.6219512195121951,1.0,low,F,0.0,-0.7802522971499767,1
4800,F,Flight,1.5,2,0.43902439024390244,2.0,medium,M,0.3333333333333333,-0.8789908114000935,0
4801,D,Flight,1.5,1,0.9390243902439024,1.0,low,M,-0.8333333333333334,-0.9135648652857811,1
4802,F,Flight,1.0,1,0.5,1.0,low,F,-0.8333333333333334,-0.8609250895499143,0
4803,A,Flight,1.0,2,0.926829268292683,1.0,medium,F,0.3333333333333333,-0.875253075844884,0
4804,B,Flight,1.0,3,0.4024390243902439,1.0,medium,F,-0.5,-0.8325805949229093,1
4805,C,Flight,1.0,2,-0.7560975609756098,-1.0,low,F,0.3333333333333333,-0.671546488085968,0
4806,F,Flight,1.5,5,0.7804878048780488,1.0,low,F,-0.3333333333333333,-0.8026787104812334,1
4807,D,Flight,1.0,1,0.5609756097560976,1.0,medium,F,-0.8333333333333334,-0.9400404921351815,0
4808,F,Flight,1.0,3,0.4878048780487805,1.0,low,M,-0.16666666666666666,-0.8764989876966205,0
4809,A,Flight,-1.0,4,-0.7682926829268293,1.0,low,F,-0.16666666666666666,-0.7307273010434512,0
4810,B,Flight,-1.0,5,-0.1951219512195122,-1.0,medium,M,-0.5,-0.6964647251206977,1
4811,C,Flight,1.0,4,0.35365853658536583,1.0,low,M,0.3333333333333333,-0.8708923843638062,1
4812,F,Flight,1.0,5,0.3780487804878049,1.0,low,F,0.16666666666666666,-0.8553184862171002,0
4813,D,Ship,1.0,4,1.048780487804878,1.0,low,F,0.16666666666666666,-0.8870892384363807,1
4814,F,Ship,1.0,1,1.0853658536585367,1.0,medium,F,0.5,-0.9799096713907491,0
4815,A,Ship,1.5,3,0.8780487804878049,1.0,low,F,-0.6666666666666666,-0.7721538701136894,0
4816,B,Ship,1.5,2,0.4146341463414634,1.0,medium,F,-1.0,-0.9300731973212896,1
4817,C,Ship,1.0,5,0.36585365853658536,1.0,low,M,0.3333333333333333,-0.7350879925245289,1
4818,F,Ship,1.5,1,0.926829268292683,1.0,low,F,0.3333333333333333,-0.7051861080828531,0
4819,D,Ship,0.0,3,0.5609756097560976,2.0,low,M,0.5,-0.7216944401183616,1
4820,F,Ship,1.0,5,1.170731707317073,1.0,medium,M,-1.0,-0.9481389191714686,1
4821,A,Ship,1.0,3,0.4024390243902439,1.0,low,M,-0.6666666666666666,-0.7889736801121321,1
4822,B,Ship,1.0,5,0.8170731707317073,1.0,low,M,0.16666666666666666,-0.905777916212428,1
4823,C,Ship,1.0,3,0.5609756097560976,1.0,medium,M,0.3333333333333333,-0.7316617349322535,0
4824,F,Ship,1.0,1,0.5975609756097561,1.0,low,F,-0.16666666666666666,-0.9331879769506307,0
4825,D,Ship,0.5,1,0.8658536585365854,1.0,medium,F,0.5,-0.8475315371437471,0
4826,F,Ship,-0.5,4,0.6707317073170732,0.0,medium,M,0.3333333333333333,0.30649431552717643,1
4827,A,Ship,-1.0,5,-0.10975609756097561,2.5,low,M,-0.8333333333333334,0.4740694595857343,0
4828,B,Ship,-0.5,2,-1.2804878048780488,0.0,low,M,-0.5,0.4974303068057935,0
4829,C,Ship,0.5,4,0.024390243902439025,-1.0,low,F,-0.16666666666666666,0.12023049369257124,0
4830,F,Ship,-0.5,2,-0.36585365853658536,0.0,medium,F,0.16666666666666666,0.26319887867933345,0
4831,D,Ship,0.0,4,-1.3170731707317074,-1.0,low,M,-0.16666666666666666,0.5715620619841146,0
4832,F,Ship,-0.5,1,0.17073170731707318,-1.0,low,F,-0.3333333333333333,0.09562373462077559,1
4833,A,Ship,0.0,5,-0.9024390243902439,0.0,medium,F,0.16666666666666666,0.2513627160878368,0
4834,B,Ship,0.0,3,0.45121951219512196,0.0,medium,M,-0.3333333333333333,0.01775424388724498,0
4835,C,Ship,-0.5,3,-0.7439024390243902,0.0,medium,M,-0.3333333333333333,0.1336240460987385,1
4836,F,Ship,0.0,4,-0.4634146341463415,-1.0,medium,F,-1.0,0.5120697710636972,0
4837,D,Ship,0.0,3,-0.0975609756097561,-1.0,medium,F,-0.5,0.32549447126615794,1
4838,F,Ship,-0.5,3,-0.3048780487804878,-1.0,low,F,0.3333333333333333,0.1685095779473602,0
4839,A,Ship,-1.0,2,0.45121951219512196,2.5,medium,F,-1.0,0.004983647406945959,1
4840,B,Ship,0.0,3,-0.7195121951219512,0.0,low,F,-1.0,0.06572185017909983,1
4841,C,Ship,1.0,4,0.5609756097560976,2.0,medium,M,-0.8333333333333334,0.16757514405855786,1
4842,F,Ship,0.5,1,-0.7073170731707317,2.5,medium,F,-0.5,0.20931319109173027,0
4843,D,Ship,0.0,2,0.13414634146341464,-1.0,medium,M,0.0,0.3401339355240617,1
4844,F,Ship,1.0,5,0.8536585365853658,1.0,medium,M,0.16666666666666666,0.3728391216321445,1
4845,A,Ship,0.5,3,0.5975609756097561,-1.0,low,M,-0.6666666666666666,0.10123033795358978,1
4846,B,Ship,-0.5,3,0.2926829268292683,-1.0,medium,M,-0.8333333333333334,0.4245444634792088,0
4847,C,Ship,0.5,4,0.6463414634146342,-1.0,low,M,0.0,0.35601931163370193,0
4848,F,Ship,-0.5,3,-1.3780487804878048,-1.0,medium,M,0.3333333333333333,0.22146083164616104,0
4849,D,Ship,-0.5,1,-0.47560975609756095,0.0,medium,M,-1.0,0.2251985672013705,0
4850,F,Ship,0.0,5,0.573170731707317,-1.0,low,M,-0.6666666666666666,-0.009344338888023673,0
4851,A,Ship,0.5,3,-0.7804878048780488,0.0,low,M,0.5,0.20246067590717956,1
4852,B,Ship,-0.5,5,-0.0975609756097561,1.0,medium,F,-0.8333333333333334,0.5232829777293256,1
4853,C,Ship,0.0,4,0.4878048780487805,1.0,low,F,0.5,0.211182058869335,0
4854,F,Ship,0.0,2,-0.6707317073170732,0.0,low,M,-0.3333333333333333,0.2603955770129263,1
4855,D,Ship,-1.0,5,0.8536585365853658,0.0,medium,M,-0.16666666666666666,0.13268961220993614,0
4856,F,Ship,-0.5,1,-0.5365853658536586,-1.0,low,M,0.3333333333333333,-0.011524684628562529,0
4857,A,Ship,0.0,5,0.3780487804878049,0.0,low,F,0.0,0.046098738514250115,0
4858,B,Ship,0.0,5,-0.7560975609756098,0.0,medium,M,-0.3333333333333333,0.32456003737735556,0
4859,C,Ship,0.5,4,-0.25609756097560976,1.0,high,F,-0.5,0.5008565643980688,1
4860,F,Ship,0.5,3,0.2073170731707317,-1.0,low,M,0.16666666666666666,0.4964958729169911,1
4861,D,Ship,0.0,1,-0.024390243902439025,0.0,low,M,-0.6666666666666666,0.23267403831178943,0
4862,F,Ship,-0.5,4,-0.35365853658536583,-1.0,medium,M,0.16666666666666666,0.4049213518143591,1
4863,A,Ship,0.0,3,0.10975609756097561,0.0,low,F,0.5,0.43949540570004675,1
4864,B,Ship,0.0,1,0.32926829268292684,1.0,medium,M,0.3333333333333333,0.37719981311322226,0
4865,C,Ship,0.5,4,0.012195121951219513,0.0,low,F,-0.3333333333333333,0.43700358199657374,1
4866,F,Ship,0.0,5,0.573170731707317,-1.0,medium,M,-0.16666666666666666,0.5516274723563308,0
4867,D,Ship,0.0,3,-0.6829268292682927,2.0,medium,F,0.0,0.06073820277215387,1
4868,F,Ship,-0.5,3,-0.5853658536585366,-1.0,medium,F,0.16666666666666666,0.5363650521725588,0
4869,A,Ship,0.0,3,0.8048780487804879,2.5,high,M,0.16666666666666666,0.11711571406323003,0
4870,B,Ship,-0.5,2,0.6097560975609756,0.0,low,F,0.16666666666666666,0.5239059336551939,0
4871,C,Ship,-0.5,3,-0.12195121951219512,-1.0,medium,M,-0.16666666666666666,0.45569225977262107,0
4872,F,Ship,0.0,4,0.573170731707317,-1.0,medium,F,0.3333333333333333,0.36038000311477963,1
4873,D,Ship,1.0,4,-0.926829268292683,0.0,medium,F,-0.5,0.023672325182993302,0
4874,F,Ship,0.0,4,0.13414634146341464,-1.0,medium,M,0.5,0.21180501479520325,1
4875,A,Ship,0.0,4,0.2926829268292683,2.0,low,M,-1.0,0.18813268961220994,0
4876,B,Ship,0.0,5,0.24390243902439024,0.0,medium,F,-0.6666666666666666,0.30929761719358356,1
4877,C,Ship,0.0,2,0.2804878048780488,0.0,low,F,0.0,0.19809998442610185,0
4878,F,Ship,-0.5,3,-0.5975609756097561,0.0,medium,F,-0.5,0.5528733842080673,1
4879,D,Ship,-1.0,1,-0.8048780487804879,-1.0,low,M,0.5,0.5575455536520791,1
4880,F,Ship,0.5,1,-0.8048780487804879,1.0,high,M,-0.8333333333333334,0.5207911540258526,1
4881,A,Ship,-0.5,3,0.04878048780487805,0.0,low,F,-0.5,0.2918548512692727,1
4882,B,Ship,0.0,5,0.04878048780487805,2.5,low,M,-0.3333333333333333,0.06696776203083632,1
4883,C,Ship,0.0,3,-0.4024390243902439,1.0,low,F,0.16666666666666666,0.29808441052795515,0
4884,F,Ship,-1.0,1,-0.926829268292683,-1.0,low,M,0.16666666666666666,0.24388724497741784,1
4885,D,Ship,-0.5,4,-0.0975609756097561,0.0,high,M,-0.3333333333333333,-0.03955770129263354,0
4886,F,Ship,0.5,1,-0.5121951219512195,-1.0,high,F,0.0,0.31646161034106834,0
4887,A,Ship,0.0,2,-0.6585365853658537,-1.0,high,F,-0.3333333333333333,0.06042672480921975,0
4888,B,Ship,0.5,2,0.13414634146341464,1.0,low,M,-1.0,0.05575455536520791,1
4889,C,Ship,1.0,5,-0.0975609756097561,2.5,low,M,-0.8333333333333334,-0.04204952499610653,1
4890,F,Ship,0.5,5,0.21951219512195122,0.0,low,F,-0.8333333333333334,0.12334527332191247,1
4891,D,Ship,-0.5,4,0.21951219512195122,0.0,low,F,-0.16666666666666666,-0.03083631833047812,0
4892,F,Ship,-0.5,4,-0.2073170731707317,-1.0,low,F,-0.6666666666666666,0.22301822146083164,0
4893,A,Ship,0.5,1,0.3902439024390244,0.0,low,F,-0.6666666666666666,0.2691169599750818,0
4894,B,Ship,-0.5,4,0.32926829268292684,0.0,medium,M,-0.6666666666666666,-0.03177075221928049,0
4895,C,Ship,1.0,5,-0.036585365853658534,1.0,medium,F,-0.5,-0.03644292166329232,0
4896,F,Ship,-0.5,3,-0.6341463414634146,-1.0,low,F,0.3333333333333333,0.2348543840523283,0
4897,D,Ship,-0.5,1,0.6097560975609756,1.0,low,M,0.5,0.0361314437003582,0
4898,F,Ship,0.5,3,-0.036585365853658534,0.0,low,F,-0.3333333333333333,0.2921663292322068,0
4899,A,Ship,0.0,5,-0.6707317073170732,2.0,low,F,0.0,-0.02678710481233453,0
4900,B,Ship,0.5,5,-0.5853658536585366,-1.0,high,F,-0.8333333333333334,0.12864039869179256,1
4901,C,Ship,0.0,4,-0.6219512195121951,2.5,medium,M,-1.0,0.13549291387634324,0
4902,F,Ship,0.0,3,-0.6097560975609756,-1.0,low,M,-0.6666666666666666,0.49400404921351815,0
4903,D,Ship,0.5,1,0.5,0.0,high,M,-0.16666666666666666,-0.03270518610808285,1
4904,F,Ship,0.0,3,-0.7439024390243902,0.0,medium,F,-0.16666666666666666,0.49805326273166173,0
4905,A,Ship,-0.5,1,-0.5975609756097561,-1.0,low,M,-0.16666666666666666,0.09219747702850023,0
4906,B,Road,-0.5,2,-0.6341463414634146,0.0,medium,M,-0.16666666666666666,0.11088615480454758,1
4907,C,Road,-0.5,1,0.10975609756097561,0.0,low,M,0.16666666666666666,0.3641177386699891,0
4908,F,Road,-0.5,4,-0.17073170731707318,-1.0,medium,F,-0.16666666666666666,0.1875097336863417,1
4909,D,Road,-0.5,5,-0.24390243902439024,0.0,medium,F,-0.6666666666666666,0.08908269739915901,1
4910,F,Road,-0.5,1,0.524390243902439,-1.0,low,M,-0.16666666666666666,0.23298551627472355,1
4911,A,Road,-1.0,1,-0.3170731707317073,-1.0,low,M,-0.3333333333333333,0.34293723719046876,0
4912,B,Road,-0.5,4,0.08536585365853659,0.0,medium,F,-1.0,0.38685562996418005,0
4913,C,Road,0.0,4,-0.25609756097560976,-1.0,low,F,-0.16666666666666666,0.2199034418314904,1
4914,F,Road,-0.5,1,-0.5853658536585366,-1.0,low,M,-0.8333333333333334,0.48621710014016506,1
4915,D,Road,0.0,4,-0.024390243902439025,-1.0,medium,M,0.16666666666666666,0.028033016664071018,0
4916,F,Road,-0.5,2,0.4634146341463415,0.0,medium,M,0.0,0.11150911073041582,0
4917,A,Road,-0.5,1,-0.7195121951219512,-1.0,low,M,0.0,0.022426413331256813,1
4918,B,Road,0.0,5,0.36585365853658536,1.0,medium,F,-0.8333333333333334,0.37875720292789283,1
4919,C,Road,-0.5,3,-0.6341463414634146,-1.0,medium,M,0.0,0.4890204018065722,1
4920,F,Road,-1.0,1,0.17073170731707318,-1.0,medium,M,0.5,0.2195919638685563,1
4921,D,Road,0.0,3,-0.07317073170731707,0.0,medium,F,-0.6666666666666666,0.21429683849867623,1
4922,F,Road,0.5,3,-0.7073170731707317,0.0,medium,M,0.0,0.044852826662513626,0
4923,A,Road,-0.5,1,-0.06097560975609756,-1.0,high,F,-1.0,0.5077090795826196,1
4924,B,Road,0.0,5,-0.13414634146341464,-1.0,medium,F,0.16666666666666666,0.09375486684317084,1
4925,C,Road,0.0,4,-0.21951219512195122,2.0,high,F,0.0,0.1473290764678399,0
4926,F,Road,0.0,4,0.5121951219512195,0.0,low,M,0.16666666666666666,0.07755801277059649,0
4927,D,Road,0.0,5,-0.6707317073170732,1.0,medium,F,-0.5,0.20775580127705964,0
4928,F,Flight,0.5,5,-0.9390243902439024,1.0,low,M,-0.5,0.5416601775424389,0
4929,A,Flight,-1.0,5,0.6951219512195121,0.0,low,M,-0.5,0.5064631677308831,0
4930,B,Flight,0.5,1,0.6097560975609756,-1.0,medium,F,-0.6666666666666666,-0.028967450552873385,1
4931,C,Flight,-1.0,2,0.6097560975609756,0.0,medium,M,-1.0,0.11493536832269118,0
4932,F,Flight,0.0,3,-0.10975609756097561,-1.0,medium,M,0.5,0.00903286092508955,1
4933,D,Flight,0.5,1,0.6341463414634146,0.0,low,M,0.5,0.5323158386544152,0
4934,F,Flight,0.5,4,-0.17073170731707318,0.0,medium,F,0.16666666666666666,0.3292322068213674,1
4935,A,Flight,0.0,4,-0.7317073170731707,2.5,medium,F,0.5,0.06603332814203396,1
4936,B,Flight,-0.5,2,-0.43902439024390244,0.0,low,M,-0.5,0.3021336240460987,1
4937,C,Flight,0.5,2,-0.1951219512195122,0.0,low,F,0.0,0.5042828219903441,1
4938,F,Flight,-0.5,4,0.04878048780487805,-1.0,medium,M,-0.8333333333333334,0.5681358043918393,0
4939,D,Flight,0.0,4,-0.35365853658536583,0.0,high,F,-0.16666666666666666,0.027721538701136895,1
4940,F,Flight,-0.5,4,0.25609756097560976,0.0,low,M,-0.5,0.4201837719981311,0
4941,A,Flight,-0.5,5,0.45121951219512196,0.0,high,F,-0.5,0.002180345740538857,1
4942,B,Flight,0.5,2,0.7439024390243902,2.0,low,F,0.3333333333333333,0.3173960442298707,1
4943,C,Flight,0.5,2,-0.7073170731707317,2.0,low,M,0.3333333333333333,0.3388880236723252,0
4944,F,Flight,-0.5,5,-0.9634146341463414,0.0,low,M,-0.6666666666666666,0.24575611275502257,0
4945,D,Flight,0.0,1,-0.8658536585365854,0.0,medium,M,-0.5,0.0417380470331724,0
4946,F,Flight,0.5,1,0.3170731707317073,0.0,high,M,0.5,0.3513471421896901,0
4947,A,Flight,0.5,2,-1.0121951219512195,2.0,low,F,-0.5,0.1404765612832892,1
4948,B,Flight,0.0,5,-0.8780487804878049,0.0,medium,M,-0.8333333333333334,0.4806104968073509,0
4949,C,Flight,0.5,4,0.7439024390243902,1.0,low,F,0.0,0.13954212739448685,0
4950,F,Ship,0.5,5,-0.9390243902439024,0.0,low,M,-0.3333333333333333,0.549758604578726,1
4951,D,Ship,-0.5,3,-0.5975609756097561,1.0,medium,M,-0.6666666666666666,0.02678710481233453,0
4952,F,Ship,0.5,4,0.43902439024390244,-1.0,low,F,0.5,0.03986917925556767,0
4953,A,Ship,0.0,2,0.34146341463414637,0.0,medium,M,0.5,0.17816539479831803,0
4954,B,Ship,-0.5,3,-0.4024390243902439,0.0,medium,F,-0.6666666666666666,0.4581840834760941,1
4955,C,Ship,0.0,4,-0.036585365853658534,0.0,medium,M,-0.3333333333333333,0.20650988942532317,0
4956,F,Ship,-1.0,2,-0.45121951219512196,1.0,low,M,0.16666666666666666,0.5385453979130976,1
4957,D,Ship,-0.5,3,-0.9634146341463414,0.0,medium,M,-0.8333333333333334,0.5329387945802835,0
4958,F,Ship,1.0,4,-0.7682926829268293,0.0,low,F,0.5,0.39401962311166483,1
4959,A,Ship,0.5,4,0.43902439024390244,2.5,low,F,-1.0,0.06042672480921975,0
4960,B,Ship,0.5,5,-0.2804878048780488,1.0,medium,F,0.5,0.24419872294035197,1
4961,C,Ship,-1.0,4,-0.6829268292682927,2.0,medium,F,-0.8333333333333334,0.04796760629185485,1
4962,F,Ship,-0.5,3,0.18292682926829268,-1.0,medium,F,-1.0,0.4737579816228002,0
4963,D,Ship,0.0,5,-0.5487804878048781,1.0,low,M,-0.16666666666666666,0.0059180812957483255,1
4964,F,Ship,0.5,1,-0.6097560975609756,0.0,low,M,0.0,0.12178788350724186,1
4965,A,Ship,0.0,1,-0.45121951219512196,-1.0,medium,M,-0.16666666666666666,0.44136427347765145,0
4966,B,Ship,0.0,4,-0.25609756097560976,0.0,medium,M,0.16666666666666666,0.17629652702071327,1
4967,C,Ship,0.0,1,-0.1951219512195122,0.0,medium,F,-1.0,-0.018377199813113223,0
4968,F,Ship,-0.5,1,0.6585365853658537,0.0,low,M,-0.8333333333333334,0.1859523438716711,1
4969,D,Ship,-0.5,3,0.6707317073170732,0.0,high,M,0.16666666666666666,0.5485126927269895,0
4970,F,Ship,0.0,3,0.7439024390243902,0.0,low,F,-0.6666666666666666,0.21024762498053262,0
4971,A,Ship,0.5,5,0.23170731707317074,0.0,high,M,-0.3333333333333333,0.36785547422519854,0
4972,B,Ship,-1.0,5,0.5487804878048781,0.0,low,M,-0.6666666666666666,0.19342781498209002,1
4973,C,Ship,-0.5,5,0.3048780487804878,2.5,low,F,0.16666666666666666,0.511446815137829,1
4974,F,Ship,-0.5,2,-0.975609756097561,0.0,medium,F,-0.6666666666666666,0.33733063385765455,0
4975,D,Ship,0.5,4,-1.0121951219512195,2.5,low,M,0.0,0.10029590406478742,0
4976,F,Ship,0.0,2,-0.24390243902439024,2.5,medium,M,0.5,0.57498831957639,0
4977,A,Ship,0.0,5,0.573170731707317,0.0,high,F,-0.8333333333333334,0.25073976016196853,1
4978,B,Ship,0.0,2,0.4878048780487805,2.5,high,M,0.0,0.5204796760629186,0
4979,C,Ship,0.0,1,-0.6463414634146342,2.5,low,F,-0.8333333333333334,0.493692571250584,0
4980,F,Ship,0.0,5,0.15853658536585366,-1.0,low,M,0.0,0.08254166017754244,0
4981,D,Ship,-0.5,1,-0.5975609756097561,0.0,high,F,0.5,0.018377199813113223,0
4982,F,Ship,-0.5,2,-0.7073170731707317,2.5,medium,F,0.3333333333333333,0.36256034885531846,1
4983,A,Ship,-0.5,3,0.5853658536585366,2.5,high,F,0.3333333333333333,0.29528110886154807,0
4984,B,Ship,0.0,3,0.5975609756097561,0.0,low,M,-0.5,0.0003114779629341224,1
4985,C,Ship,0.0,2,-0.21951219512195122,0.0,low,M,-1.0,0.3186419560816072,1
4986,F,Ship,1.0,1,-0.7560975609756098,-1.0,low,F,-0.6666666666666666,-0.8749415978819498,0
4987,D,Ship,1.5,1,0.7804878048780488,1.0,low,M,0.5,-0.8226133001090173,1
4988,F,Ship,1.0,4,0.5609756097560976,1.0,medium,M,-1.0,-0.7547111041893786,0
4989,A,Ship,1.0,5,0.4878048780487805,1.0,low,M,0.0,-0.770907958261953,0
4990,B,Ship,-1.0,4,-0.7682926829268293,1.0,low,F,-0.8333333333333334,-0.9341224108394331,0
4991,C,Ship,-1.0,3,-0.1951219512195122,-1.0,medium,F,-0.16666666666666666,-0.6706120541971655,0
4992,F,Ship,1.0,2,0.35365853658536583,1.0,low,M,0.3333333333333333,-0.9004827908425479,1
4993,D,Ship,1.0,2,0.3780487804878049,1.0,low,F,0.5,-0.8413019778850647,0
4994,F,Ship,-0.5,5,0.6585365853658537,0.0,low,F,-0.16666666666666666,0.452888958106214,0
4995,A,Ship,-0.5,3,0.6707317073170732,0.0,high,F,-0.16666666666666666,0.034574053885687586,1
4996,B,Ship,0.0,4,0.7439024390243902,0.0,low,M,0.5,0.4750038934745367,1
4997,C,Ship,0.5,2,0.23170731707317074,0.0,high,M,0.0,0.3656751284846597,1
4998,F,Ship,-1.0,2,0.5487804878048781,0.0,low,M,-0.16666666666666666,0.21523127238747858,1
4999,D,Ship,-0.5,3,0.3048780487804878,2.5,low,M,0.0,0.10964024295281109,1
5000,F,Ship,-0.5,3,-0.975609756097561,0.0,medium,F,0.16666666666666666,0.24949384831023205,0
5001,A,Ship,0.5,3,-1.0121951219512195,2.5,low,F,-0.3333333333333333,0.0,1
5002,B,Ship,0.0,5,-0.24390243902439024,2.5,medium,F,0.3333333333333333,0.21616570627628096,1
5003,C,Ship,0.0,2,0.573170731707317,0.0,high,M,-1.0,0.24357576701448372,0
5004,F,Ship,0.0,5,0.4878048780487805,2.5,high,M,0.0,0.42828219903441833,1
5005,D,Ship,0.0,3,-0.6463414634146342,2.5,low,M,-0.16666666666666666,0.43949540570004675,1
5006,F,Ship,0.0,4,0.15853658536585366,-1.0,low,F,0.0,0.2389035975704719,0
5007,A,Ship,-0.5,4,-0.5975609756097561,0.0,high,M,0.5,0.23703472979286716,0
5008,B,Ship,-0.5,3,-0.7073170731707317,2.5,medium,M,-0.8333333333333334,0.41052795514717333,0
5009,C,Ship,-0.5,2,0.5853658536585366,2.5,high,M,-0.3333333333333333,0.5718735399470487,1
5010,F,Ship,0.0,3,0.5975609756097561,0.0,low,F,-0.6666666666666666,0.34387167107927114,0
5011,D,Ship,0.0,3,-0.21951219512195122,0.0,low,F,0.5,0.014016508332035509,1
5012,F,Ship,1.0,2,-0.7560975609756098,-1.0,low,M,-0.16666666666666666,-0.7593832736333904,0
5013,A,Ship,1.5,3,0.7804878048780488,1.0,low,F,0.16666666666666666,-0.6977106369724342,1
5014,B,Ship,1.0,5,0.5609756097560976,1.0,medium,F,0.5,-0.7319732128951877,0
5015,C,Ship,1.0,2,0.4878048780487805,1.0,low,M,-0.5,-0.8587447438093755,0
5016,F,Ship,-1.0,3,-0.7682926829268293,1.0,low,F,-0.6666666666666666,-0.8708923843638062,1
5017,D,Ship,-1.0,3,-0.1951219512195122,-1.0,medium,F,-0.16666666666666666,-0.7534651923376421,1
5018,F,Ship,0.5,2,0.8658536585365854,1.0,medium,F,0.0,-0.7733997819654259,1
5019,A,Ship,1.5,1,1.1219512195121952,1.0,medium,M,-0.3333333333333333,-0.8353838965893163,0
5020,B,Ship,1.0,4,0.9390243902439024,1.0,low,F,-0.3333333333333333,-0.8789908114000935,0
5021,C,Ship,1.0,3,0.9512195121951219,1.0,low,M,0.16666666666666666,-0.6927269895654883,0
5022,F,Ship,1.0,2,0.9634146341463414,2.0,low,F,-0.6666666666666666,-0.6790219591963869,0
5023,D,Ship,1.0,4,0.7439024390243902,1.0,low,F,-0.6666666666666666,-0.9241551160255412,0
5024,F,Ship,1.0,5,0.7317073170731707,1.0,low,M,-0.16666666666666666,-0.9602865597258994,0
5025,A,Ship,1.5,2,1.170731707317073,1.0,low,F,0.0,-0.8892695841769195,0
5026,B,Ship,1.0,5,0.9512195121951219,1.0,low,M,-0.5,-0.7434978975237502,1
5027,C,Ship,1.0,3,0.5121951219512195,2.0,low,F,-1.0,-0.6755957016041115,0
5028,F,Ship,1.5,4,0.9878048780487805,1.0,low,M,-0.3333333333333333,-0.9064008721382962,0
5029,D,Ship,-0.5,5,-0.7926829268292683,-1.0,medium,M,-0.3333333333333333,-0.9736801121320666,0
5030,F,Ship,1.0,5,0.975609756097561,1.0,medium,F,-0.8333333333333334,-0.8958106213985361,1
5031,A,Ship,1.0,3,0.8170731707317073,1.0,medium,F,0.0,-0.7942688054820122,1
5032,B,Ship,1.0,4,0.975609756097561,1.0,medium,M,-0.16666666666666666,-0.9459585734309298,0
5033,C,Ship,1.0,5,0.4268292682926829,1.0,low,F,0.16666666666666666,-0.8954991434356019,0
5034,F,Ship,1.0,5,0.7560975609756098,1.0,medium,F,-0.16666666666666666,-0.9792867154648809,1
5035,D,Ship,1.5,5,0.8536585365853658,1.0,medium,F,0.16666666666666666,-0.9347453667653014,1
5036,F,Ship,0.0,5,-0.975609756097561,0.0,low,F,-1.0,-0.9783522815760785,0
5037,A,Ship,1.0,3,0.6951219512195121,1.0,medium,F,-1.0,-0.7525307584488398,0
5038,B,Ship,1.0,2,0.36585365853658536,1.0,medium,F,-1.0,-0.8543840523282977,1
5039,C,Ship,1.0,1,0.6097560975609756,1.0,low,M,0.5,-0.6818252608627939,0
5040,F,Ship,1.0,5,0.7439024390243902,1.0,low,M,0.16666666666666666,-0.8085967917769817,1
5041,D,Ship,1.5,3,1.170731707317073,1.0,medium,F,0.0,-0.6727923999377045,0
5042,F,Ship,1.0,2,1.0609756097560976,2.0,medium,F,-0.6666666666666666,-0.7983180190001558,0
5043,A,Road,1.0,3,0.4024390243902439,1.0,medium,F,0.3333333333333333,-0.9774178476872761,0
5044,B,Road,0.0,2,0.12195121951219512,-1.0,low,M,0.3333333333333333,0.452888958106214,1
5045,C,Road,-0.5,5,0.34146341463414637,-1.0,low,F,-0.16666666666666666,0.4628562529201059,0
5046,F,Road,0.0,1,-0.8414634146341463,-1.0,low,F,-0.8333333333333334,0.33016664071016977,0
5047,D,Road,0.0,1,-0.7804878048780488,-1.0,low,M,-0.3333333333333333,-0.0028033016664071016,0
5048,F,Road,0.0,4,0.6341463414634146,0.0,low,M,-0.5,0.546955302912319,0
5049,A,Road,0.5,1,0.5609756097560976,-1.0,low,M,-0.5,0.44572496495872915,0
5050,B,Road,0.0,1,0.5487804878048781,0.0,medium,M,-0.3333333333333333,0.08908269739915901,1
5051,C,Road,0.0,3,-0.2682926829268293,0.0,low,F,0.5,-0.025229714997663914,0
5052,F,Road,-0.5,1,-0.7926829268292683,0.0,medium,M,-0.3333333333333333,0.20432954368478431,1
5053,D,Road,0.0,1,-0.9878048780487805,-1.0,medium,M,-1.0,0.3504127083008877,1
5054,F,Road,0.0,4,-0.8414634146341463,0.0,medium,F,-0.6666666666666666,0.3971344027410061,1
5055,A,Road,-0.5,4,-0.34146341463414637,0.0,high,M,-1.0,0.5522504282821991,1
5056,B,Road,0.5,3,0.6463414634146342,0.0,medium,F,0.16666666666666666,0.5098894253231584,1
5057,C,Road,-0.5,3,-0.6951219512195121,1.0,medium,F,-0.8333333333333334,0.4781186731038779,0
5058,F,Road,0.0,2,-0.4878048780487805,0.0,low,F,-0.6666666666666666,0.5516274723563308,0
5059,D,Road,0.0,4,0.024390243902439025,-1.0,low,F,-0.5,0.5715620619841146,0
5060,F,Road,0.0,3,-0.8658536585365854,0.0,low,F,-0.8333333333333334,0.1694440118361626,0
5061,A,Road,0.5,1,-0.9634146341463414,0.0,low,M,-0.6666666666666666,0.2460675907179567,1
5062,B,Road,0.0,2,0.0975609756097561,0.0,low,M,-0.5,0.5513159943933966,0
5063,C,Road,1.0,2,-0.9024390243902439,-1.0,high,M,-1.0,-0.02990188444167575,0
5064,F,Road,0.0,2,-0.06097560975609756,-1.0,medium,F,0.3333333333333333,0.30587135960130823,0
5065,D,Flight,-0.5,5,-0.6341463414634146,-1.0,low,M,-0.5,0.10777137517520635,0
5066,F,Flight,0.5,2,-0.7560975609756098,1.0,medium,M,-0.16666666666666666,0.4507086123656751,0
5067,A,Flight,0.0,2,0.2682926829268293,0.0,medium,M,0.3333333333333333,0.1794113066500545,0
5068,B,Flight,0.0,5,-0.2682926829268293,1.0,low,F,0.5,0.16882105591029434,0
5069,C,Flight,0.5,2,0.23170731707317074,0.0,high,F,-0.5,-0.0028033016664071016,0
5070,F,Flight,-0.5,5,-0.7073170731707317,0.0,medium,F,-0.8333333333333334,0.01277059648029902,1
5071,D,Flight,0.5,1,0.524390243902439,0.0,medium,M,0.0,-0.004983647406945959,0
5072,F,Flight,0.0,5,0.17073170731707318,1.0,low,M,-0.5,0.18719825572340756,0
5073,A,Flight,0.5,1,0.5853658536585366,-1.0,high,M,0.3333333333333333,0.26755957016041115,0
5074,B,Flight,-0.5,1,-0.13414634146341464,-1.0,low,M,-0.8333333333333334,0.15511602554119297,1
5075,C,Flight,0.0,5,0.036585365853658534,1.0,medium,F,-0.6666666666666666,0.5659554586513004,0
5076,F,Flight,-0.5,1,-0.2073170731707317,2.0,medium,F,-0.16666666666666666,0.5513159943933966,0
5077,D,Flight,-0.5,5,0.036585365853658534,0.0,low,M,0.3333333333333333,0.04890204018065722,0
5078,F,Flight,-0.5,2,-0.17073170731707318,1.0,medium,F,-0.5,0.23952655349634014,0
5079,A,Flight,0.0,3,-0.4024390243902439,0.0,medium,M,0.5,0.12209936147017598,1
5080,B,Flight,0.0,1,-0.024390243902439025,0.0,low,M,-0.8333333333333334,0.06354150443856098,1
5081,C,Flight,0.5,3,0.036585365853658534,-1.0,low,F,-0.5,0.44821678866220216,0
5082,F,Flight,0.5,4,0.3170731707317073,1.0,medium,F,-0.8333333333333334,0.33203550848777447,0
5083,D,Flight,-0.5,1,-0.6463414634146342,0.0,low,M,0.3333333333333333,0.22301822146083164,1
5084,F,Flight,-0.5,4,-0.6951219512195121,0.0,medium,F,-0.16666666666666666,0.45538078180968694,0
5085,A,Flight,0.0,5,-0.9878048780487805,0.0,medium,M,-0.5,0.32113377978508023,1
5086,B,Flight,0.0,3,-0.926829268292683,0.0,low,F,-0.8333333333333334,0.4497741784768728,0
5087,C,Ship,0.0,3,-0.6829268292682927,0.0,high,M,-1.0,0.29278928515807506,1
5088,F,Ship,0.5,2,0.35365853658536583,0.0,high,M,-0.8333333333333334,0.493692571250584,1
5089,D,Ship,-0.5,2,-0.3048780487804878,0.0,medium,M,-0.8333333333333334,0.17723096090951565,0
5090,F,Ship,-1.0,4,0.7073170731707317,-1.0,medium,M,-0.5,0.1504438560971811,0
5091,A,Ship,0.0,4,-0.5609756097560976,0.0,low,M,-0.16666666666666666,0.4170689923687899,1
5092,B,Ship,0.0,4,-0.6951219512195121,0.0,medium,F,0.5,0.2778383429372372,1
5093,C,Ship,-0.5,5,0.036585365853658534,-1.0,medium,F,-0.16666666666666666,0.3217567357109484,0
5094,F,Ship,0.5,3,0.2804878048780488,1.0,low,F,0.16666666666666666,0.39962622644447904,0
5095,D,Ship,0.0,3,-0.9878048780487805,-1.0,low,M,0.3333333333333333,-0.0012459118517364897,0
5096,F,Ship,-0.5,4,0.35365853658536583,-1.0,medium,M,-1.0,0.526709235321601,1
5097,A,Ship,0.5,3,0.7195121951219512,1.0,medium,M,-0.8333333333333334,0.011524684628562529,1
5098,B,Ship,0.5,4,-0.14634146341463414,2.0,low,F,-0.16666666666666666,0.33670767793178635,1
5099,C,Ship,0.5,5,0.3170731707317073,-1.0,low,F,0.0,0.08098427036287183,1
5100,F,Ship,-0.5,5,0.7439024390243902,0.0,low,M,-0.16666666666666666,0.31116648497118826,0
5101,D,Ship,-0.5,5,0.7317073170731707,0.0,medium,M,-0.3333333333333333,0.17473913720604267,1
5102,F,Ship,0.0,3,0.7073170731707317,0.0,low,F,-0.5,0.46877433421585424,0
5103,A,Ship,-1.0,4,-1.0731707317073171,2.0,medium,M,-0.8333333333333334,0.40865908736956863,0
5104,B,Ship,0.5,3,0.012195121951219513,-1.0,medium,F,0.5,0.32549447126615794,1
5105,C,Ship,-1.0,5,-0.47560975609756095,2.0,low,F,0.16666666666666666,0.03737735555209469,0
5106,F,Ship,0.0,3,-0.7926829268292683,2.5,medium,M,-0.3333333333333333,0.407101697554898,1
5107,D,Ship,1.0,1,-0.8414634146341463,0.0,medium,F,-1.0,0.06136115869802212,1
5108,F,Ship,1.0,1,0.524390243902439,1.0,medium,F,-0.6666666666666666,0.4693972901417225,1
5109,A,Ship,0.0,3,-0.9512195121951219,0.0,medium,M,0.5,0.04672169444011836,1
5110,B,Ship,0.5,3,-0.6219512195121951,2.5,low,M,-0.16666666666666666,0.06229559258682448,0
5111,C,Ship,-0.5,4,0.5121951219512195,0.0,low,M,0.0,0.2691169599750818,1
5112,F,Ship,-0.5,3,-0.8902439024390244,0.0,low,F,0.0,0.25073976016196853,1
5113,D,Ship,0.0,3,-0.21951219512195122,-1.0,medium,F,-0.5,0.01681980999844261,1
5114,F,Ship,0.5,4,-0.7317073170731707,-1.0,low,F,-0.3333333333333333,0.4295281108861548,0
5115,A,Ship,0.5,3,-0.2073170731707317,0.0,medium,F,-0.8333333333333334,0.16477184239215076,1
5116,B,Ship,-0.5,2,-0.08536585365853659,0.0,medium,F,-1.0,0.06852515184550693,0
5117,C,Ship,0.0,1,0.5365853658536586,1.0,low,M,-0.3333333333333333,0.47188911384519544,0
5118,F,Ship,-0.5,3,0.6829268292682927,0.0,high,F,0.0,0.1685095779473602,1
5119,D,Ship,0.5,2,-0.9146341463414634,1.0,low,F,0.3333333333333333,0.28687120386232673,1
5120,F,Ship,-0.5,5,-0.2073170731707317,0.0,low,M,-0.5,0.39682292477807196,0
5121,A,Ship,0.5,2,-0.4634146341463415,0.0,low,M,0.3333333333333333,0.4693972901417225,0
5122,B,Ship,-0.5,1,-0.0975609756097561,0.0,medium,M,-0.3333333333333333,0.4756268494004049,1
5123,C,Ship,0.0,5,-0.4634146341463415,1.0,medium,M,-0.16666666666666666,0.28406790219591965,0
5124,F,Ship,-1.0,4,-0.07317073170731707,0.0,medium,F,-0.16666666666666666,0.023983803145927424,1
5125,D,Ship,-0.5,3,-0.7317073170731707,-1.0,medium,F,-1.0,0.4974303068057935,1
5126,F,Ship,-1.0,2,-0.0975609756097561,2.0,low,F,0.0,0.328297772932565,0
5127,A,Ship,-0.5,5,0.47560975609756095,-1.0,low,M,0.16666666666666666,0.41333125681358046,1
5128,B,Ship,0.0,5,0.6829268292682927,0.0,medium,F,-0.8333333333333334,0.34978975237501947,0
5129,C,Ship,-0.5,3,0.6951219512195121,1.0,high,M,-0.6666666666666666,-0.04454134869957951,1
5130,F,Ship,-1.0,1,-1.2926829268292683,0.0,low,M,-0.5,0.5528733842080673,1
5131,D,Ship,0.0,5,-0.5121951219512195,-1.0,medium,M,0.0,0.12770596480299018,0
5132,F,Ship,0.5,1,0.6219512195121951,0.0,high,M,-0.3333333333333333,0.24980532627316618,1
5133,A,Ship,0.0,4,-0.07317073170731707,2.0,medium,F,0.0,0.38997040959352125,0
5134,B,Ship,0.0,5,0.573170731707317,0.0,high,M,-0.6666666666666666,0.2292477807195141,1
5135,C,Ship,0.0,4,-0.2073170731707317,-1.0,medium,F,-1.0,0.330789596636038,0
5136,F,Ship,0.0,4,0.3170731707317073,-1.0,medium,F,-0.5,0.2965270207132845,0
5137,D,Ship,0.0,1,0.7195121951219512,1.0,low,M,-1.0,0.22052639775735866,0
5138,F,Ship,-0.5,5,-0.4146341463414634,-1.0,medium,M,-1.0,0.5578570316150132,1
5139,A,Ship,0.0,2,-0.9512195121951219,-1.0,medium,F,0.0,0.04859056221772309,1
5140,B,Ship,-0.5,4,0.0975609756097561,2.5,medium,F,0.5,0.13393552406167264,1
5141,C,Ship,0.0,5,0.2073170731707317,1.0,medium,M,0.3333333333333333,0.4295281108861548,0
5142,F,Ship,0.0,5,0.3170731707317073,2.0,low,M,0.16666666666666666,0.12739448684005605,0
5143,D,Ship,0.0,1,-0.7560975609756098,0.0,low,M,0.5,0.5684472823547734,0
5144,F,Ship,0.5,2,-0.0975609756097561,-1.0,medium,F,-0.8333333333333334,0.4603644292166329,1
5145,A,Ship,-1.0,3,0.7317073170731707,1.0,medium,F,0.5,0.20214919794424543,1
5146,B,Ship,0.5,4,-1.4268292682926829,2.5,high,M,0.0,0.4236100295904065,1
5147,C,Ship,-0.5,4,0.35365853658536583,1.0,medium,F,0.5,-0.022737891294190935,0
5148,F,Ship,-0.5,4,-1.3170731707317074,2.5,medium,F,0.0,0.14701759850490578,0
5149,D,Ship,0.5,3,0.32926829268292684,0.0,low,F,-0.8333333333333334,0.44790531069926803,1
5150,F,Ship,-0.5,1,0.036585365853658534,1.0,medium,F,-1.0,0.5021024762498053,1
5151,A,Ship,0.0,1,0.32926829268292684,1.0,medium,M,-0.3333333333333333,0.289985983491668,0
5152,B,Ship,0.0,3,-0.012195121951219513,0.0,low,M,-0.16666666666666666,0.40429839588849087,0
5153,C,Ship,-0.5,1,-0.975609756097561,0.0,medium,M,0.5,0.015885376109640244,0
5154,F,Ship,-0.5,4,-0.6341463414634146,-1.0,medium,F,0.16666666666666666,0.25634636349478274,0
5155,D,Ship,-1.0,4,-0.25609756097560976,1.0,low,M,0.0,0.43700358199657374,1
5156,F,Ship,0.0,3,-0.926829268292683,-1.0,medium,M,0.3333333333333333,0.3575767014483725,1
5157,A,Ship,0.5,4,-0.4024390243902439,2.0,medium,M,-0.8333333333333334,0.36598660644759384,0
5158,B,Ship,0.0,2,0.7317073170731707,-1.0,low,M,0.5,0.06603332814203396,0
5159,C,Ship,0.0,3,0.4878048780487805,-1.0,high,F,-0.6666666666666666,0.2432642890515496,0
5160,F,Ship,0.5,2,-0.21951219512195122,2.0,low,M,0.5,0.2996418003426258,0
5161,D,Ship,0.0,2,-0.6951219512195121,1.0,low,F,-0.16666666666666666,0.2538545397913098,0
5162,F,Ship,0.0,3,-1.024390243902439,0.0,medium,F,-0.6666666666666666,0.05232829777293257,0
5163,A,Ship,-0.5,3,0.7195121951219512,-1.0,medium,F,0.0,0.4180034262575923,0
5164,B,Ship,0.0,5,-0.7317073170731707,0.0,medium,F,0.3333333333333333,0.41738047033172404,1
5165,C,Ship,0.0,2,-0.5853658536585366,0.0,medium,F,0.16666666666666666,0.18969007942688054,0
5166,F,Ship,0.5,5,-0.524390243902439,0.0,low,M,0.16666666666666666,0.024295281108861547,0
5167,D,Ship,0.5,4,-0.45121951219512196,-1.0,low,M,-0.8333333333333334,0.4575611275502258,1
5168,F,Ship,-1.0,5,-0.23170731707317074,0.0,low,M,-0.6666666666666666,0.5095779473602242,0
5169,A,Ship,0.5,4,0.6707317073170732,-1.0,low,F,0.3333333333333333,0.42610185329387945,0
5170,B,Ship,0.0,1,-0.21951219512195122,0.0,low,M,-0.5,0.15106681202304936,1
5171,C,Ship,-0.5,1,0.36585365853658536,0.0,high,M,0.0,0.3086746612677153,1
5172,F,Ship,-0.5,3,-0.9390243902439024,0.0,medium,M,-1.0,0.41769194829465817,1
5173,D,Ship,-0.5,2,-0.15853658536585366,0.0,high,M,-0.16666666666666666,0.31646161034106834,1
5174,F,Ship,-0.5,3,-0.036585365853658534,0.0,medium,M,0.0,0.3226911695997508,0
5175,A,Ship,0.5,3,0.6341463414634146,0.0,medium,F,-0.5,0.014327986294969631,0
5176,B,Ship,0.5,3,0.0975609756097561,-1.0,low,F,-0.8333333333333334,0.5619062451331568,1
5177,C,Ship,0.5,4,0.32926829268292684,1.0,high,M,-0.16666666666666666,0.08191870425167419,1
5178,F,Ship,-0.5,2,0.14634146341463414,1.0,medium,F,0.16666666666666666,0.3351502881171157,0
5179,D,Ship,-0.5,5,0.4878048780487805,0.0,medium,M,-0.6666666666666666,-0.023983803145927424,0
5180,F,Road,0.0,5,0.0975609756097561,0.0,medium,F,0.16666666666666666,0.24949384831023205,0
5181,A,Road,0.0,4,-0.8048780487804879,0.0,medium,F,-0.3333333333333333,0.23142812646005295,0
5182,B,Road,0.0,3,-0.24390243902439024,0.0,medium,M,-0.6666666666666666,0.5503815605045943,1
5183,C,Road,0.0,1,-0.45121951219512196,-1.0,high,F,0.0,0.4516430462544775,1
5184,F,Road,-1.0,2,-0.7804878048780488,0.0,low,F,-0.16666666666666666,0.5310699268026787,1
5185,D,Road,-0.5,2,-1.2560975609756098,-1.0,low,F,-0.5,0.02990188444167575,1
5186,F,Road,0.5,4,-0.5121951219512195,0.0,low,F,-0.6666666666666666,0.28500233608472203,1
5187,A,Road,0.0,5,0.24390243902439024,0.0,low,M,-0.6666666666666666,0.4014950942220838,0
5188,B,Road,0.5,5,0.524390243902439,1.0,medium,M,0.5,0.32113377978508023,1
5189,C,Road,-0.5,1,0.08536585365853659,0.0,high,M,-0.6666666666666666,0.2666251362716088,1
5190,F,Road,0.5,1,-0.524390243902439,2.0,medium,F,0.16666666666666666,0.17131287961376732,0
5191,D,Road,0.0,4,0.2073170731707317,-1.0,low,F,-0.5,0.5220370658775891,0
5192,F,Road,0.5,5,-0.32926829268292684,1.0,medium,F,0.3333333333333333,0.3666095623734621,0
5193,A,Road,0.5,4,0.23170731707317074,0.0,low,M,0.16666666666666666,0.2887400716399315,1
5194,B,Road,0.0,4,0.6585365853658537,2.5,medium,F,-0.6666666666666666,0.21336240460987385,0
5195,C,Road,0.0,2,0.5853658536585366,0.0,low,F,0.3333333333333333,0.24669054664382495,0
5196,F,Road,-0.5,4,0.8536585365853658,2.5,low,M,0.16666666666666666,0.12864039869179256,1
5197,D,Road,-0.5,3,0.5487804878048781,0.0,medium,F,-0.3333333333333333,0.16041115091107305,0
5198,F,Road,-0.5,1,0.08536585365853659,2.5,medium,M,0.5,0.4123968229247781,0
5199,A,Road,0.5,5,0.6951219512195121,1.0,high,F,-0.16666666666666666,0.12396822924778073,1
5200,B,Road,0.5,4,0.4268292682926829,0.0,high,F,-0.8333333333333334,0.07724653480766236,1
5201,C,Road,0.5,5,0.5487804878048781,0.0,medium,F,-0.3333333333333333,0.05170534184706432,0
5202,F,Flight,-0.5,1,-0.4634146341463415,0.0,low,M,-0.3333333333333333,0.36349478274412084,1
5203,D,Flight,0.0,1,-0.9146341463414634,0.0,low,M,-0.16666666666666666,0.24700202460675907,1
5204,F,Flight,-0.5,4,0.35365853658536583,0.0,medium,F,0.16666666666666666,0.25229714997663916,0
5205,A,Flight,0.5,2,0.4146341463414634,0.0,medium,M,-0.3333333333333333,0.559725899392618,0
5206,B,Flight,-0.5,5,0.4024390243902439,0.0,low,F,-0.5,0.5425946114312412,1
5207,C,Flight,0.5,5,0.1951219512195122,2.5,high,M,0.5,0.45787260551315995,1
5208,F,Flight,0.5,3,-0.975609756097561,0.0,high,M,0.16666666666666666,0.2700513938638841,0
5209,D,Flight,0.0,1,-0.36585365853658536,0.0,low,F,0.16666666666666666,0.1613455847998754,0
5210,F,Flight,0.0,5,0.5975609756097561,0.0,medium,F,-0.16666666666666666,0.4036754399626226,0
5211,A,Flight,0.5,4,-1.1341463414634145,2.0,high,F,-0.5,0.2071328453511914,0
5212,B,Flight,-0.5,2,-0.6585365853658537,0.0,medium,M,-0.6666666666666666,0.516430462544775,0
5213,C,Flight,0.0,2,0.18292682926829268,1.0,medium,M,-0.6666666666666666,0.3709702538545398,0
5214,F,Flight,1.5,3,1.1219512195121952,1.0,medium,M,-0.5,-0.750661890671235,1
5215,D,Flight,1.0,2,0.9390243902439024,1.0,low,M,0.16666666666666666,-0.9749260239838031,0
5216,F,Flight,1.0,4,0.9512195121951219,1.0,low,F,0.5,-0.8808596791776981,1
5217,A,Flight,1.0,2,0.9634146341463414,2.0,low,M,-0.8333333333333334,-0.826973991590095,0
5218,B,Flight,1.0,4,0.7439024390243902,1.0,low,M,0.3333333333333333,-0.7986294969630898,0
5219,C,Flight,1.0,3,0.7317073170731707,1.0,low,M,-0.8333333333333334,-0.7213829621554275,1
5220,F,Flight,1.5,5,1.170731707317073,1.0,low,F,-0.3333333333333333,-0.6771530914187821,0
5221,D,Flight,1.0,3,0.9512195121951219,1.0,low,F,0.5,-0.8967450552873384,0
5222,F,Flight,1.0,5,0.5121951219512195,2.0,low,M,0.5,-0.7671702227067435,0
5223,A,Flight,0.0,5,0.24390243902439024,0.0,low,M,-0.3333333333333333,0.33141255256190627,0
5224,B,Ship,0.5,1,0.524390243902439,1.0,medium,M,-1.0,0.24139542127394487,0
5225,C,Ship,-0.5,1,0.08536585365853659,0.0,high,M,-1.0,0.2488708923843638,0
5226,F,Ship,0.5,1,-0.524390243902439,2.0,medium,F,-0.8333333333333334,0.5519389503192649,1
5227,D,Ship,0.0,1,0.2073170731707317,-1.0,low,F,-1.0,0.5506930384675284,1
5228,F,Ship,0.5,1,-0.32926829268292684,1.0,medium,F,0.16666666666666666,0.3161501323781343,0
5229,A,Ship,0.5,1,0.23170731707317074,0.0,low,M,0.5,0.35508487774489955,0
5230,B,Ship,0.0,2,0.6585365853658537,2.5,medium,M,-0.8333333333333334,0.06198411462389036,0
5231,C,Ship,0.0,3,0.5853658536585366,0.0,low,M,0.3333333333333333,0.07942688054820121,1
5232,F,Ship,-0.5,4,0.8536585365853658,2.5,low,M,-0.3333333333333333,0.4142656907023828,0
5233,D,Ship,-0.5,3,0.5487804878048781,0.0,medium,F,-0.5,0.03426257592275347,0
5234,F,Ship,-0.5,5,0.08536585365853659,2.5,medium,F,0.0,0.4964958729169911,1
5235,A,Ship,0.5,5,0.6951219512195121,1.0,high,M,0.5,0.04859056221772309,1
5236,B,Ship,0.5,2,0.4268292682926829,0.0,high,F,0.16666666666666666,0.26506774645693815,1
5237,C,Ship,0.5,5,0.5487804878048781,0.0,medium,F,-1.0,0.14296838498676218,0
5238,F,Ship,-0.5,1,-0.4634146341463415,0.0,low,F,0.0,0.03955770129263354,0
5239,D,Ship,0.0,1,-0.9146341463414634,0.0,low,F,-1.0,0.4214296838498676,1
5240,F,Ship,-0.5,1,0.35365853658536583,0.0,medium,F,-0.8333333333333334,0.5226600218034574,1
5241,A,Ship,0.5,3,0.4146341463414634,0.0,medium,M,0.5,0.4416757514405856,1
5242,B,Ship,-0.5,4,0.4024390243902439,0.0,low,M,-0.16666666666666666,0.22551004516430462,0
5243,C,Ship,0.5,5,0.1951219512195122,2.5,high,F,-0.6666666666666666,0.38685562996418005,0
5244,F,Ship,0.5,5,-0.975609756097561,0.0,high,F,-0.3333333333333333,0.5089549914343561,1
5245,D,Ship,0.0,2,-0.36585365853658536,0.0,low,M,0.5,0.24357576701448372,0
5246,F,Ship,0.0,4,0.5975609756097561,0.0,medium,M,0.5,0.165394798318019,0
5247,A,Ship,0.5,2,-1.1341463414634145,2.0,high,F,-0.5,0.5245288895810621,0
5248,B,Ship,-0.5,1,-0.6585365853658537,0.0,medium,F,-0.5,0.3061828375642423,0
5249,C,Ship,0.0,1,0.18292682926829268,1.0,medium,F,-0.8333333333333334,0.38280641644603647,1
5250,F,Ship,1.5,5,1.1219512195121952,1.0,medium,F,-0.8333333333333334,-0.8933187976950631,0
5251,D,Ship,1.0,2,0.9390243902439024,1.0,low,F,0.0,-0.9665161189845819,0
5252,F,Ship,1.0,4,0.9512195121951219,1.0,low,M,0.3333333333333333,-0.9634013393552406,1
5253,A,Ship,1.0,5,0.9634146341463414,2.0,low,F,-1.0,-0.8942532315838655,0
5254,B,Ship,1.0,4,0.7439024390243902,1.0,low,M,0.5,-0.8979909671390749,1
5255,C,Ship,1.0,3,0.7317073170731707,1.0,low,M,0.5,-0.9266469397290141,0
5256,F,Ship,1.5,2,1.170731707317073,1.0,low,M,-0.5,-0.7297928671546489,0
5257,D,Ship,1.0,5,0.9512195121951219,1.0,low,F,0.5,-0.6790219591963869,1
5258,F,Ship,1.0,1,0.7439024390243902,1.0,low,F,-0.3333333333333333,-0.9098271297305716,0
5259,A,Ship,1.5,3,1.170731707317073,1.0,medium,M,0.16666666666666666,-0.7129730571562062,1
5260,B,Ship,1.5,5,0.8170731707317073,1.0,low,M,0.16666666666666666,-0.6734153558635727,1
5261,C,Ship,1.0,5,0.5121951219512195,1.0,low,M,-0.3333333333333333,-0.9705653325027255,1
5262,F,Ship,1.0,4,1.0975609756097562,1.0,low,F,-0.8333333333333334,-0.7475471110418938,0
5263,D,Ship,1.0,4,0.8658536585365854,1.0,medium,M,-0.16666666666666666,-0.7995639308518923,0
5264,F,Ship,1.5,4,0.8414634146341463,2.0,low,M,-0.16666666666666666,-0.7061205419716555,1
5265,A,Ship,1.0,1,1.0975609756097562,1.0,low,F,-0.5,-0.9073353060270986,1
5266,B,Ship,1.0,3,0.8292682926829268,1.0,medium,M,-0.6666666666666666,-0.7749571717800966,0
5267,C,Ship,1.0,2,1.0975609756097562,2.0,medium,M,-0.16666666666666666,-0.9254010278772777,1
5268,F,Ship,1.0,2,1.0609756097560976,2.0,medium,M,-0.6666666666666666,-0.7179567045631522,1
5269,D,Ship,1.5,2,1.0,1.0,low,F,-0.16666666666666666,-0.9792867154648809,1
5270,F,Ship,1.0,4,0.6097560975609756,1.0,low,M,-1.0,-0.7752686497430307,1
5271,A,Ship,1.0,4,1.1219512195121952,1.0,low,F,-0.16666666666666666,-0.8372527643669211,0
5272,B,Ship,1.5,4,0.35365853658536583,1.0,medium,F,-0.16666666666666666,-0.8680890826973992,1
5273,C,Ship,1.0,2,0.8780487804878049,1.0,low,M,0.3333333333333333,-0.8506463167730883,0
5274,F,Ship,1.0,2,0.4024390243902439,1.0,medium,M,-1.0,-0.7727768260395577,0
5275,D,Ship,1.5,5,0.9512195121951219,2.0,low,M,-0.3333333333333333,-0.6905466438249493,1
5276,F,Ship,1.0,2,0.8170731707317073,-1.0,medium,F,0.3333333333333333,-0.7581373617816539,1
5277,A,Ship,1.0,5,0.975609756097561,1.0,low,M,-0.5,-0.8867777604734465,0
5278,B,Ship,0.5,1,0.7926829268292683,1.0,low,F,-0.6666666666666666,-0.8254166017754244,0
5279,C,Ship,1.0,4,1.024390243902439,1.0,medium,M,0.3333333333333333,-0.7849244665939885,0
5280,F,Ship,1.0,3,0.4146341463414634,1.0,low,F,-0.16666666666666666,-0.6703005762342314,1
5281,D,Ship,1.0,5,0.573170731707317,1.0,low,F,-0.6666666666666666,-0.9132533873228469,1
5282,F,Ship,0.5,2,-0.9512195121951219,-1.0,low,M,-0.6666666666666666,-0.8655972589939261,0
5283,A,Ship,1.0,3,0.5487804878048781,2.0,medium,F,-1.0,-0.8964335773244043,0
5284,B,Ship,1.0,4,0.9512195121951219,1.0,medium,F,0.0,-0.951565176763744,1
5285,C,Ship,1.5,4,1.1097560975609757,1.0,medium,F,-0.16666666666666666,-0.7089238436380626,0
5286,F,Ship,1.0,2,1.0975609756097562,1.0,low,F,0.3333333333333333,-0.8587447438093755,0
5287,D,Ship,-0.5,5,0.04878048780487805,-1.0,low,M,-0.5,0.30929761719358356,0
5288,F,Ship,0.0,1,0.6585365853658537,0.0,medium,M,-0.16666666666666666,0.16570627628095314,1
5289,A,Ship,-1.0,3,-1.2682926829268293,2.0,low,M,-0.6666666666666666,-0.00778694907335306,0
5290,B,Ship,0.0,4,0.4146341463414634,0.0,low,F,-1.0,0.3267403831178944,0
5291,C,Ship,0.0,3,-0.24390243902439024,-1.0,medium,M,-0.5,0.5080205575455536,1
5292,F,Ship,0.5,4,-0.7682926829268293,-1.0,low,F,0.5,0.46534807662357885,1
5293,D,Ship,-0.5,2,-0.10975609756097561,-1.0,low,M,-0.16666666666666666,0.21928048590562219,0
5294,F,Ship,-1.0,1,0.7439024390243902,-1.0,low,F,-0.3333333333333333,0.004360691481077714,1
5295,A,Ship,0.5,3,0.18292682926829268,-1.0,medium,M,0.5,0.3114779629341224,0
5296,B,Ship,-0.5,4,-0.5487804878048781,0.0,low,F,-0.5,0.4880859679177698,0
5297,C,Ship,-0.5,1,-0.9390243902439024,2.0,low,F,0.16666666666666666,0.25883818719825574,1
5298,F,Ship,-0.5,2,0.5975609756097561,0.0,medium,F,-0.6666666666666666,0.009967294813891917,0
5299,D,Ship,0.5,4,-0.32926829268292684,0.0,low,F,-1.0,0.009967294813891917,0
5300,F,Ship,0.0,3,0.8902439024390244,1.0,low,M,-0.16666666666666666,0.541971655505373,0
5301,A,Ship,0.0,4,-0.975609756097561,-1.0,medium,F,-0.3333333333333333,0.33670767793178635,0
5302,B,Ship,0.5,4,0.36585365853658536,0.0,medium,F,-0.6666666666666666,-0.0417380470331724,0
5303,C,Ship,0.0,3,0.18292682926829268,-1.0,medium,F,0.16666666666666666,0.5354306182837564,0
5304,F,Ship,0.5,1,-0.13414634146341464,2.0,medium,M,-0.8333333333333334,0.2167886622021492,0
5305,D,Ship,0.0,5,-0.3780487804878049,-1.0,medium,F,0.16666666666666666,0.08503348388101542,0
5306,F,Ship,0.0,2,-0.8292682926829268,-1.0,medium,M,-0.5,0.06198411462389036,1
5307,A,Ship,0.0,4,0.4634146341463415,0.0,medium,M,-1.0,0.4756268494004049,1
5308,B,Ship,-0.5,5,-0.9878048780487805,0.0,medium,M,0.0,0.0513938638841302,0
5309,C,Ship,-0.5,3,-0.08536585365853659,0.0,low,M,0.0,0.20775580127705964,1
5310,F,Ship,-0.5,4,0.35365853658536583,0.0,medium,M,0.16666666666666666,0.4846597103254945,1
5311,D,Ship,-1.0,1,0.06097560975609756,1.0,low,M,0.0,0.44354461921819033,1
5312,F,Ship,-0.5,1,-0.3902439024390244,-1.0,low,F,-0.6666666666666666,0.4239215075533406,1
5313,A,Ship,0.5,5,0.524390243902439,0.0,medium,F,-0.3333333333333333,0.29123189534340443,0
5314,B,Ship,0.0,2,0.5121951219512195,1.0,medium,M,-0.5,0.4111509110730416,0
5315,C,Ship,-0.5,5,-0.4024390243902439,1.0,high,F,-1.0,0.2560348855318486,1
5316,F,Ship,-0.5,1,0.06097560975609756,0.0,medium,M,-0.16666666666666666,0.23173960442298708,1
5317,D,Road,0.0,3,0.15853658536585366,-1.0,low,M,-0.6666666666666666,0.07039401962311166,0
5318,F,Road,-0.5,5,0.21951219512195122,-1.0,high,F,0.16666666666666666,0.31054352904532007,0
5319,A,Road,1.0,4,-0.8658536585365854,1.0,medium,M,-0.5,0.07849244665939885,0
5320,B,Road,0.0,3,0.7317073170731707,0.0,high,F,0.0,0.42610185329387945,0
5321,C,Road,0.0,4,-0.34146341463414637,0.0,low,F,-0.8333333333333334,0.0875253075844884,0
5322,F,Road,-0.5,4,0.7195121951219512,0.0,low,M,-0.6666666666666666,0.31583865441520015,1
5323,D,Road,-0.5,3,-0.18292682926829268,0.0,low,M,0.0,0.34542906089394176,1
5324,F,Road,0.0,4,0.2926829268292683,0.0,medium,F,-0.3333333333333333,0.17909982868712038,1
5325,A,Road,0.0,3,-0.47560975609756095,0.0,medium,F,-0.5,0.5092664693972901,0
5326,B,Road,0.0,2,0.4634146341463415,2.5,medium,M,-0.8333333333333334,0.41333125681358046,0
5327,C,Road,1.0,1,0.43902439024390244,0.0,low,M,-0.3333333333333333,0.4584955614390282,1
5328,F,Road,-0.5,2,0.4878048780487805,-1.0,medium,F,0.5,0.4544463479208846,0
5329,D,Road,-1.0,4,-0.15853658536585366,-1.0,high,M,-0.8333333333333334,0.3008877121943622,0
5330,F,Road,0.5,1,0.24390243902439024,0.0,high,F,0.3333333333333333,0.43575767014483724,0
5331,A,Road,0.0,2,-0.6097560975609756,1.0,low,M,-0.8333333333333334,0.26755957016041115,0
5332,B,Road,0.0,1,-0.2073170731707317,0.0,low,M,-0.8333333333333334,0.055131599439339665,0
5333,C,Road,0.0,3,-0.6829268292682927,1.0,medium,M,0.0,0.09686964647251207,0
5334,F,Road,-0.5,2,-0.6829268292682927,0.0,medium,M,-0.5,0.36941286403986917,0
5335,D,Road,0.5,3,-1.2560975609756098,1.0,medium,F,0.16666666666666666,0.13268961220993614,0
5336,F,Road,0.5,3,0.012195121951219513,0.0,low,F,-0.8333333333333334,0.18128017442765923,1
5337,A,Road,1.0,3,0.23170731707317074,0.0,medium,F,0.3333333333333333,0.044852826662513626,1
5338,B,Road,0.0,4,-0.12195121951219512,0.0,medium,M,0.16666666666666666,0.4563152156984893,0
5339,C,Flight,-1.0,5,0.4878048780487805,-1.0,low,M,0.5,0.48870892384363807,1
5340,F,Flight,0.5,1,-0.6341463414634146,0.0,medium,F,-1.0,0.4323314125525619,0
5341,D,Flight,0.0,1,0.4268292682926829,2.0,low,M,0.3333333333333333,0.07693505684472823,0
5342,F,Flight,-0.5,2,-0.7682926829268293,0.0,low,F,0.0,0.313035352748793,1
5343,A,Flight,0.0,2,0.35365853658536583,-1.0,medium,F,-0.16666666666666666,0.1320666562840679,0
5344,B,Flight,0.0,2,-0.4024390243902439,0.0,low,M,-0.5,0.28936302756579974,0
5345,C,Flight,0.0,3,0.32926829268292684,-1.0,medium,F,-0.5,0.5584799875408815,1
5346,F,Flight,-0.5,3,-0.47560975609756095,0.0,low,M,-0.8333333333333334,0.4955614390281888,1
5347,D,Flight,-0.5,1,-0.2804878048780488,-1.0,medium,F,0.5,0.2878056377511291,0
5348,F,Flight,0.0,5,0.5609756097560976,0.0,high,M,0.5,0.23983803145927426,0
5349,A,Flight,0.0,1,0.5975609756097561,1.0,low,M,0.3333333333333333,0.0750661890671235,0
5350,B,Flight,0.0,1,0.4878048780487805,-1.0,low,M,0.5,0.025229714997663914,1
5351,C,Flight,0.5,5,-1.353658536585366,2.5,medium,F,-0.8333333333333334,0.22146083164616104,0
5352,F,Flight,0.5,2,0.4878048780487805,2.0,medium,F,-0.8333333333333334,0.46908581217878836,1
5353,D,Flight,0.5,4,0.25609756097560976,-1.0,medium,M,0.3333333333333333,0.43606914810777136,0
5354,F,Flight,0.0,3,-0.573170731707317,0.0,medium,F,-1.0,0.14701759850490578,1
5355,A,Flight,0.0,5,-0.9024390243902439,2.0,medium,F,-0.6666666666666666,0.013082074443233142,1
5356,B,Flight,0.0,1,0.2073170731707317,0.0,medium,M,-0.8333333333333334,0.24637906868089082,0
5357,C,Flight,-1.0,4,-0.8536585365853658,1.0,low,F,0.16666666666666666,0.5017909982868712,1
5358,F,Flight,0.0,5,-0.3780487804878049,-1.0,medium,F,-0.8333333333333334,0.119607537766703,1
5359,D,Flight,0.0,3,-0.7926829268292683,0.0,low,F,-0.6666666666666666,0.43388880236723254,0
5360,F,Flight,0.0,4,-0.8414634146341463,-1.0,medium,M,0.16666666666666666,0.4659710325494471,1
5361,A,Ship,-0.5,3,0.10975609756097561,0.0,medium,F,-0.5,0.2843793801588538,1
5362,B,Ship,0.0,2,0.45121951219512196,-1.0,low,F,0.5,0.23329699423765768,1
5363,C,Ship,0.0,2,0.3170731707317073,0.0,medium,M,0.3333333333333333,0.318019000155739,1
5364,F,Ship,0.0,5,0.14634146341463414,2.0,low,F,-0.3333333333333333,0.21305092664693973,0
5365,D,Ship,0.0,1,-0.17073170731707318,-1.0,low,M,-0.3333333333333333,0.287494159788195,1
5366,F,Ship,-0.5,4,-0.012195121951219513,0.0,high,F,-0.5,0.5752997975393241,0
5367,A,Ship,-0.5,4,-0.5853658536585366,-1.0,low,F,0.5,0.34542906089394176,0
5368,B,Ship,0.5,2,-0.13414634146341464,2.5,medium,F,0.0,0.35508487774489955,0
5369,C,Ship,-0.5,4,-0.47560975609756095,-1.0,medium,M,0.3333333333333333,0.46534807662357885,1
5370,F,Ship,0.0,2,-0.2073170731707317,0.0,low,F,-0.16666666666666666,0.5223485438405233,0
5371,D,Ship,0.0,1,-0.6829268292682927,0.0,medium,M,-0.3333333333333333,0.5086435134714219,0
5372,F,Ship,0.0,2,0.524390243902439,-1.0,low,M,0.0,0.36629808441052797,1
5373,A,Ship,-0.5,1,-0.3780487804878049,-1.0,medium,F,-0.6666666666666666,-0.0333281420339511,0
5374,B,Ship,-0.5,3,0.4878048780487805,-1.0,medium,M,0.16666666666666666,0.2308051705341847,1
5375,C,Ship,-0.5,1,0.06097560975609756,-1.0,medium,F,0.5,0.0750661890671235,1
5376,F,Ship,-0.5,5,0.6951219512195121,1.0,low,M,-0.6666666666666666,0.5239059336551939,1
5377,D,Ship,0.0,4,0.2682926829268293,-1.0,medium,F,-0.3333333333333333,0.3479208845974147,0
5378,F,Ship,0.5,1,-0.5365853658536586,1.0,high,M,-0.16666666666666666,0.34542906089394176,1
5379,A,Ship,0.5,4,-0.13414634146341464,-1.0,high,F,-0.8333333333333334,0.01277059648029902,1
5380,B,Ship,-0.5,5,0.5365853658536586,0.0,low,M,-0.3333333333333333,0.0513938638841302,1
5381,C,Ship,0.0,5,0.17073170731707318,-1.0,low,F,-0.5,0.1974770285002336,1
5382,F,Ship,1.0,3,0.45121951219512196,2.0,medium,M,0.16666666666666666,0.22675595701604112,0
5383,D,Ship,-0.5,3,-0.5853658536585366,-1.0,medium,M,-0.5,0.03270518610808285,1
5384,F,Ship,-0.5,5,-0.8170731707317073,0.0,low,F,-0.5,0.2781498209001713,0
5385,A,Ship,0.5,4,0.4146341463414634,1.0,medium,F,-0.3333333333333333,0.038000311477962935,1
5386,B,Ship,-0.5,2,0.2926829268292683,1.0,low,F,0.0,0.34418314904220526,0
5387,C,Ship,0.0,4,0.06097560975609756,-1.0,medium,M,0.0,0.1417224731350257,0
5388,F,Ship,0.5,2,0.14634146341463414,0.0,medium,M,-0.16666666666666666,0.17162435757670144,1
5389,D,Ship,-0.5,3,-0.036585365853658534,1.0,low,M,0.0,0.18190313035352748,0
5390,F,Ship,0.5,4,-0.9146341463414634,0.0,medium,F,-0.16666666666666666,0.48964335773244044,0
5391,A,Ship,0.0,2,-0.9390243902439024,-1.0,medium,F,-0.8333333333333334,0.5154960286559725,1
5392,B,Ship,0.0,4,0.0975609756097561,-1.0,medium,M,0.0,0.06042672480921975,0
5393,C,Ship,-1.0,3,0.524390243902439,-1.0,low,F,-1.0,0.36816695218813267,1
5394,F,Ship,0.5,1,-0.34146341463414637,1.0,medium,M,-0.3333333333333333,0.33951097959819343,0
5395,D,Ship,0.0,2,0.5853658536585366,0.0,low,M,-0.5,0.29154337330633856,0
5396,F,Ship,0.0,3,0.4146341463414634,0.0,low,M,-0.3333333333333333,0.19685407257436535,1
5397,A,Ship,0.5,3,0.3780487804878049,0.0,medium,F,-0.3333333333333333,0.4715776358822613,0
5398,B,Ship,0.5,3,-0.14634146341463414,1.0,low,M,-0.16666666666666666,0.29839588849088927,0
5399,C,Ship,0.0,3,0.7926829268292683,2.5,medium,M,-0.8333333333333334,0.39121632144525775,0
5400,F,Ship,0.5,1,0.5975609756097561,0.0,medium,M,-0.16666666666666666,0.11088615480454758,1
5401,D,Ship,-0.5,5,0.15853658536585366,1.0,low,F,0.3333333333333333,0.15511602554119297,0
5402,F,Ship,0.5,3,0.3780487804878049,1.0,high,M,0.16666666666666666,-0.006229559258682448,1
5403,A,Ship,0.0,5,-0.8780487804878049,-1.0,medium,F,0.0,0.13860769350568447,1
5404,B,Ship,0.5,3,-0.2682926829268293,0.0,medium,F,-0.16666666666666666,-0.03488553184862171,1
5405,C,Ship,0.0,3,-0.2926829268292683,1.0,medium,M,-0.5,-0.014639464257903754,1
5406,F,Ship,-1.0,2,-0.8292682926829268,1.0,low,M,-0.5,0.5195452421741161,0
5407,D,Ship,0.0,3,-0.6463414634146342,-1.0,medium,M,-0.6666666666666666,0.07537766703005762,1
5408,F,Ship,-0.5,3,-0.2682926829268293,0.0,low,F,-1.0,0.009655816850957795,1
5409,A,Ship,-0.5,1,0.6463414634146342,0.0,low,M,-0.3333333333333333,0.4295281108861548,0
5410,B,Ship,0.5,5,-0.34146341463414637,1.0,medium,F,0.3333333333333333,0.44946270051393866,1
5411,C,Ship,0.0,2,-0.7926829268292683,2.0,medium,F,0.16666666666666666,0.018688677776047345,0
5412,F,Ship,0.0,4,0.3902439024390244,0.0,low,M,-0.8333333333333334,0.4123968229247781,1
5413,D,Ship,-0.5,2,-0.45121951219512196,1.0,low,F,-0.6666666666666666,0.4292166329232207,0
5414,F,Ship,0.0,5,-0.18292682926829268,-1.0,low,F,0.16666666666666666,0.09780408036131444,0
5415,A,Ship,0.5,2,0.4024390243902439,0.0,medium,F,-0.6666666666666666,0.1710014016508332,1
5416,B,Ship,0.0,5,-0.6951219512195121,0.0,medium,F,-0.8333333333333334,0.06042672480921975,1
5417,C,Ship,-0.5,1,-0.14634146341463414,0.0,medium,F,0.3333333333333333,0.053885687587603176,0
5418,F,Ship,0.0,2,-0.7804878048780488,0.0,low,M,-0.16666666666666666,0.5102009032860925,1
5419,D,Ship,0.5,5,-0.06097560975609756,-1.0,low,F,-0.6666666666666666,0.06198411462389036,0
5420,F,Ship,0.5,3,0.10975609756097561,0.0,low,M,-0.16666666666666666,0.5693817162435758,0
5421,A,Ship,-0.5,3,0.24390243902439024,0.0,low,F,0.16666666666666666,0.21491979442454445,1
5422,B,Ship,1.0,1,-0.8170731707317073,0.0,medium,F,-0.3333333333333333,-0.04267248092197477,0
5423,C,Ship,1.0,5,-0.15853658536585366,2.0,medium,M,-0.6666666666666666,0.5052172558791466,0
5424,F,Ship,0.5,3,-0.975609756097561,-1.0,low,M,0.5,0.35197009811555835,1
5425,D,Ship,0.0,1,0.18292682926829268,1.0,low,F,-0.6666666666666666,0.06323002647562685,1
5426,F,Ship,0.0,4,-0.17073170731707318,1.0,low,F,-0.6666666666666666,0.44665939884753153,1
5427,A,Ship,0.0,4,0.3048780487804878,0.0,low,M,-0.5,0.1890671235010123,0
5428,B,Ship,0.5,4,0.2804878048780488,2.5,medium,M,-0.8333333333333334,0.12209936147017598,0
5429,C,Ship,0.5,2,-1.1341463414634145,2.0,medium,F,0.5,0.19965737424077246,0
5430,F,Ship,-0.5,4,-0.7073170731707317,0.0,medium,M,-0.16666666666666666,0.3444946270051394,1
5431,D,Ship,0.5,3,-0.23170731707317074,1.0,low,F,0.3333333333333333,0.4447905310699268,0
5432,F,Ship,0.0,4,0.573170731707317,0.0,high,M,0.3333333333333333,0.4254788973680112,0
5433,A,Ship,-1.0,1,0.5,-1.0,medium,M,0.3333333333333333,0.5566111197632767,1
5434,B,Ship,-0.5,5,-0.024390243902439025,1.0,low,F,0.3333333333333333,0.511446815137829,0
5435,C,Ship,0.0,4,0.32926829268292684,0.0,low,F,0.16666666666666666,0.3292322068213674,1
5436,F,Ship,0.0,5,0.6341463414634146,0.0,medium,F,-0.5,0.5541192960598038,1
5437,D,Ship,0.0,5,0.47560975609756095,-1.0,low,M,0.16666666666666666,0.468151378289986,0
5438,F,Ship,0.0,3,-0.2682926829268293,0.0,medium,F,0.5,0.32424855941442143,0
5439,A,Ship,0.0,4,0.5975609756097561,1.0,medium,M,0.0,-0.03363961999688522,1
5440,B,Ship,0.0,5,-0.1951219512195122,2.5,medium,F,-0.16666666666666666,0.38342937237190466,0
5441,C,Ship,-0.5,1,0.13414634146341464,-1.0,high,M,-0.16666666666666666,0.3504127083008877,1
5442,F,Ship,-0.5,1,-0.06097560975609756,-1.0,medium,F,-0.6666666666666666,0.010901728702694284,0
5443,D,Ship,-0.5,4,0.0975609756097561,0.0,medium,M,-0.6666666666666666,-0.025229714997663914,0
5444,F,Ship,-0.5,1,-0.6341463414634146,0.0,medium,F,0.0,0.567512848465971,0
5445,A,Ship,0.5,1,0.036585365853658534,-1.0,medium,M,-0.16666666666666666,0.4264133312568136,0
5446,B,Ship,-0.5,5,0.4634146341463415,1.0,low,F,0.0,0.36723251829933035,1
5447,C,Ship,0.0,1,0.2682926829268293,0.0,low,F,-0.5,0.03083631833047812,0
5448,F,Ship,0.0,4,-1.2317073170731707,0.0,medium,F,-1.0,0.4550693038467528,1
5449,D,Ship,1.0,4,-0.6951219512195121,2.5,low,F,0.3333333333333333,0.3753309453356175,1
5450,F,Ship,0.5,3,-0.5487804878048781,1.0,low,F,-0.5,0.4778071951409438,0
5451,A,Ship,0.5,3,0.6585365853658537,0.0,medium,F,0.3333333333333333,0.0009344338888023672,1
5452,B,Ship,0.0,4,0.5487804878048781,2.5,medium,M,0.0,0.0806727923999377,0
5453,C,Ship,-0.5,2,-0.9634146341463414,2.5,medium,F,-0.3333333333333333,0.1766080049836474,0
5454,F,Road,0.0,1,-0.21951219512195122,2.0,low,M,0.0,0.38342937237190466,0
5455,D,Road,0.5,5,-1.0,-1.0,high,F,-1.0,0.026164148886466284,0
5456,F,Road,-0.5,5,0.5121951219512195,-1.0,medium,F,0.3333333333333333,0.49867621865753,0
5457,A,Road,-0.5,5,0.3170731707317073,2.5,low,M,0.3333333333333333,0.08939417536209313,1
5458,B,Road,-1.0,3,0.13414634146341464,2.5,high,M,0.0,-0.043606914810777136,1
5459,C,Road,0.5,2,-0.10975609756097561,0.0,low,F,-0.6666666666666666,0.3217567357109484,0
5460,F,Road,0.0,4,-0.8292682926829268,0.0,low,F,0.5,0.5158075066189067,0
5461,D,Road,1.5,3,0.8170731707317073,1.0,low,F,-0.5,-0.8313346830711728,0
5462,F,Road,1.0,4,0.5121951219512195,1.0,low,F,-0.8333333333333334,-0.7466126771530914,1
5463,A,Road,1.0,2,1.0975609756097562,1.0,low,M,-0.8333333333333334,-0.9011057467684161,1
5464,B,Road,1.0,4,0.8658536585365854,1.0,medium,M,0.3333333333333333,-0.9247780719514095,0
5465,C,Road,1.5,5,0.8414634146341463,2.0,low,M,0.16666666666666666,-0.8008098427036288,0
5466,F,Road,1.0,4,1.0975609756097562,1.0,low,M,-0.16666666666666666,-0.7036287182681825,1
5467,D,Road,1.0,1,0.8292682926829268,1.0,medium,M,-0.5,-0.7578258838187198,0
5468,F,Road,1.0,3,1.0975609756097562,2.0,medium,F,-0.16666666666666666,-0.923532160099673,0
5469,A,Road,1.0,5,1.0609756097560976,2.0,medium,M,-0.6666666666666666,-0.7852359445569226,0
5470,B,Road,1.5,1,1.0,1.0,low,F,0.5,-0.9092041738047033,1
5471,C,Road,1.0,5,0.6097560975609756,1.0,low,M,-1.0,-0.9686964647251207,1
5472,F,Road,1.0,4,1.1219512195121952,1.0,low,M,0.3333333333333333,-0.7955147173337487,0
5473,D,Road,0.0,1,0.32926829268292684,0.0,low,M,-0.5,0.10714841924933811,1
5474,F,Road,0.0,5,0.6341463414634146,0.0,medium,M,0.16666666666666666,0.23049369257125057,0
5475,A,Road,0.0,4,0.47560975609756095,-1.0,low,F,-0.16666666666666666,0.5429060893941754,0
5476,B,Flight,0.0,2,-0.2682926829268293,0.0,medium,F,-0.6666666666666666,0.24077246534807661,0
5477,C,Flight,0.0,5,0.5975609756097561,1.0,medium,F,0.0,0.029278928515807507,1
5478,F,Flight,0.0,4,-0.1951219512195122,2.5,medium,M,0.3333333333333333,0.4924466593988475,1
5479,D,Flight,-0.5,4,0.13414634146341464,-1.0,high,M,-0.3333333333333333,0.5756112755022582,0
5480,F,Flight,-0.5,2,-0.06097560975609756,-1.0,medium,M,-0.16666666666666666,0.2946581529356798,1
5481,A,Flight,-0.5,1,0.0975609756097561,0.0,medium,F,0.16666666666666666,0.15605045942999532,1
5482,B,Flight,-0.5,5,-0.6341463414634146,0.0,medium,M,-1.0,0.10309920573119452,0
5483,C,Flight,0.5,4,0.036585365853658534,-1.0,medium,M,-0.5,0.07195140943778228,1
5484,F,Flight,-0.5,4,0.4634146341463415,1.0,low,F,0.5,0.41924933810932874,0
5485,D,Flight,0.0,5,0.2682926829268293,0.0,low,M,0.16666666666666666,-0.005295125369880081,0
5486,F,Flight,0.0,5,-1.2317073170731707,0.0,medium,F,0.5,-0.02990188444167575,1
5487,A,Flight,1.0,1,-0.6951219512195121,2.5,low,M,-1.0,0.150132378134247,1
5488,B,Flight,0.5,5,-0.5487804878048781,1.0,low,F,-0.8333333333333334,0.012147640554430773,0
5489,C,Flight,0.5,5,0.6585365853658537,0.0,medium,M,-0.8333333333333334,0.09655816850957795,1
5490,F,Flight,0.0,1,0.5487804878048781,2.5,medium,F,-0.5,0.29683849867621864,0
5491,D,Flight,-0.5,2,-0.9634146341463414,2.5,medium,M,0.16666666666666666,0.23423142812646006,0
5492,F,Flight,0.0,4,-0.21951219512195122,2.0,low,F,-0.16666666666666666,0.03395109795981934,0
5493,A,Flight,0.5,5,-1.0,-1.0,high,M,-0.16666666666666666,0.07568914499299174,0
5494,B,Flight,-0.5,5,0.5121951219512195,-1.0,medium,F,-0.5,0.3796916368166952,1
5495,C,Flight,-0.5,2,0.3170731707317073,2.5,low,F,0.3333333333333333,0.2364117738669989,0
5496,F,Flight,-1.0,2,0.13414634146341464,2.5,high,M,0.3333333333333333,0.24855941442142968,1
5497,D,Flight,0.5,2,-0.10975609756097561,0.0,low,F,-0.8333333333333334,0.03768883351502881,0
5498,F,Ship,0.0,4,-0.8292682926829268,0.0,low,M,0.5,0.10060738202772154,1
5499,A,Ship,1.5,3,0.8170731707317073,1.0,low,M,-1.0,-0.9138763432487151,1
5500,B,Ship,1.0,4,0.5121951219512195,1.0,low,F,0.3333333333333333,-0.7702850023360848,0
5501,C,Ship,1.0,4,1.0975609756097562,1.0,low,M,0.0,-0.9104500856564398,1
5502,F,Ship,1.0,2,0.8658536585365854,1.0,medium,M,-0.16666666666666666,-0.9758604578726056,1
5503,D,Ship,1.5,2,0.8414634146341463,2.0,low,F,0.5,-0.7559570160411151,1
5504,F,Ship,1.0,5,1.0975609756097562,1.0,low,F,-0.16666666666666666,-0.7117271453044697,1
5505,A,Ship,1.0,2,0.8292682926829268,1.0,medium,M,0.16666666666666666,-0.8085967917769817,0
5506,B,Ship,1.0,3,1.0975609756097562,2.0,medium,F,0.5,-0.9017287026942844,1
5507,C,Ship,1.0,5,1.0609756097560976,2.0,medium,F,0.0,-0.9157452110263199,1
5508,F,Ship,1.5,1,1.0,1.0,low,M,-0.5,-0.8419249338109329,0
5509,D,Ship,1.0,5,0.6097560975609756,1.0,low,F,-0.5,-0.7248092197477028,1
5510,F,Ship,1.0,4,1.0975609756097562,1.0,low,M,-0.16666666666666666,-0.8743186419560816,0
5511,A,Ship,1.0,2,1.1097560975609757,1.0,low,M,0.16666666666666666,-0.9761719358355396,0
5512,B,Ship,1.0,2,1.1585365853658536,1.0,low,M,0.0,-0.6877433421585423,0
5513,C,Ship,1.0,5,0.6341463414634146,1.0,medium,F,-0.16666666666666666,-0.8836629808441053,1
5514,F,Ship,0.0,1,0.23170731707317074,1.0,low,M,-0.8333333333333334,-0.7288584332658464,0
5515,D,Ship,0.5,3,0.8902439024390244,1.0,low,M,-0.8333333333333334,-0.84472823547734,0
5516,F,Ship,1.0,5,0.6585365853658537,1.0,low,M,0.5,-0.9278928515807506,0
5517,A,Ship,1.0,2,0.926829268292683,1.0,medium,M,-0.8333333333333334,-0.9590406478741629,1
5518,B,Ship,1.5,4,0.9390243902439024,1.0,high,M,-0.5,-0.9035975704718892,1
5519,C,Ship,0.5,3,0.15853658536585366,2.0,medium,M,-0.8333333333333334,-0.6802678710481234,0
5520,F,Ship,-0.5,5,0.0975609756097561,-1.0,low,M,0.3333333333333333,-0.8808596791776981,0
5521,D,Ship,1.0,5,1.0609756097560976,1.0,medium,F,-0.8333333333333334,-0.687120386232674,0
5522,F,Ship,1.0,2,1.0975609756097562,1.0,medium,F,0.5,-0.6746612677153091,1
5523,A,Ship,0.0,2,-0.9878048780487805,0.0,low,M,-0.8333333333333334,-0.9148107771375176,1
5524,B,Ship,0.0,1,0.04878048780487805,2.0,low,F,-0.3333333333333333,-0.9067123501012303,0
5525,C,Ship,0.5,5,1.0975609756097562,2.0,low,F,0.16666666666666666,-0.6852515184550693,1
5526,F,Ship,1.0,1,0.5609756097560976,1.0,medium,M,0.3333333333333333,-0.763432487151534,1
5527,D,Ship,1.0,5,0.4634146341463415,1.0,low,F,0.3333333333333333,-0.8375642423298552,0
5528,F,Ship,0.0,2,0.47560975609756095,2.0,low,M,-0.3333333333333333,-0.7279239993770441,0
5529,A,Ship,1.0,4,0.4146341463414634,1.0,low,F,-0.16666666666666666,-0.7157763588226133,0
5530,B,Ship,0.5,3,0.2804878048780488,2.0,medium,F,-0.5,-0.7525307584488398,1
5531,C,Ship,0.5,3,0.6097560975609756,2.0,medium,F,-0.3333333333333333,-0.8565643980688367,0
5532,F,Ship,1.0,1,1.146341463414634,1.0,medium,M,-1.0,-0.9135648652857811,1
5533,D,Ship,1.5,3,0.6829268292682927,1.0,medium,F,0.5,-0.9151222551004516,0
5534,F,Ship,1.0,3,0.6707317073170732,1.0,medium,F,-0.16666666666666666,-0.7248092197477028,1
5535,A,Ship,1.0,1,0.6951219512195121,1.0,low,F,0.3333333333333333,-0.8867777604734465,0
5536,B,Ship,1.5,1,0.36585365853658536,2.0,medium,F,-0.6666666666666666,-0.8506463167730883,1
5537,C,Ship,1.0,2,0.3780487804878049,1.0,low,F,0.16666666666666666,-0.6992680267871048,0
5538,F,Ship,0.5,4,0.06097560975609756,2.0,low,M,-0.3333333333333333,-0.859990655661112,1
5539,D,Ship,1.0,2,0.524390243902439,1.0,low,F,-0.5,-0.6914810777137518,1
5540,F,Ship,-0.5,3,0.14634146341463414,0.0,low,M,-0.5,0.2800186886777761,0
5541,A,Ship,0.0,4,-0.17073170731707318,-1.0,low,M,-0.3333333333333333,0.5089549914343561,0
5542,B,Ship,0.0,4,0.5609756097560976,-1.0,low,M,-0.6666666666666666,0.5145615947671702,0
5543,C,Ship,-0.5,4,-0.8780487804878049,-1.0,medium,F,0.0,0.3728391216321445,0
5544,F,Ship,0.5,3,-0.25609756097560976,2.0,medium,M,-0.6666666666666666,0.5416601775424389,0
5545,D,Ship,0.5,2,-0.4146341463414634,0.0,medium,M,-1.0,0.15760784924466595,1
5546,F,Ship,0.0,3,0.21951219512195122,0.0,medium,F,0.16666666666666666,0.35788817941130663,1
5547,A,Ship,-0.5,2,-0.8048780487804879,-1.0,low,F,-1.0,-0.004983647406945959,1
5548,B,Ship,0.5,3,-0.10975609756097561,1.0,low,M,0.3333333333333333,0.03986917925556767,0
5549,C,Ship,-0.5,4,-0.024390243902439025,0.0,medium,F,-0.6666666666666666,0.20619841146238904,0
5550,F,Ship,-0.5,4,-0.5609756097560976,-1.0,medium,M,0.3333333333333333,0.3382650677464569,1
5551,D,Ship,-0.5,5,-0.8414634146341463,-1.0,low,F,-0.8333333333333334,0.02585267092353216,1
5552,F,Ship,-0.5,5,0.47560975609756095,0.0,medium,M,0.3333333333333333,0.5700046721694441,1
5553,A,Ship,-0.5,5,-0.8658536585365854,-1.0,low,F,-0.16666666666666666,0.032393708145148734,0
5554,B,Ship,0.0,2,0.6463414634146342,2.0,low,M,0.3333333333333333,0.1778539168353839,1
5555,C,Ship,1.0,1,-1.1097560975609757,2.0,medium,M,-0.3333333333333333,0.3656751284846597,1
5556,F,Ship,0.5,1,-1.3170731707317074,2.0,medium,F,-0.5,0.009655816850957795,0
5557,D,Ship,-1.0,2,0.4268292682926829,0.0,low,F,-0.6666666666666666,-0.006229559258682448,1
5558,F,Ship,0.5,1,-0.43902439024390244,-1.0,low,F,-0.3333333333333333,0.06852515184550693,0
5559,A,Ship,0.0,3,-0.8048780487804879,1.0,low,F,-1.0,0.029278928515807507,0
5560,B,Ship,0.0,1,-0.8536585365853658,1.0,medium,M,-0.16666666666666666,0.3264289051549603,1
5561,C,Ship,-0.5,1,0.4268292682926829,-1.0,low,F,-0.8333333333333334,0.4432331412552562,1
5562,F,Ship,0.5,5,-1.048780487804878,0.0,low,M,0.3333333333333333,0.3096090951565177,1
5563,D,Ship,0.0,4,0.17073170731707318,1.0,high,M,-1.0,0.44354461921819033,0
5564,F,Ship,-0.5,4,0.34146341463414637,-1.0,low,F,0.5,0.4391839277371126,1
5565,A,Ship,0.0,2,0.7073170731707317,0.0,medium,F,-1.0,0.24419872294035197,1
5566,B,Ship,0.0,1,-0.5,-1.0,medium,F,0.16666666666666666,0.23173960442298708,0
5567,C,Ship,-0.5,2,-0.3048780487804878,2.5,low,M,0.0,0.056066033328142036,0
5568,F,Ship,0.0,2,0.3780487804878049,-1.0,low,M,-0.6666666666666666,-0.04641021647718424,0
5569,D,Ship,0.0,1,-0.036585365853658534,0.0,high,M,-0.3333333333333333,0.5008565643980688,1
5570,F,Ship,-1.0,1,0.0,0.0,high,M,-1.0,0.07537766703005762,0
5571,A,Ship,0.5,4,0.012195121951219513,-1.0,low,F,-1.0,0.47344650365986607,0
5572,B,Ship,-0.5,1,0.4146341463414634,-1.0,medium,M,-1.0,0.48403675439962623,0
5573,C,Ship,-0.5,1,0.13414634146341464,0.0,medium,M,-0.8333333333333334,0.04204952499610653,0
5574,F,Ship,0.5,1,-1.146341463414634,0.0,low,M,0.0,0.0722628874007164,1
5575,D,Ship,0.5,2,0.35365853658536583,0.0,low,F,0.16666666666666666,-0.004983647406945959,1
5576,F,Ship,-0.5,4,0.0,-1.0,low,M,0.5,0.20090328609250896,0
5577,A,Ship,-0.5,1,-0.8536585365853658,0.0,low,F,0.16666666666666666,0.3339043762653792,1
5578,B,Ship,-0.5,1,0.34146341463414637,2.5,low,M,0.5,0.41862638218346054,1
5579,C,Ship,0.0,5,-0.6585365853658537,2.0,medium,F,-0.6666666666666666,0.1554275035041271,1
5580,F,Ship,0.5,5,-0.9146341463414634,1.0,medium,F,-0.6666666666666666,0.08845974147329076,1
5581,D,Ship,-0.5,1,0.08536585365853659,1.0,medium,F,0.16666666666666666,0.567512848465971,0
5582,F,Ship,0.5,5,0.6341463414634146,-1.0,medium,M,0.0,0.4868400560660333,1
5583,A,Ship,0.5,4,-0.9024390243902439,1.0,low,F,0.5,0.11805014795203239,0
5584,B,Ship,0.0,4,-0.975609756097561,-1.0,low,M,-1.0,0.33016664071016977,1
5585,C,Ship,-0.5,3,0.5609756097560976,-1.0,low,M,0.0,0.4949384831023205,0
5586,F,Ship,0.5,4,0.573170731707317,2.5,medium,F,-0.5,0.3737735555209469,0
5587,D,Ship,0.5,2,0.7317073170731707,1.0,medium,F,0.0,0.24295281108861547,0
5588,F,Ship,0.0,5,0.5975609756097561,0.0,medium,M,-0.6666666666666666,-0.04018065721850179,0
5589,A,Ship,0.0,4,-0.3048780487804878,1.0,medium,F,0.3333333333333333,0.5260862793957327,1
5590,B,Ship,0.0,5,0.524390243902439,-1.0,low,M,-0.6666666666666666,0.3877900638529824,0
5591,C,Road,0.5,5,-0.23170731707317074,1.0,medium,M,-1.0,0.10372216165706276,0
5592,F,Road,-1.0,3,-0.15853658536585366,0.0,medium,M,-0.3333333333333333,0.4933810932876499,1
5593,D,Road,0.0,4,0.6097560975609756,1.0,medium,M,0.3333333333333333,0.32300264756268493,0
5594,F,Road,-0.5,2,-0.4146341463414634,-1.0,high,M,0.5,-0.0389347453667653,0
5595,A,Road,-0.5,1,0.07317073170731707,0.0,low,F,-0.16666666666666666,0.4432331412552562,1
5596,B,Road,0.5,1,-1.2317073170731707,0.0,medium,F,-0.16666666666666666,0.4236100295904065,1
5597,C,Road,0.0,2,-0.5609756097560976,-1.0,high,F,0.3333333333333333,0.4781186731038779,0
5598,F,Road,0.5,2,0.45121951219512196,0.0,low,M,0.3333333333333333,0.04641021647718424,1
5599,D,Road,0.0,2,0.3780487804878049,0.0,medium,F,-0.8333333333333334,0.21367388257280798,1
5600,F,Road,0.0,4,-0.6097560975609756,1.0,medium,F,-1.0,0.06727923999377045,1
5601,A,Road,-0.5,1,0.21951219512195122,-1.0,medium,M,-0.5,0.5161189845818408,1
5602,B,Road,0.0,3,-0.926829268292683,0.0,high,M,-0.8333333333333334,0.376576857187354,0
5603,C,Road,0.0,2,0.23170731707317074,0.0,low,F,-0.6666666666666666,0.4955614390281888,1
5604,F,Road,0.0,4,-0.7804878048780488,-1.0,medium,F,-1.0,0.1750506151689768,1
5605,D,Road,-0.5,5,0.47560975609756095,-1.0,medium,M,0.0,0.5285781030992057,0
5606,F,Road,0.0,4,-0.4268292682926829,0.0,medium,M,-0.3333333333333333,-0.027410060738202773,1
5607,A,Road,0.5,2,-0.9634146341463414,-1.0,medium,M,-0.5,0.39121632144525775,0
5608,B,Road,-0.5,1,-0.5853658536585366,-1.0,medium,F,0.3333333333333333,0.5307584488397445,1
5609,C,Road,-0.5,4,-0.21951219512195122,-1.0,medium,F,-0.3333333333333333,0.06011524684628562,1
5610,F,Road,0.0,4,0.2926829268292683,-1.0,low,F,-0.5,0.058557857031615014,1
5611,D,Road,-1.0,2,-0.6707317073170732,2.5,low,F,-0.16666666666666666,-0.03270518610808285,0
5612,F,Road,-0.5,5,0.14634146341463414,-1.0,medium,M,-0.6666666666666666,0.018377199813113223,1
5613,A,Flight,0.5,1,-0.3902439024390244,2.0,high,F,-0.16666666666666666,0.3890359757047189,0
5614,B,Flight,0.5,5,-0.5,0.0,low,M,-0.5,0.3476094066344806,1
5615,C,Flight,-0.5,2,0.524390243902439,2.0,low,M,-0.3333333333333333,-0.0059180812957483255,1
5616,F,Flight,-1.0,3,0.10975609756097561,0.0,low,F,0.3333333333333333,0.4684628562529201,0
5617,D,Flight,0.0,2,-0.24390243902439024,0.0,low,F,-0.6666666666666666,0.3192649120074755,0
5618,F,Flight,0.5,4,0.8170731707317073,0.0,low,F,0.5,0.4753153714374708,0
5619,A,Flight,0.5,4,0.2682926829268293,0.0,medium,F,-1.0,0.4865285781030992,0
5620,B,Flight,-0.5,5,-0.5975609756097561,1.0,low,M,-0.16666666666666666,0.20121476405544308,1
5621,C,Flight,0.0,2,-0.17073170731707318,-1.0,low,F,0.16666666666666666,0.022737891294190935,0
5622,F,Flight,-0.5,3,-0.5609756097560976,1.0,low,F,-0.8333333333333334,0.12209936147017598,1
5623,D,Flight,0.0,3,0.6341463414634146,2.5,medium,F,-0.3333333333333333,0.33016664071016977,0
5624,F,Flight,-1.0,1,0.14634146341463414,-1.0,medium,F,-1.0,0.4444790531069927,0
5625,A,Flight,0.5,3,-0.8658536585365854,-1.0,medium,M,-0.3333333333333333,0.45569225977262107,1
5626,B,Flight,0.0,2,-1.1951219512195121,0.0,low,F,-0.8333333333333334,0.45257748014327986,1
5627,C,Flight,0.0,4,-0.9146341463414634,-1.0,high,F,0.3333333333333333,0.09250895499143436,1
5628,F,Flight,0.0,3,0.4146341463414634,-1.0,medium,F,-0.8333333333333334,0.17162435757670144,0
5629,D,Flight,0.5,4,-0.9634146341463414,-1.0,low,M,-0.3333333333333333,0.5248403675439962,0
5630,F,Flight,0.0,4,0.6219512195121951,-1.0,medium,F,0.3333333333333333,-0.013393552406167264,0
5631,A,Flight,0.5,5,-0.47560975609756095,2.5,medium,F,-0.8333333333333334,0.2635103566422676,1
5632,B,Flight,1.0,2,0.5121951219512195,0.0,medium,M,-1.0,0.08908269739915901,1
5633,C,Flight,0.5,4,0.036585365853658534,-1.0,medium,F,-0.6666666666666666,0.5531848621710014,0
5634,F,Flight,0.0,4,-0.13414634146341464,0.0,medium,M,0.16666666666666666,0.09157452110263199,0
5635,D,Ship,-0.5,4,-0.8414634146341463,-1.0,high,F,-0.3333333333333333,0.42485594144214295,0
5636,F,Ship,-0.5,2,0.6585365853658537,0.0,low,M,0.3333333333333333,0.02055754555365208,0
5637,A,Ship,0.0,5,-0.0975609756097561,-1.0,medium,F,0.5,0.08970565332502725,0
5638,B,Ship,-0.5,2,0.012195121951219513,0.0,medium,F,0.5,0.015262420183771998,1
5639,C,Ship,0.0,1,-0.45121951219512196,0.0,medium,F,-0.3333333333333333,0.07257436536365053,0
5640,F,Ship,-0.5,3,-0.3780487804878049,0.0,low,F,-0.6666666666666666,0.43264289051549604,0
5641,D,Ship,0.0,2,0.15853658536585366,2.0,medium,M,-0.16666666666666666,0.1460831646161034,0
5642,F,Ship,0.0,1,-0.06097560975609756,1.0,medium,F,-1.0,0.28282199034418315,0
5643,A,Ship,0.0,4,-0.25609756097560976,0.0,low,M,-0.3333333333333333,0.2931007631210092,1
5644,B,Ship,0.0,4,-0.8536585365853658,-1.0,low,M,-0.3333333333333333,0.07195140943778228,1
5645,C,Ship,0.0,2,-0.2682926829268293,0.0,low,F,-0.6666666666666666,-0.0059180812957483255,1
5646,F,Ship,-1.0,3,0.4024390243902439,1.0,low,M,-0.3333333333333333,0.49088926958417695,0
5647,D,Ship,-0.5,4,-0.18292682926829268,1.0,medium,F,-0.16666666666666666,0.3295436847843015,0
5648,F,Ship,1.0,5,0.7195121951219512,2.0,medium,M,0.5,0.5005450864351347,1
5649,A,Ship,-0.5,3,0.21951219512195122,1.0,low,F,-0.5,0.1597881949852048,1
5650,B,Ship,-0.5,5,0.0,0.0,low,F,-0.16666666666666666,0.3644292166329232,0
5651,C,Ship,0.5,1,-0.7073170731707317,-1.0,low,M,0.5,0.2918548512692727,0
5652,F,Ship,0.0,3,-0.17073170731707318,0.0,medium,M,-0.3333333333333333,0.2987073664538234,0
5653,D,Ship,-0.5,5,-0.21951219512195122,0.0,medium,F,0.3333333333333333,0.18439495405700046,1
5654,F,Ship,0.5,3,-0.3048780487804878,0.0,medium,F,0.0,0.5235944556922598,1
5655,A,Ship,0.5,2,0.6341463414634146,-1.0,low,M,-0.6666666666666666,-0.037065877589160565,0
5656,B,Ship,0.0,4,-0.1951219512195122,-1.0,medium,M,-0.8333333333333334,0.49088926958417695,1
5657,C,Ship,0.0,5,-0.8536585365853658,-1.0,low,M,-0.8333333333333334,0.2582152312723875,0
5658,F,Ship,0.0,4,0.036585365853658534,2.0,medium,M,-0.16666666666666666,0.5425946114312412,1
5659,D,Ship,0.5,1,-0.5487804878048781,1.0,medium,M,-0.5,0.12209936147017598,0
5660,F,Ship,-0.5,1,-0.7439024390243902,1.0,medium,F,-1.0,0.14296838498676218,0
5661,A,Ship,0.0,4,-0.7560975609756098,-1.0,medium,F,-0.3333333333333333,0.36598660644759384,0
5662,B,Ship,0.5,5,0.3780487804878049,2.0,medium,F,-0.5,0.1488864662825105,0
5663,C,Ship,0.0,2,0.2804878048780488,0.0,low,M,-0.8333333333333334,0.3513471421896901,0
5664,F,Ship,0.0,2,0.6341463414634146,-1.0,low,F,0.16666666666666666,0.4257903753309453,0
5665,D,Ship,0.0,5,0.024390243902439025,1.0,medium,F,-1.0,0.09624669054664382,1
5666,F,Ship,-0.5,4,-0.34146341463414637,0.0,medium,F,-0.5,0.4211182058869335,1
5667,A,Ship,0.5,3,0.8048780487804879,1.0,medium,F,-0.5,0.3248715153402897,0
5668,B,Ship,0.0,5,0.18292682926829268,-1.0,medium,F,-1.0,0.22426413331256814,0
5669,C,Ship,-0.5,2,0.13414634146341464,0.0,low,M,-0.6666666666666666,0.4298395888490889,0
5670,F,Ship,-0.5,5,-0.7926829268292683,0.0,low,F,0.0,0.06478741629029747,0
5671,D,Ship,0.5,5,-0.17073170731707318,0.0,low,M,-0.16666666666666666,0.07849244665939885,1
5672,F,Ship,0.0,2,0.3902439024390244,0.0,low,F,-1.0,0.518922286248248,1
5673,A,Ship,-0.5,4,-0.7804878048780488,-1.0,low,M,-1.0,0.18470643201993459,0
5674,B,Ship,-0.5,1,-0.47560975609756095,0.0,medium,F,0.3333333333333333,0.5133156829154337,0
5675,C,Ship,-0.5,5,-0.8902439024390244,0.0,medium,M,0.5,0.5064631677308831,0
5676,F,Ship,-0.5,4,-1.3658536585365855,0.0,medium,M,0.3333333333333333,-0.011836162591496651,0
5677,D,Ship,-0.5,1,-0.06097560975609756,0.0,low,F,0.16666666666666666,0.06790219591963868,0
5678,F,Ship,0.0,4,0.8902439024390244,2.5,medium,M,-0.16666666666666666,0.35290453200436067,0
5679,A,Ship,-0.5,5,-0.024390243902439025,-1.0,low,F,-0.6666666666666666,0.5021024762498053,1
5680,B,Ship,-0.5,4,-0.10975609756097561,0.0,high,F,-1.0,0.391839277371126,0
5681,C,Ship,-0.5,1,-0.4146341463414634,-1.0,high,M,0.5,0.015885376109640244,0
5682,F,Ship,0.5,4,0.18292682926829268,0.0,low,M,-1.0,0.47064320199345894,0
5683,D,Ship,-1.0,2,-0.3902439024390244,0.0,high,M,-0.16666666666666666,-0.011524684628562529,1
5684,F,Ship,0.0,1,-0.3780487804878049,0.0,medium,F,-0.5,0.19934589627783833,0
5685,A,Ship,-0.5,1,-0.024390243902439025,0.0,medium,M,0.5,0.5014795203239371,0
5686,B,Ship,0.0,3,0.25609756097560976,2.5,medium,M,-0.8333333333333334,0.1681980999844261,0
5687,C,Ship,0.5,5,-0.04878048780487805,1.0,medium,M,0.3333333333333333,0.2902974614546021,1
5688,F,Ship,0.5,2,-1.2560975609756098,1.0,medium,F,0.0,0.08565643980688366,0
5689,D,Ship,0.5,1,0.6829268292682927,1.0,medium,F,0.0,0.3114779629341224,0
5690,F,Ship,0.0,4,-0.9634146341463414,-1.0,low,M,-0.5,0.16664071016975548,0
5691,A,Ship,-0.5,5,-0.8658536585365854,0.0,low,F,0.5,0.27160878367855473,0
5692,B,Ship,0.0,1,0.024390243902439025,-1.0,low,F,-0.3333333333333333,0.2834449462700514,0
5693,C,Ship,0.5,1,-0.9512195121951219,0.0,low,M,0.5,0.3610029590406479,0
5694,F,Ship,-0.5,3,-0.8414634146341463,0.0,low,F,0.5,0.48185640865908735,0
5695,D,Ship,0.5,3,-0.8780487804878049,1.0,medium,F,-0.5,0.30119919015729635,1
5696,F,Ship,0.0,2,-0.47560975609756095,0.0,medium,M,0.0,0.22582152312723874,1
5697,A,Ship,-0.5,1,-0.3780487804878049,-1.0,low,M,-0.3333333333333333,0.36754399626226447,1
5698,B,Ship,-0.5,1,-0.2804878048780488,2.0,medium,M,-0.8333333333333334,0.2513627160878368,1
5699,C,Ship,-0.5,4,0.4024390243902439,0.0,low,F,0.3333333333333333,0.0024918237034729793,0
5700,F,Ship,-0.5,1,-0.5365853658536586,-1.0,low,F,-0.8333333333333334,0.4712661579193272,1
5701,D,Ship,-0.5,2,0.7439024390243902,-1.0,low,F,-0.3333333333333333,0.3874785858900483,1
5702,F,Ship,0.0,4,-0.8170731707317073,1.0,low,F,0.16666666666666666,0.5397913097648341,0
5703,A,Ship,0.0,4,-0.3170731707317073,0.0,low,M,-0.16666666666666666,0.00778694907335306,1
5704,B,Ship,0.5,5,0.4146341463414634,-1.0,low,M,-0.5,0.44790531069926803,0
5705,C,Ship,-0.5,1,0.3780487804878049,-1.0,low,F,0.16666666666666666,0.13860769350568447,1
5706,F,Ship,0.0,5,-0.6097560975609756,0.0,high,M,-0.6666666666666666,0.09500077869490733,0
5707,D,Ship,0.0,2,0.5609756097560976,0.0,medium,F,-0.6666666666666666,0.15947671702227068,1
5708,F,Ship,0.0,4,-0.7926829268292683,-1.0,medium,F,0.3333333333333333,0.14203395109795983,0
5709,A,Ship,-0.5,2,-0.4878048780487805,0.0,low,M,-0.6666666666666666,-0.005295125369880081,0
5710,B,Ship,0.0,5,0.34146341463414637,-1.0,low,F,-1.0,0.47749571717800965,1
5711,C,Ship,0.0,1,-0.975609756097561,0.0,medium,M,0.0,0.24419872294035197,1
5712,F,Ship,0.0,5,-0.3048780487804878,0.0,medium,F,-0.6666666666666666,0.3251829933032238,0
5713,D,Ship,1.0,5,0.5975609756097561,2.5,high,M,0.0,0.3323469864507086,1
5714,F,Ship,0.5,2,0.8048780487804879,0.0,high,F,0.16666666666666666,0.5323158386544152,1
5715,A,Ship,0.0,2,0.5365853658536586,2.5,medium,M,-0.6666666666666666,0.12116492758137362,1
5716,B,Ship,0.0,4,-0.4268292682926829,0.0,high,F,-1.0,0.3404454134869958,1
5717,C,Ship,0.5,1,0.43902439024390244,1.0,medium,M,0.5,0.36038000311477963,1
5718,F,Ship,0.0,4,-0.024390243902439025,-1.0,medium,M,-0.3333333333333333,0.1946737268338265,1
5719,D,Ship,0.0,3,0.2682926829268293,0.0,low,M,-0.5,0.03363961999688522,1
5720,F,Ship,-0.5,1,0.3048780487804878,2.5,high,M,-0.16666666666666666,0.272231739604423,1
5721,A,Ship,1.0,3,1.1097560975609757,1.0,low,M,-0.6666666666666666,-0.8948761875097336,0
5722,B,Ship,1.0,3,1.1585365853658536,1.0,low,M,-0.3333333333333333,-0.7590717956704564,0
5723,C,Ship,1.0,3,0.6341463414634146,1.0,medium,M,0.16666666666666666,-0.6746612677153091,1
5724,F,Ship,0.0,5,0.23170731707317074,1.0,low,F,-0.16666666666666666,-0.8266625136271609,0
5725,D,Ship,0.5,5,0.8902439024390244,1.0,low,M,-0.5,-0.8223018221460832,1
5726,F,Ship,1.0,2,0.6585365853658537,1.0,low,F,0.0,-0.8954991434356019,0
5727,A,Ship,1.0,4,0.926829268292683,1.0,medium,M,0.5,-0.8668431708456626,0
5728,B,Road,1.5,5,0.9390243902439024,1.0,high,M,-0.16666666666666666,-0.938794580283445,0
5729,C,Road,0.5,5,0.15853658536585366,2.0,medium,F,-0.6666666666666666,-0.7668587447438093,0
5730,F,Road,0.0,5,-0.47560975609756095,0.0,medium,F,-0.3333333333333333,0.014016508332035509,0
5731,D,Road,-0.5,3,-0.3780487804878049,-1.0,low,M,-0.16666666666666666,0.26973991590095003,0
5732,F,Road,-0.5,4,-0.2804878048780488,2.0,medium,F,-0.5,0.029278928515807507,1
5733,A,Road,-0.5,4,0.4024390243902439,0.0,low,M,0.5,0.49836474069459585,1
5734,B,Road,-0.5,2,-0.5365853658536586,-1.0,low,M,-0.8333333333333334,0.020246067590717957,1
5735,C,Road,-0.5,5,0.7439024390243902,-1.0,low,F,0.0,0.14639464257903753,0
5736,F,Road,0.0,3,-0.8170731707317073,1.0,low,F,0.0,0.22301822146083164,0
5737,D,Road,0.0,5,-0.3170731707317073,0.0,low,M,-0.5,0.1504438560971811,0
5738,F,Road,0.5,1,0.4146341463414634,-1.0,low,F,-0.16666666666666666,0.35259305404142655,0
5739,A,Road,-0.5,3,0.3780487804878049,-1.0,low,F,-0.5,0.17754243887244978,1
5740,B,Road,0.0,5,-0.6097560975609756,0.0,high,M,0.0,0.15823080517053417,0
5741,C,Road,0.0,1,0.5609756097560976,0.0,medium,M,0.3333333333333333,0.5410372216165706,1
5742,F,Road,0.0,2,-0.7926829268292683,-1.0,medium,M,0.16666666666666666,0.4083476094066345,1
5743,D,Road,-0.5,1,-0.4878048780487805,0.0,low,M,0.0,0.05263977573586669,1
5744,F,Road,0.0,1,0.34146341463414637,-1.0,low,F,-0.8333333333333334,0.5220370658775891,0
5745,A,Road,0.0,5,-0.975609756097561,0.0,medium,F,-0.5,0.39682292477807196,0
5746,B,Road,0.0,3,-0.3048780487804878,0.0,medium,F,-0.5,0.08129574832580595,0
5747,C,Road,1.0,5,0.5975609756097561,2.5,high,M,0.3333333333333333,0.5737424077246535,1
5748,F,Road,0.5,3,0.8048780487804879,0.0,high,M,-0.8333333333333334,0.3501012303379536,0
5749,D,Road,0.0,4,0.5365853658536586,2.5,medium,M,0.16666666666666666,0.2865597258993926,0
5750,F,Flight,0.0,1,-0.4268292682926829,0.0,high,M,-0.3333333333333333,-0.006229559258682448,0
5751,A,Flight,0.5,4,0.43902439024390244,1.0,medium,M,-0.5,0.11898458184083475,0
5752,B,Flight,0.0,1,-0.024390243902439025,-1.0,medium,F,0.0,0.53418470643202,0
5753,C,Flight,0.0,4,0.2682926829268293,0.0,low,M,0.5,0.06167263666095624,1
5754,F,Flight,-0.5,4,0.3048780487804878,2.5,high,M,-0.5,0.013393552406167264,0
5755,D,Flight,1.0,4,1.1097560975609757,1.0,low,F,0.0,-0.9272698956548824,1
5756,F,Flight,1.0,1,1.1585365853658536,1.0,low,F,-0.16666666666666666,-0.7111041893786014,1
5757,A,Flight,1.0,1,0.6341463414634146,1.0,medium,F,-0.8333333333333334,-0.7123501012303379,1
5758,B,Flight,0.0,2,0.23170731707317074,1.0,low,M,0.0,-0.7126615791932721,0
5759,C,Flight,0.5,1,0.8902439024390244,1.0,low,F,-0.5,-0.8004983647406946,0
5760,F,Flight,1.0,5,0.6585365853658537,1.0,low,F,-0.8333333333333334,-0.8799252452888958,0
5761,D,Flight,1.0,1,0.926829268292683,1.0,medium,M,-0.16666666666666666,-0.8235477339978197,1
5762,F,Flight,1.5,3,0.36585365853658536,2.0,medium,F,0.5,-0.6964647251206977,1
5763,A,Flight,1.0,3,0.3780487804878049,1.0,low,M,-0.8333333333333334,-0.9316305871359601,1
5764,B,Flight,0.5,4,0.06097560975609756,2.0,low,M,-0.3333333333333333,-0.7107927114156674,0
5765,C,Flight,1.0,3,0.524390243902439,1.0,low,F,-0.5,-0.8693349945491357,1
5766,F,Flight,1.0,1,0.43902439024390244,1.0,low,F,-0.8333333333333334,-0.7369568603021336,1
5767,D,Flight,1.0,1,0.4268292682926829,1.0,medium,M,-0.8333333333333334,-0.9219747702850023,1
5768,F,Flight,0.5,4,0.5487804878048781,2.0,low,F,-0.8333333333333334,-0.7855474225198568,1
5769,A,Flight,1.0,4,0.6341463414634146,1.0,low,M,-0.6666666666666666,-0.8241706899236879,1
5770,B,Flight,1.0,5,0.36585365853658536,1.0,medium,F,-0.5,-0.7790063852982402,1
5771,C,Flight,0.0,2,0.3048780487804878,2.5,low,F,0.0,-0.6899236878990811,0
5772,F,Ship,0.0,2,0.6829268292682927,2.0,low,M,-0.16666666666666666,-0.8188755645538078,0
5773,D,Ship,1.0,4,0.6829268292682927,1.0,low,F,0.5,-0.9188599906556612,1
5774,F,Ship,1.0,5,0.524390243902439,1.0,medium,F,-1.0,-0.6827596947515964,1
5775,A,Ship,0.0,2,0.35365853658536583,2.0,medium,F,-0.5,-0.783678554742252,1
5776,B,Ship,0.5,2,0.6097560975609756,2.5,medium,M,0.5,-0.7755801277059649,1
5777,C,Ship,0.5,4,0.12195121951219512,2.5,low,F,-0.16666666666666666,-0.9655816850957795,1
5778,F,Ship,1.0,5,1.0975609756097562,1.0,low,M,0.16666666666666666,-0.745678243264289,1
5779,D,Ship,0.0,2,0.35365853658536583,2.0,medium,F,0.16666666666666666,-0.6936614234542906,0
5780,F,Ship,1.0,3,0.7073170731707317,1.0,low,M,-0.3333333333333333,-0.870269428437938,1
5781,A,Ship,0.5,4,0.6707317073170732,2.0,low,F,-0.5,-0.8135804391839278,1
5782,B,Ship,1.5,3,0.6463414634146342,1.0,low,M,0.0,-0.8612365675128485,0
5783,C,Ship,1.0,1,0.45121951219512196,1.0,low,M,-0.8333333333333334,-0.7693505684472823,0
5784,F,Ship,0.0,3,0.4268292682926829,2.0,low,F,-0.6666666666666666,-0.977106369724342,1
5785,D,Ship,1.5,2,0.8536585365853658,1.0,low,F,-0.16666666666666666,-0.8095312256657842,1
5786,F,Ship,0.0,1,0.4878048780487805,2.0,medium,F,-0.6666666666666666,-0.7067434978975238,1
5787,A,Ship,1.0,5,0.6707317073170732,1.0,low,M,-0.3333333333333333,-0.8986139230649431,1
5788,B,Ship,1.5,5,0.6219512195121951,1.0,low,F,0.3333333333333333,-0.8584332658464414,0
5789,C,Ship,0.5,3,0.07317073170731707,2.5,medium,F,-0.16666666666666666,-0.7223173960442298,1
5790,F,Ship,0.0,4,0.036585365853658534,2.0,medium,F,-0.5,-0.8241706899236879,0
5791,D,Ship,1.5,4,0.8658536585365854,1.0,medium,F,-0.8333333333333334,-0.9755489799096714,1
5792,F,Ship,0.5,1,0.6219512195121951,2.0,medium,F,-0.6666666666666666,-0.8207444323314126,1
5793,A,Ship,0.5,1,0.3170731707317073,2.0,medium,M,-1.0,-0.918548512692727,0
5794,B,Ship,0.5,5,0.4024390243902439,0.0,low,M,-1.0,0.33546176608004985,0
5795,C,Ship,0.5,4,-0.4268292682926829,2.5,medium,F,0.16666666666666666,0.14514873072730106,1
5796,F,Ship,0.0,5,-0.8780487804878049,-1.0,medium,F,0.3333333333333333,0.3974458807039402,1
5797,D,Ship,0.0,3,-0.08536585365853659,2.0,high,F,-0.16666666666666666,-0.0012459118517364897,0
5798,F,Ship,-0.5,1,-0.3780487804878049,0.0,medium,M,0.0,0.5295125369880082,1
5799,A,Ship,0.0,3,-0.573170731707317,-1.0,medium,F,-0.8333333333333334,0.43451175829310074,0
5800,B,Ship,0.0,3,-0.47560975609756095,0.0,low,F,-0.8333333333333334,0.32985516274723564,0
5801,C,Ship,-0.5,5,-0.3780487804878049,-1.0,low,M,0.16666666666666666,0.5394798318019001,1
5802,F,Ship,1.0,5,-0.4634146341463415,0.0,low,F,0.5,0.36069148107771376,0
5803,D,Ship,-0.5,4,-0.32926829268292684,0.0,low,M,0.0,0.3949540570004672,0
5804,F,Ship,0.0,5,-0.8658536585365854,0.0,medium,F,0.16666666666666666,-0.002180345740538857,1
5805,A,Ship,0.0,3,-0.9512195121951219,0.0,low,F,0.0,0.5690702382806416,0
5806,B,Ship,-0.5,3,-0.43902439024390244,0.0,low,M,-0.6666666666666666,0.3884130197788506,1
5807,C,Ship,0.0,4,-0.07317073170731707,-1.0,medium,F,-0.16666666666666666,0.25977262108705806,1
5808,F,Ship,0.0,1,-0.524390243902439,-1.0,medium,M,-1.0,0.4628562529201059,0
5809,D,Ship,-1.0,1,-0.2073170731707317,1.0,low,M,-0.3333333333333333,0.14483725276436693,0
5810,F,Ship,0.5,1,-0.4268292682926829,0.0,low,F,0.0,0.5186108082853138,0
5811,A,Ship,1.0,4,-0.2073170731707317,2.0,medium,M,-0.5,0.541971655505373,1
5812,B,Ship,0.5,4,0.8658536585365854,-1.0,low,M,-0.8333333333333334,0.11088615480454758,1
5813,C,Ship,1.0,1,-0.8902439024390244,2.0,low,F,0.3333333333333333,0.300264756268494,0
5814,F,Ship,0.0,5,0.7317073170731707,0.0,medium,M,-0.3333333333333333,0.19436224887089237,0
5815,D,Ship,0.5,2,0.8902439024390244,0.0,medium,F,-0.6666666666666666,0.2348543840523283,1
5816,F,Ship,0.5,3,0.04878048780487805,0.0,medium,F,-0.5,0.015262420183771998,1
5817,A,Ship,-0.5,1,-0.012195121951219513,0.0,high,F,-0.16666666666666666,0.43170845662669366,0
5818,B,Ship,-1.0,1,-0.08536585365853659,1.0,low,M,-1.0,0.496184394954057,0
5819,C,Ship,0.5,5,0.7195121951219512,1.0,low,M,0.0,-0.026475626849400406,1
5820,F,Ship,-0.5,3,-0.35365853658536583,0.0,low,M,-0.16666666666666666,0.57498831957639,1
5821,D,Ship,-0.5,1,-0.2682926829268293,0.0,low,F,-0.5,0.3208223018221461,0
5822,F,Ship,0.0,4,0.7560975609756098,-1.0,medium,F,-0.6666666666666666,0.04890204018065722,1
5823,A,Ship,0.5,2,0.18292682926829268,-1.0,medium,M,-1.0,0.4905777916212428,0
5824,B,Ship,-0.5,5,0.4146341463414634,-1.0,high,M,-0.6666666666666666,0.3544619218190313,1
5825,C,Ship,-0.5,4,0.6463414634146342,0.0,high,F,-0.8333333333333334,0.32860925089549914,1
5826,F,Ship,0.0,4,0.7073170731707317,0.0,low,M,0.3333333333333333,0.40772465348076625,0
5827,D,Ship,-0.5,3,-0.7439024390243902,0.0,low,M,0.16666666666666666,0.4167575144058558,0
5828,F,Ship,0.0,2,0.3902439024390244,1.0,medium,M,0.0,0.282510512381249,1
5829,A,Ship,-0.5,3,0.573170731707317,1.0,low,F,0.3333333333333333,0.11836162591496652,1
5830,B,Ship,0.0,5,-0.08536585365853659,-1.0,low,F,-0.6666666666666666,0.3491667964491512,1
5831,C,Ship,-0.5,1,-0.9878048780487805,0.0,medium,M,0.16666666666666666,0.15106681202304936,0
5832,F,Ship,-0.5,5,0.6707317073170732,2.0,low,M,-0.16666666666666666,0.5553652079115402,1
5833,D,Ship,0.0,3,0.45121951219512196,0.0,high,M,0.16666666666666666,0.5721850179099829,1
5834,F,Ship,0.0,2,0.4634146341463415,1.0,low,F,-0.6666666666666666,0.2513627160878368,1
5835,A,Ship,-0.5,5,-0.9634146341463414,-1.0,low,F,-0.5,0.35072418626382185,1
5836,B,Ship,0.0,3,0.7195121951219512,1.0,medium,F,-1.0,0.13580439183927737,0
5837,C,Ship,0.0,2,-0.5609756097560976,0.0,low,M,-0.6666666666666666,0.1569848933187977,1
5838,F,Ship,-1.0,4,0.23170731707317074,-1.0,medium,F,-0.16666666666666666,0.18969007942688054,0
5839,D,Ship,-0.5,2,-0.9878048780487805,-1.0,low,F,-0.6666666666666666,0.16446036442921663,1
5840,F,Ship,-0.5,5,-0.8170731707317073,1.0,high,M,0.5,0.3161501323781343,1
5841,A,Ship,0.5,2,0.4268292682926829,2.5,low,M,0.16666666666666666,0.46223329699423765,0
5842,B,Ship,1.0,3,0.5487804878048781,1.0,low,F,-0.6666666666666666,-0.009967294813891917,1
5843,C,Ship,0.0,2,-0.24390243902439024,0.0,low,F,0.5,0.3183304781186731,1
5844,F,Ship,0.0,5,-0.975609756097561,2.5,medium,M,0.0,0.2280018688677776,1
5845,D,Ship,-0.5,4,-1.4146341463414633,0.0,low,M,-0.3333333333333333,0.08814826351035664,0
5846,F,Ship,0.5,1,-0.926829268292683,0.0,low,M,0.5,0.45569225977262107,1
5847,A,Ship,0.5,5,-0.25609756097560976,2.0,high,F,-0.5,0.2921663292322068,1
5848,B,Ship,0.5,5,-0.36585365853658536,0.0,medium,M,0.0,0.18470643201993459,0
5849,C,Ship,0.0,4,-0.5121951219512195,0.0,medium,M,0.0,0.2955925868244822,0
5850,F,Ship,0.0,3,0.4146341463414634,-1.0,medium,M,-0.8333333333333334,0.17193583553963557,1
5851,D,Ship,-1.0,4,-1.2195121951219512,2.0,high,F,-0.3333333333333333,0.36910138607693505,1
5852,F,Ship,0.0,5,-0.15853658536585366,-1.0,high,F,-0.8333333333333334,0.15823080517053417,0
5853,A,Ship,-0.5,4,-0.0975609756097561,1.0,medium,M,-0.8333333333333334,0.0694595857343093,0
5854,B,Ship,1.0,1,-0.35365853658536583,1.0,high,F,0.5,0.34418314904220526,1
5855,C,Ship,0.5,2,0.7073170731707317,0.0,high,M,-0.3333333333333333,0.25634636349478274,0
5856,F,Ship,0.0,3,0.6341463414634146,-1.0,medium,M,-0.16666666666666666,0.04267248092197477,1
5857,D,Ship,-0.5,4,-0.13414634146341464,-1.0,low,M,0.3333333333333333,0.49400404921351815,0
5858,F,Ship,0.0,3,0.04878048780487805,2.0,low,M,-0.8333333333333334,0.2099361470175985,1
5859,A,Ship,-1.0,5,0.7926829268292683,0.0,low,F,0.16666666666666666,0.1504438560971811,0
5860,B,Ship,0.0,4,-0.6707317073170732,-1.0,low,M,-0.5,0.1554275035041271,1
5861,C,Ship,0.5,3,-0.926829268292683,0.0,low,F,-0.3333333333333333,0.4790531069926803,1
5862,F,Ship,-0.5,2,0.12195121951219512,0.0,low,F,0.0,0.5441520012459119,0
5863,D,Ship,-0.5,3,0.6707317073170732,0.0,low,M,-0.5,0.04983647406945958,0
5864,F,Ship,0.5,3,-1.1341463414634145,-1.0,medium,F,-0.5,0.3370191558947204,1
5865,A,Road,0.0,3,-0.975609756097561,-1.0,low,F,-0.8333333333333334,0.11618128017442766,0
5866,B,Road,0.0,5,0.5487804878048781,0.0,medium,M,-0.5,0.3722161657062763,1
5867,C,Road,0.0,4,-0.0975609756097561,-1.0,high,M,0.16666666666666666,-0.017442765924310856,1
5868,F,Road,-0.5,1,-0.06097560975609756,-1.0,low,M,-0.16666666666666666,0.483413798473758,1
5869,D,Road,-0.5,3,-0.8414634146341463,0.0,medium,M,-1.0,0.48590562217723093,0
5870,F,Road,0.5,2,-0.6097560975609756,-1.0,medium,M,0.16666666666666666,0.48839744588070394,0
5871,A,Road,-0.5,1,-0.9878048780487805,0.0,medium,M,-0.16666666666666666,0.40959352125837095,1
5872,B,Road,-0.5,2,-0.43902439024390244,0.0,low,F,-0.3333333333333333,0.47874162902974615,0
5873,C,Road,0.0,3,-0.47560975609756095,-1.0,low,M,-0.6666666666666666,0.015885376109640244,0
5874,F,Road,-1.0,4,0.34146341463414637,0.0,medium,M,0.16666666666666666,0.23329699423765768,0
5875,D,Road,0.0,2,-0.14634146341463414,0.0,low,M,0.16666666666666666,0.13268961220993614,1
5876,F,Road,0.0,3,-0.4634146341463415,-1.0,low,F,-0.16666666666666666,0.3114779629341224,1
5877,A,Road,0.0,3,-0.13414634146341464,1.0,low,F,-1.0,0.3504127083008877,0
5878,B,Road,0.0,3,-0.08536585365853659,1.0,low,M,-0.3333333333333333,0.26755957016041115,1
5879,C,Road,0.0,2,0.6585365853658537,0.0,medium,M,-1.0,0.24232985516274724,0
5880,F,Road,-0.5,3,0.36585365853658536,0.0,low,M,-0.16666666666666666,0.2990188444167575,0
5881,D,Road,-0.5,5,-0.975609756097561,0.0,low,F,0.5,0.1694440118361626,0
5882,F,Road,-0.5,4,-0.8658536585365854,0.0,low,F,-1.0,0.07568914499299174,1
5883,A,Road,-0.5,5,0.3902439024390244,0.0,low,F,-0.8333333333333334,0.43824949384831025,1
5884,B,Road,-0.5,2,-0.6951219512195121,-1.0,low,F,0.0,0.3360847220059181,0
5885,C,Road,-0.5,3,-0.5487804878048781,0.0,low,M,0.5,0.3108550070082542,0
5886,F,Road,0.0,5,0.2073170731707317,0.0,low,F,-0.16666666666666666,0.09344338888023672,1
5887,D,Flight,-0.5,3,0.5853658536585366,2.0,medium,F,-1.0,0.27846129886310544,0
5888,F,Flight,-0.5,2,0.15853658536585366,-1.0,medium,M,0.5,0.04391839277371126,0
5889,A,Flight,0.5,2,-0.6341463414634146,1.0,medium,M,0.0,0.4136427347765146,1
5890,B,Flight,0.5,5,-0.8048780487804879,-1.0,medium,M,-0.5,0.20650988942532317,0
5891,C,Flight,-0.5,4,-0.926829268292683,-1.0,medium,F,0.16666666666666666,0.21429683849867623,0
5892,F,Flight,-0.5,3,0.5,-1.0,medium,F,-0.6666666666666666,0.21024762498053262,0
5893,D,Flight,-0.5,5,0.04878048780487805,0.0,low,M,-0.8333333333333334,0.5270207132845351,0
5894,F,Flight,0.0,1,0.5609756097560976,1.0,low,M,-0.8333333333333334,-0.0180657218501791,1
5895,A,Flight,0.0,3,-0.8780487804878049,-1.0,low,F,-0.3333333333333333,0.4214296838498676,1
5896,B,Flight,0.0,5,0.524390243902439,0.0,medium,M,-0.3333333333333333,0.009655816850957795,0
5897,C,Flight,0.0,2,0.4634146341463415,0.0,low,F,-1.0,0.008409904999221306,0
5898,F,Flight,0.5,4,-0.7682926829268293,2.0,low,F,-1.0,-0.008409904999221306,0
5899,D,Flight,0.0,3,-0.2926829268292683,2.0,low,F,0.16666666666666666,0.18283756424232986,0
5900,F,Flight,0.0,5,-0.9390243902439024,-1.0,low,M,0.0,-0.025229714997663914,0
5901,A,Flight,0.0,4,-0.6097560975609756,-1.0,low,M,0.0,0.407101697554898,0
5902,B,Flight,-0.5,5,0.6951219512195121,0.0,low,F,0.3333333333333333,0.36723251829933035,0
5903,C,Flight,-0.5,5,-0.6341463414634146,-1.0,high,M,-1.0,0.1320666562840679,1
5904,F,Flight,-1.0,4,0.08536585365853659,2.0,medium,M,-0.5,-0.035819965737424075,1
5905,D,Flight,0.5,4,-0.14634146341463414,0.0,low,F,-0.6666666666666666,0.12770596480299018,1
5906,F,Flight,0.0,5,-0.8658536585365854,-1.0,low,M,-1.0,0.5254633234698645,0
5907,A,Flight,-0.5,5,0.4878048780487805,0.0,low,M,-0.16666666666666666,0.17255879146550382,0
5908,B,Flight,0.0,3,-1.4390243902439024,1.0,medium,M,-1.0,0.2600840990499922,1
5909,C,Ship,-0.5,3,-0.18292682926829268,2.0,medium,F,0.5,0.21741161812801743,1
5910,F,Ship,0.0,1,-0.1951219512195122,1.0,low,F,-0.3333333333333333,0.3217567357109484,0
5911,D,Ship,0.0,3,0.524390243902439,0.0,low,F,-0.8333333333333334,0.3267403831178944,1
5912,F,Ship,-0.5,2,-0.7926829268292683,2.0,medium,F,0.3333333333333333,0.05014795203239371,0
5913,A,Ship,0.5,1,-0.25609756097560976,1.0,medium,F,0.5,0.3522815760784924,0
5914,B,Ship,-0.5,5,0.8536585365853658,-1.0,low,M,0.5,0.45787260551315995,0
5915,C,Ship,0.0,5,-0.10975609756097561,1.0,medium,F,-0.3333333333333333,0.34729792867154646,0
5916,F,Ship,0.5,5,-0.35365853658536583,0.0,low,M,-0.3333333333333333,0.11555832424855941,1
5917,D,Ship,0.5,4,0.6585365853658537,0.0,high,F,0.5,0.25105123812490265,0
5918,F,Ship,0.5,1,0.4634146341463415,0.0,medium,M,-0.8333333333333334,0.05918081295748326,0
5919,A,Ship,0.0,3,-0.21951219512195122,-1.0,low,F,-0.3333333333333333,0.4693972901417225,0
5920,B,Ship,-0.5,3,-0.7926829268292683,0.0,low,M,-0.16666666666666666,0.15729637128173182,0
5921,C,Ship,0.5,5,-0.7317073170731707,-1.0,medium,M,-0.6666666666666666,0.16196854072574365,0
5922,F,Ship,0.5,4,0.6463414634146342,-1.0,medium,M,-0.5,-0.02990188444167575,0
5923,D,Ship,-0.5,3,-0.07317073170731707,-1.0,medium,F,-0.3333333333333333,0.47095467995639306,0
5924,F,Ship,0.5,5,0.7439024390243902,0.0,medium,M,0.3333333333333333,0.04298395888490889,1
5925,A,Ship,0.0,2,0.7073170731707317,-1.0,low,F,-1.0,0.5575455536520791,1
5926,B,Ship,1.0,5,0.8048780487804879,0.0,low,M,0.3333333333333333,-0.02336084722005918,1
5927,C,Ship,1.0,3,-0.14634146341463414,0.0,low,F,-0.3333333333333333,0.2432642890515496,0
5928,F,Ship,0.5,2,-0.36585365853658536,0.0,medium,F,0.16666666666666666,0.1345584799875409,0
5929,D,Ship,0.5,2,0.36585365853658536,2.0,medium,F,0.0,0.4254788973680112,0
5930,F,Ship,0.0,4,-0.926829268292683,2.0,low,M,0.5,0.38997040959352125,0
5931,A,Ship,0.0,3,-1.2804878048780488,-1.0,medium,F,-0.5,0.391839277371126,0
5932,B,Ship,-1.0,5,-0.3048780487804878,2.0,low,M,-0.6666666666666666,0.35601931163370193,0
5933,C,Ship,-0.5,2,-0.5365853658536586,0.0,low,M,0.3333333333333333,-0.02491823703472979,0
5934,F,Ship,-0.5,1,-0.3780487804878049,-1.0,medium,F,0.5,0.13985360535742097,0
5935,D,Ship,-0.5,4,0.5975609756097561,2.5,high,M,-0.6666666666666666,0.08721382962155427,0
5936,F,Ship,0.0,1,0.6951219512195121,1.0,low,M,0.3333333333333333,0.5307584488397445,1
5937,A,Ship,1.0,3,-0.14634146341463414,1.0,medium,F,-0.6666666666666666,0.10808285313814048,1
5938,B,Ship,-0.5,3,0.6219512195121951,0.0,medium,F,0.16666666666666666,0.28687120386232673,0
5939,C,Ship,0.0,1,0.07317073170731707,0.0,medium,F,-0.16666666666666666,0.10060738202772154,0
5940,F,Ship,0.0,4,0.7317073170731707,-1.0,low,F,0.0,0.22551004516430462,1
5941,D,Ship,0.0,5,-0.024390243902439025,-1.0,medium,M,0.5,0.12552561906245133,0
5942,F,Ship,0.0,2,0.36585365853658536,0.0,high,M,-1.0,0.4391839277371126,1
5943,A,Ship,0.0,5,0.4634146341463415,0.0,medium,F,-0.5,0.27036287182681823,0
5944,B,Ship,0.5,5,-0.6829268292682927,-1.0,low,M,0.16666666666666666,0.1850179099828687,0
5945,C,Ship,-1.0,5,0.8780487804878049,2.5,medium,F,-0.3333333333333333,0.41769194829465817,0
5946,F,Ship,-0.5,5,-0.6097560975609756,0.0,high,M,0.5,0.15262420183772,1
5947,D,Ship,0.0,3,-0.5365853658536586,2.5,medium,M,-0.16666666666666666,0.26444479053106995,0
5948,F,Ship,0.0,1,0.6707317073170732,-1.0,medium,F,0.16666666666666666,0.2432642890515496,0
5949,A,Ship,0.0,2,0.2926829268292683,-1.0,low,F,-0.8333333333333334,-0.045787260551315996,0
5950,B,Ship,0.0,3,-0.1951219512195122,2.5,medium,F,-1.0,0.3631833047811867,0
5951,C,Ship,0.0,4,-0.36585365853658536,2.5,low,M,0.0,0.3382650677464569,1
5952,F,Ship,0.5,2,0.6219512195121951,0.0,low,M,0.5,0.06167263666095624,1
5953,D,Ship,-0.5,2,-0.12195121951219512,2.5,medium,F,0.5,0.11991901572963713,0
5954,F,Ship,0.5,1,0.23170731707317074,2.5,medium,F,-0.3333333333333333,0.5014795203239371,1
5955,A,Ship,0.0,5,-0.975609756097561,0.0,low,F,0.16666666666666666,0.4812334527332191,0
5956,B,Ship,-0.5,4,-0.7439024390243902,0.0,medium,F,0.3333333333333333,0.4127083008877122,0
5957,C,Ship,-1.0,5,0.32926829268292684,0.0,medium,F,-0.6666666666666666,0.032393708145148734,1
5958,F,Ship,0.0,5,-0.32926829268292684,0.0,low,M,0.0,0.27192026164148886,1
5959,D,Ship,-0.5,3,-0.8048780487804879,0.0,low,F,0.16666666666666666,0.4588070394019623,0
5960,F,Ship,-0.5,4,-0.9878048780487805,2.5,medium,F,0.5,0.4018065721850179,1
5961,A,Ship,1.0,1,0.43902439024390244,1.0,low,M,0.5,-0.7867933343715932,1
5962,B,Ship,1.0,1,0.4268292682926829,1.0,medium,M,-0.8333333333333334,-0.8793022893630276,1
5963,C,Ship,0.5,2,0.5487804878048781,2.0,low,M,0.16666666666666666,-0.7696620464102165,0
5964,F,Ship,1.0,4,0.6341463414634146,1.0,low,M,-0.3333333333333333,-0.7818096869646473,1
5965,D,Ship,1.0,5,0.36585365853658536,1.0,medium,F,-0.16666666666666666,-0.9232206821367388,0
5966,F,Ship,0.0,5,0.3048780487804878,2.5,low,M,-0.8333333333333334,-0.7070549758604578,0
5967,A,Ship,0.0,5,0.6829268292682927,2.0,low,F,-1.0,-0.9225977262108706,1
5968,B,Ship,1.0,3,0.6829268292682927,1.0,low,F,0.0,-0.9562373462077558,0
5969,C,Ship,1.0,2,0.524390243902439,1.0,medium,M,-1.0,-0.8210559102943467,0
5970,F,Ship,0.0,3,0.35365853658536583,2.0,medium,F,-0.6666666666666666,-0.7833670767793178,1
5971,D,Ship,0.0,5,0.6951219512195121,1.0,low,M,-0.16666666666666666,0.28936302756579974,0
5972,F,Ship,1.0,3,-0.14634146341463414,1.0,medium,F,-0.16666666666666666,0.03114779629341224,0
5973,A,Ship,-0.5,3,0.6219512195121951,0.0,medium,F,-0.6666666666666666,0.5721850179099829,1
5974,B,Ship,0.0,1,0.07317073170731707,0.0,medium,M,-1.0,0.31459274256346365,1
5975,C,Ship,0.0,3,0.7317073170731707,-1.0,low,M,-1.0,0.19093599127861705,0
5976,F,Ship,0.0,1,-0.024390243902439025,-1.0,medium,M,-0.5,0.25541192960598036,0
5977,D,Ship,0.0,2,0.36585365853658536,0.0,high,F,-0.6666666666666666,-0.014327986294969631,0
5978,F,Ship,0.0,2,0.4634146341463415,0.0,medium,F,-0.5,0.5086435134714219,0
5979,A,Ship,0.5,1,-0.6829268292682927,-1.0,low,M,-0.5,0.4943155271764523,1
5980,B,Ship,-1.0,5,0.8780487804878049,2.5,medium,F,-0.6666666666666666,0.1083943311010746,1
5981,C,Ship,-0.5,3,-0.6097560975609756,0.0,high,M,0.16666666666666666,0.318019000155739,0
5982,F,Ship,0.0,2,-0.5365853658536586,2.5,medium,M,0.5,0.23111664849711883,0
5983,D,Ship,0.0,3,0.6707317073170732,-1.0,medium,M,-0.8333333333333334,0.0028033016664071016,0
5984,F,Ship,0.0,3,0.2926829268292683,-1.0,low,M,0.0,0.516741940507709,1
5985,A,Ship,0.0,5,-0.1951219512195122,2.5,medium,M,0.3333333333333333,0.03114779629341224,1
5986,B,Ship,0.0,3,-0.36585365853658536,2.5,low,M,-0.5,0.16726366609562374,0
5987,C,Ship,0.5,2,0.6219512195121951,0.0,low,M,0.16666666666666666,0.40429839588849087,1
5988,F,Ship,-0.5,1,-0.12195121951219512,2.5,medium,M,-0.3333333333333333,0.3818719825572341,0
5989,D,Ship,0.5,2,0.23170731707317074,2.5,medium,F,0.16666666666666666,0.4267248092197477,1
5990,F,Ship,0.0,2,-0.975609756097561,0.0,low,F,0.3333333333333333,0.020246067590717957,1
5991,A,Ship,-0.5,2,-0.7439024390243902,0.0,medium,M,-0.16666666666666666,-0.028967450552873385,0
5992,B,Ship,-1.0,1,0.32926829268292684,0.0,medium,F,-0.3333333333333333,0.4821678866220215,1
5993,C,Ship,0.0,4,-0.32926829268292684,0.0,low,F,0.16666666666666666,0.23173960442298708,0
5994,F,Ship,-0.5,4,-0.8048780487804879,0.0,low,F,0.16666666666666666,0.34823236256034884,1
5995,D,Ship,-0.5,5,-0.9878048780487805,2.5,medium,F,0.16666666666666666,0.2656907023828064,1
5996,F,Ship,1.0,1,0.43902439024390244,1.0,low,M,-0.5,-0.9752375019467373,0
5997,A,Ship,1.0,5,0.4268292682926829,1.0,medium,M,-0.6666666666666666,-0.7596947515963246,1
5998,B,Ship,0.5,3,0.5487804878048781,2.0,low,M,-0.8333333333333334,-0.7534651923376421,0
5999,C,Ship,1.0,2,0.6341463414634146,1.0,low,F,0.3333333333333333,-0.9123189534340446,0
6000,F,Ship,1.0,3,0.36585365853658536,1.0,medium,M,-0.3333333333333333,-0.9472044852826662,1
6001,D,Ship,0.0,5,0.3048780487804878,2.5,low,M,-0.5,-0.8403675439962622,0
6002,F,Road,0.0,3,0.6829268292682927,2.0,low,F,-0.6666666666666666,-0.7360224264133313,1
6003,A,Road,1.0,4,0.8292682926829268,1.0,low,M,-0.16666666666666666,-0.8001868867777605,0
6004,B,Road,1.0,5,0.9878048780487805,1.0,medium,M,-0.8333333333333334,-0.6752842236411774,0
6005,C,Road,1.0,1,0.5,1.0,low,M,-0.3333333333333333,-0.9020401806572185,1
6006,F,Road,1.0,4,0.9512195121951219,1.0,low,M,-0.6666666666666666,-0.7235633078959663,1
6007,D,Road,1.0,3,0.36585365853658536,1.0,low,F,-1.0,-0.8821055910294346,1
6008,F,Road,1.0,1,1.1219512195121952,1.0,low,M,-1.0,-0.9154337330633857,0
6009,A,Road,1.0,1,0.5365853658536586,1.0,low,M,-0.6666666666666666,-0.8232362560348855,0
6010,B,Road,0.0,2,0.6219512195121951,2.5,low,M,0.16666666666666666,-0.8590562217723096,1
6011,C,Road,0.5,1,0.15853658536585366,2.0,low,M,0.0,-0.7877277682603956,1
6012,F,Road,1.5,1,0.7560975609756098,1.0,low,F,0.16666666666666666,-0.8064164460364429,1
6013,D,Road,1.0,4,0.36585365853658536,1.0,medium,M,0.0,-0.7332191247469242,0
6014,F,Road,0.0,3,0.036585365853658534,2.5,medium,F,-0.16666666666666666,-0.8089082697399159,0
6015,A,Road,-1.0,3,-0.036585365853658534,0.0,low,F,0.16666666666666666,-0.9272698956548824,0
6016,B,Road,0.0,2,0.15853658536585366,2.0,low,M,0.0,-0.8705809064008722,1
6017,C,Road,0.5,3,0.4268292682926829,1.0,medium,M,-1.0,-0.9764834137984738,1
6018,F,Road,1.0,3,0.6707317073170732,1.0,low,M,-0.6666666666666666,-0.9789752375019467,0
6019,D,Road,1.0,5,0.7804878048780488,1.0,medium,F,-0.16666666666666666,-0.9372371904687743,0
6020,F,Road,1.0,5,0.8292682926829268,1.0,medium,M,-0.6666666666666666,-0.8609250895499143,0
6021,A,Road,1.0,4,1.048780487804878,1.0,medium,F,0.0,-0.7917769817785392,0
6022,B,Road,0.5,5,0.5487804878048781,2.0,low,F,0.3333333333333333,-0.7864818564086591,0
6023,C,Road,1.0,1,0.9878048780487805,1.0,medium,F,-0.16666666666666666,-0.7905310699268027,0
6024,F,Flight,0.5,5,0.2926829268292683,2.0,low,M,-0.8333333333333334,-0.7762030836318331,0
6025,D,Flight,0.5,3,0.6829268292682927,2.0,medium,F,0.0,-0.8864662825105124,1
6026,F,Flight,0.5,3,0.6463414634146342,2.0,low,M,-0.16666666666666666,-0.9437782276903909,1
6027,A,Flight,0.0,1,0.6829268292682927,2.0,medium,M,0.3333333333333333,-0.8936302756579972,1
6028,B,Flight,0.0,1,0.3780487804878049,2.0,medium,F,0.16666666666666666,-0.6933499454913565,0
6029,C,Flight,1.0,4,0.5853658536585366,1.0,low,F,0.5,-0.9596636038000311,1
6030,F,Flight,0.0,2,0.3780487804878049,2.0,low,M,0.16666666666666666,-0.9428437938015886,1
6031,D,Flight,1.0,2,0.6585365853658537,1.0,low,M,0.0,-0.687120386232674,0
6032,F,Flight,0.5,1,0.5853658536585366,2.0,low,M,-1.0,-0.8288428593676997,1
6033,A,Flight,1.0,3,0.8414634146341463,2.0,medium,M,0.5,-0.8304002491823703,0
6034,B,Flight,0.5,3,0.5609756097560976,2.0,medium,M,0.16666666666666666,-0.9805326273166174,0
6035,C,Flight,1.5,5,0.5365853658536586,1.0,low,F,-0.5,-0.7699735243731506,1
6036,F,Flight,0.5,2,-1.024390243902439,1.0,medium,F,-1.0,-0.7076779317863261,0
6037,D,Flight,1.0,3,0.5853658536585366,2.0,low,M,0.3333333333333333,-0.964335773244043,0
6038,F,Flight,1.0,2,0.9634146341463414,1.0,low,F,-0.5,-0.7428749415978819,1
6039,A,Flight,1.5,1,0.5,2.0,medium,M,0.5,-0.9067123501012303,1
6040,B,Flight,1.0,1,0.34146341463414637,2.0,low,F,-0.3333333333333333,-0.8079738358511135,0
6041,C,Flight,1.0,3,0.6097560975609756,1.0,medium,F,-0.16666666666666666,-0.7871048123345273,1
6042,F,Flight,1.0,4,0.47560975609756095,1.0,low,F,0.0,-0.8297772932565021,0
6043,D,Flight,0.5,5,0.6951219512195121,2.0,low,F,-0.5,-0.7730883040024918,0
6044,F,Flight,1.0,2,0.43902439024390244,1.0,medium,F,-0.6666666666666666,-0.7388257280797383,1
6045,A,Flight,0.0,3,0.6341463414634146,2.0,high,F,-0.3333333333333333,-0.7970721071484193,0
6046,B,Ship,1.0,2,0.8780487804878049,1.0,low,F,-0.5,-0.7958261952966827,0
6047,C,Ship,0.5,2,0.7439024390243902,2.0,low,M,0.3333333333333333,-0.8646628251051238,0
6048,F,Ship,1.0,3,0.9878048780487805,2.0,low,M,-0.5,-0.8587447438093755,0
6049,D,Ship,0.5,1,0.6707317073170732,2.5,medium,F,0.16666666666666666,-0.8746301199190157,0
6050,F,Ship,0.0,1,0.3048780487804878,2.0,low,F,-1.0,-0.737891294190936,1
6051,A,Ship,1.0,4,0.6951219512195121,1.0,medium,M,0.16666666666666666,-0.7107927114156674,0
6052,B,Ship,1.0,5,-0.5975609756097561,2.5,low,F,-0.16666666666666666,-0.8160722628874008,1
6053,C,Ship,1.5,2,1.0731707317073171,2.0,medium,M,-0.3333333333333333,-0.7895966360380003,0
6054,F,Ship,1.0,2,0.9634146341463414,2.5,low,F,0.5,-0.6945958573430929,1
6055,D,Ship,0.0,4,-0.14634146341463414,0.0,low,F,-0.6666666666666666,0.42828219903441833,1
6056,F,Ship,-1.0,3,-0.35365853658536583,0.0,medium,F,0.0,0.030213362404609874,0
6057,A,Ship,0.0,4,-0.04878048780487805,-1.0,medium,M,0.16666666666666666,0.5584799875408815,0
6058,B,Ship,-0.5,5,-0.34146341463414637,-1.0,medium,M,0.16666666666666666,0.5528733842080673,0
6059,C,Ship,-0.5,4,-0.6219512195121951,0.0,low,M,0.0,0.549447126615792,0
6060,F,Ship,-0.5,4,-0.5609756097560976,0.0,low,M,-0.3333333333333333,0.5653325027254322,0
6061,D,Ship,0.0,3,-0.18292682926829268,0.0,low,M,0.16666666666666666,0.07537766703005762,1
6062,F,Ship,-0.5,5,0.6951219512195121,-1.0,medium,M,0.0,0.25198567201370503,0
6063,A,Ship,-0.5,4,-0.6097560975609756,0.0,low,F,-0.5,0.2015262420183772,0
6064,B,Ship,0.0,1,0.2073170731707317,-1.0,medium,M,-0.6666666666666666,0.17037844572496497,0
6065,C,Ship,-0.5,1,-0.21951219512195122,-1.0,low,M,0.5,-0.0024918237034729793,1
6066,F,Ship,0.0,2,0.04878048780487805,0.0,low,F,-0.8333333333333334,0.24918237034729793,0
6067,D,Ship,0.5,1,0.6463414634146342,1.0,low,M,-0.3333333333333333,0.09064008721382961,1
6068,F,Ship,0.0,4,-0.6219512195121951,0.0,low,F,-0.3333333333333333,0.09064008721382961,0
6069,A,Ship,0.0,1,0.12195121951219512,1.0,medium,F,-0.3333333333333333,0.22987073664538235,0
6070,B,Ship,-0.5,4,-0.7073170731707317,-1.0,medium,F,0.5,0.29839588849088927,1
6071,C,Ship,0.5,5,-0.47560975609756095,2.5,low,F,-0.8333333333333334,0.22862482479364585,1
6072,F,Ship,-0.5,4,0.524390243902439,2.0,medium,F,-0.3333333333333333,0.37875720292789283,0
6073,D,Ship,0.0,4,0.5487804878048781,0.0,low,M,-0.6666666666666666,0.11213206665628407,0
6074,F,Ship,-0.5,3,-1.2439024390243902,1.0,low,F,0.0,0.4880859679177698,1
6075,A,Ship,0.0,3,-0.8414634146341463,1.0,medium,M,-0.8333333333333334,0.49400404921351815,0
6076,B,Ship,-0.5,1,0.1951219512195122,0.0,medium,M,-0.6666666666666666,0.2516741940507709,0
6077,C,Ship,-0.5,4,-0.3170731707317073,1.0,low,F,-0.16666666666666666,0.2700513938638841,0
6078,F,Ship,-0.5,2,-1.0,1.0,medium,F,-0.6666666666666666,0.11306650054508643,0
6079,D,Ship,0.0,1,0.3048780487804878,1.0,high,M,-0.8333333333333334,0.4214296838498676,0
6080,F,Ship,-1.0,5,-0.573170731707317,0.0,medium,M,0.16666666666666666,0.14203395109795983,0
6081,A,Ship,-0.5,1,-0.9878048780487805,0.0,medium,M,0.0,-0.04516430462544775,1
6082,B,Ship,0.0,2,0.6829268292682927,-1.0,high,F,0.3333333333333333,0.289985983491668,1
6083,C,Ship,0.0,3,0.18292682926829268,-1.0,medium,M,0.0,0.3784457249649587,1
6084,F,Ship,0.5,1,0.573170731707317,1.0,high,F,-0.16666666666666666,0.21896900794268806,0
6085,D,Ship,-1.0,1,-0.2682926829268293,0.0,low,F,0.3333333333333333,0.1946737268338265,0
6086,F,Ship,0.0,5,0.036585365853658534,0.0,low,F,-0.16666666666666666,0.21772309609095156,1
6087,A,Ship,0.0,3,0.3902439024390244,-1.0,low,M,-0.16666666666666666,0.2364117738669989,0
6088,B,Ship,0.5,5,-0.07317073170731707,-1.0,medium,M,0.16666666666666666,0.36505217255879147,0
6089,C,Ship,0.5,1,-0.8048780487804879,0.0,low,F,-0.3333333333333333,0.5111353371748949,0
6090,F,Ship,0.0,1,-1.0,2.5,high,M,0.16666666666666666,0.23454290608939418,1
6091,D,Ship,0.0,2,0.4268292682926829,0.0,low,F,-0.16666666666666666,0.2809531225665784,1
6092,F,Ship,-0.5,3,0.13414634146341464,1.0,low,F,0.3333333333333333,0.41083943311010745,1
6093,A,Ship,0.5,1,0.7926829268292683,1.0,medium,F,-0.6666666666666666,0.14265690702382808,0
6094,B,Ship,0.0,2,-0.3780487804878049,-1.0,low,F,0.16666666666666666,0.2404609873851425,0
6095,C,Ship,0.0,4,0.012195121951219513,-1.0,high,F,-0.16666666666666666,0.3391995016352593,0
6096,F,Ship,1.0,4,-0.23170731707317074,2.0,high,F,0.5,0.023672325182993302,0
6097,D,Ship,0.0,2,-0.7073170731707317,-1.0,medium,M,-0.3333333333333333,0.09904999221305093,1
6098,F,Ship,-0.5,5,-0.6585365853658537,0.0,low,F,0.16666666666666666,-0.013393552406167264,0
6099,A,Ship,0.5,5,-0.7439024390243902,2.0,medium,M,0.5,0.3575767014483725,0
6100,B,Ship,-0.5,4,0.012195121951219513,0.0,high,F,-0.3333333333333333,0.16228001868867778,1
6101,C,Ship,0.0,3,-0.6219512195121951,0.0,low,F,0.0,0.12677153091418783,0
6102,F,Ship,0.0,2,-0.23170731707317074,0.0,medium,M,0.16666666666666666,0.3267403831178944,0
6103,D,Ship,0.0,3,-0.5365853658536586,-1.0,low,M,-0.6666666666666666,0.13642734776514562,1
6104,F,Ship,-0.5,3,-0.9878048780487805,0.0,low,M,-0.3333333333333333,0.5569225977262109,0
6105,A,Ship,0.5,2,-0.524390243902439,2.5,medium,F,-0.3333333333333333,0.5706276280953123,1
6106,B,Ship,-0.5,5,-0.34146341463414637,0.0,medium,M,0.0,0.19155894720448527,0
6107,C,Ship,0.0,2,0.3902439024390244,0.0,high,M,-0.3333333333333333,0.5640865908736957,0
6108,F,Ship,-0.5,3,-0.5365853658536586,0.0,low,F,0.0,0.39806883662980846,1
6109,D,Ship,-1.0,5,-0.3048780487804878,-1.0,low,M,0.3333333333333333,0.3413798473757982,0
6110,F,Ship,0.0,5,0.024390243902439025,-1.0,low,F,0.16666666666666666,0.5039713440274101,1
6111,A,Ship,0.0,2,0.6097560975609756,0.0,low,M,0.5,0.30774022737891293,1
6112,B,Ship,0.5,4,0.6585365853658537,0.0,low,F,-0.6666666666666666,0.36474069459585734,1
6113,C,Ship,0.0,1,0.13414634146341464,-1.0,medium,F,0.5,0.1333125681358044,1
6114,F,Ship,0.0,2,0.4634146341463415,-1.0,high,F,-0.5,0.3376421118205887,1
6115,D,Ship,-0.5,2,-0.12195121951219512,0.0,low,F,0.16666666666666666,0.1361158698022115,1
6116,F,Ship,0.5,1,-0.25609756097560976,-1.0,medium,F,-1.0,0.09375486684317084,0
6117,A,Ship,0.5,3,0.07317073170731707,0.0,low,F,0.3333333333333333,0.36598660644759384,0
6118,B,Ship,1.0,4,0.6951219512195121,0.0,low,F,0.0,0.3248715153402897,1
6119,C,Ship,-1.0,2,0.15853658536585366,1.0,medium,M,-0.16666666666666666,-0.014016508332035509,1
6120,F,Ship,0.0,1,-0.0975609756097561,2.0,medium,F,0.0,0.5581685095779474,1
6121,D,Ship,0.0,2,-0.8780487804878049,0.0,medium,F,-0.6666666666666666,0.1541815916523906,0
6122,F,Ship,0.5,5,0.2682926829268293,-1.0,medium,M,-0.8333333333333334,0.3304781186731039,0
6123,A,Ship,0.5,4,0.7439024390243902,-1.0,medium,M,0.5,0.38810154181591655,1
6124,B,Ship,-0.5,5,-0.8536585365853658,-1.0,medium,M,-0.8333333333333334,0.14950942220837876,1
6125,C,Ship,0.0,5,-0.24390243902439024,0.0,medium,M,-0.6666666666666666,0.3173960442298707,1
6126,F,Ship,-0.5,2,0.5609756097560976,0.0,low,M,0.3333333333333333,0.1376732596168821,1
6127,D,Ship,-0.5,4,0.3170731707317073,0.0,medium,M,0.16666666666666666,0.08129574832580595,0
6128,F,Ship,-0.5,2,-0.9512195121951219,0.0,high,F,-0.8333333333333334,0.49524996106525465,0
6129,A,Ship,-0.5,3,-1.0,-1.0,medium,M,-1.0,0.16757514405855786,0
6130,B,Ship,0.0,2,0.6341463414634146,0.0,medium,M,0.0,0.302756579971967,0
6131,C,Ship,0.0,1,0.5975609756097561,0.0,high,M,-0.3333333333333333,0.19716555053729948,0
6132,F,Ship,0.5,5,0.6829268292682927,0.0,low,F,0.3333333333333333,0.516430462544775,1
6133,D,Ship,-0.5,3,-0.07317073170731707,2.0,low,F,0.5,0.03395109795981934,0
6134,F,Ship,0.5,5,-0.0975609756097561,0.0,low,M,-1.0,0.42703628718268183,0
6135,A,Ship,-0.5,3,-0.6707317073170732,0.0,low,M,-0.6666666666666666,0.33670767793178635,1
6136,B,Ship,0.0,3,-0.6341463414634146,0.0,low,M,-0.5,0.549447126615792,1
6137,C,Ship,-0.5,2,-0.45121951219512196,-1.0,medium,M,-0.5,0.0834760940663448,0
6138,F,Ship,-0.5,3,-0.5609756097560976,1.0,low,F,-0.5,-0.01650833203550849,1
6139,D,Road,-0.5,1,0.6463414634146342,1.0,medium,F,-0.5,0.23828064164460364,1
6140,F,Road,0.0,5,0.0975609756097561,0.0,medium,F,0.0,0.5279551471733375,0
6141,A,Road,-0.5,2,0.24390243902439024,0.0,low,F,0.5,0.19685407257436535,0
6142,B,Road,-0.5,1,-0.9878048780487805,0.0,low,F,0.3333333333333333,0.4905777916212428,0
6143,C,Road,0.0,4,-0.08536585365853659,0.0,low,F,0.5,0.119607537766703,0
6144,F,Road,0.0,3,0.35365853658536583,1.0,low,F,0.3333333333333333,0.20619841146238904,0
6145,D,Road,0.5,5,-0.6463414634146342,0.0,low,F,-1.0,0.09998442610185329,1
6146,F,Road,-0.5,5,-0.25609756097560976,0.0,medium,F,-0.16666666666666666,0.35913409126304313,0
6147,A,Road,0.0,5,0.24390243902439024,1.0,medium,M,0.3333333333333333,0.5045942999532783,0
6148,B,Road,-1.0,1,-0.35365853658536583,2.5,medium,F,0.0,-0.0034262575922753466,1
6149,C,Road,0.0,5,0.34146341463414637,-1.0,medium,F,-0.3333333333333333,0.2046410216477184,0
6150,F,Road,0.0,5,0.4634146341463415,-1.0,high,F,-0.16666666666666666,-0.0006229559258682448,1
6151,D,Road,0.0,3,-0.4268292682926829,0.0,low,F,-0.6666666666666666,0.41924933810932874,1
6152,F,Road,0.0,3,-0.6829268292682927,0.0,high,F,-0.3333333333333333,0.45257748014327986,0
6153,A,Road,-0.5,1,0.14634146341463414,0.0,low,F,0.16666666666666666,-0.045787260551315996,0
6154,B,Road,0.5,4,0.6707317073170732,-1.0,medium,F,-0.8333333333333334,0.564709546799564,0
6155,C,Road,-0.5,5,-0.8048780487804879,0.0,low,F,0.0,0.478430151066812,0
6156,F,Road,0.0,5,-0.6707317073170732,-1.0,low,F,-0.6666666666666666,0.48434823236256036,0
6157,D,Road,-0.5,4,0.7195121951219512,1.0,medium,M,-0.5,0.3775112910761564,0
6158,F,Road,-0.5,4,0.23170731707317074,0.0,medium,M,-0.3333333333333333,0.36038000311477963,0
6159,A,Road,0.0,5,-0.3902439024390244,0.0,medium,F,-0.8333333333333334,0.10091885999065565,0
6160,B,Road,-0.5,4,-0.7439024390243902,-1.0,medium,M,-0.3333333333333333,-0.039246223329699424,1
6161,C,Flight,0.0,5,-0.04878048780487805,-1.0,medium,M,-0.3333333333333333,0.4778071951409438,0
6162,F,Flight,0.0,1,0.32926829268292684,0.0,medium,M,-0.16666666666666666,0.12739448684005605,0
6163,D,Flight,-0.5,2,0.07317073170731707,0.0,low,M,0.16666666666666666,0.2750350412708301,1
6164,F,Flight,0.5,4,-0.036585365853658534,0.0,medium,F,0.0,0.22021491979442454,0
6165,A,Flight,-0.5,5,-0.7682926829268293,0.0,low,F,-1.0,-0.019000155738981468,0
6166,B,Flight,0.5,5,0.6463414634146342,0.0,medium,M,0.3333333333333333,0.19498520479676063,1
6167,C,Flight,0.0,3,0.43902439024390244,-1.0,medium,M,-0.5,0.20526397757358666,1
6168,F,Flight,0.0,3,-0.4024390243902439,0.0,low,F,-0.3333333333333333,0.3890359757047189,1
6169,D,Flight,0.5,2,-0.2073170731707317,1.0,high,M,-0.5,0.05918081295748326,1
6170,F,Flight,-0.5,4,-0.5121951219512195,-1.0,medium,F,-0.3333333333333333,0.15511602554119297,0
6171,A,Flight,0.0,1,0.06097560975609756,0.0,low,M,-0.6666666666666666,0.3345273321912475,1
6172,B,Flight,0.5,5,-0.3048780487804878,0.0,low,M,0.0,0.48839744588070394,0
6173,C,Flight,0.5,1,0.13414634146341464,0.0,low,M,0.16666666666666666,0.12147640554430773,0
6174,F,Flight,0.5,3,0.6707317073170732,2.0,low,F,0.16666666666666666,0.5245288895810621,1
6175,D,Flight,0.5,4,-0.6951219512195121,0.0,medium,F,0.0,0.01557389814670612,1
6176,F,Flight,-0.5,5,-0.3048780487804878,0.0,low,M,-0.3333333333333333,0.39651144681513784,0
6177,A,Flight,-0.5,1,0.14634146341463414,-1.0,medium,F,-0.16666666666666666,0.24824793645849555,1
6178,B,Flight,-1.0,1,0.07317073170731707,-1.0,medium,F,-0.16666666666666666,0.07257436536365053,1
6179,C,Flight,1.0,3,0.7439024390243902,2.5,low,M,-0.5,0.22613300109017287,0
6180,F,Flight,-0.5,4,-0.524390243902439,0.0,medium,F,-0.3333333333333333,0.05014795203239371,1
6181,D,Flight,0.0,3,0.25609756097560976,0.0,low,F,-0.5,0.35508487774489955,1
6182,F,Flight,-0.5,4,-0.15853658536585366,0.0,high,M,0.0,0.22987073664538235,1
6183,A,Ship,0.5,5,0.6707317073170732,0.0,low,F,-0.3333333333333333,0.4746924155116026,1
6184,B,Ship,0.5,3,-0.3902439024390244,-1.0,low,M,-0.5,0.445413486995795,0
6185,C,Ship,0.5,5,0.6341463414634146,2.0,low,F,0.3333333333333333,0.10932876498987697,0
6186,F,Ship,-0.5,5,-0.6951219512195121,-1.0,medium,F,-0.5,0.5737424077246535,0
6187,D,Ship,0.0,1,0.5365853658536586,1.0,high,F,-1.0,0.41333125681358046,0
6188,F,Ship,0.0,2,0.8048780487804879,1.0,low,M,0.3333333333333333,0.3547733997819654,1
6189,A,Ship,0.0,4,-0.7317073170731707,0.0,low,F,0.0,-0.013393552406167264,1
6190,B,Ship,0.0,4,0.7317073170731707,-1.0,low,F,-0.6666666666666666,0.03363961999688522,0
6191,C,Ship,0.0,5,-0.4146341463414634,-1.0,medium,F,-1.0,0.0570004672169444,0
6192,F,Ship,-0.5,5,-0.8292682926829268,0.0,medium,F,0.0,-0.007163993147484816,0
6193,D,Ship,-0.5,4,0.2682926829268293,0.0,medium,M,-1.0,0.5301354929138763,0
6194,F,Ship,0.0,4,-0.9878048780487805,1.0,high,F,0.5,0.35726522348543843,0
6195,A,Ship,0.5,2,-0.5,1.0,high,F,0.3333333333333333,0.04921351814359134,0
6196,B,Ship,0.0,3,-0.04878048780487805,0.0,low,M,0.3333333333333333,0.43824949384831025,0
6197,C,Ship,-0.5,4,0.2926829268292683,-1.0,medium,F,-1.0,0.26226444479053107,1
6198,F,Ship,0.0,2,0.6585365853658537,1.0,low,F,-0.6666666666666666,0.35072418626382185,0
6199,D,Ship,-0.5,5,-0.47560975609756095,0.0,medium,F,0.16666666666666666,0.41177386699890983,1
6200,F,Ship,0.5,2,0.8048780487804879,1.0,low,M,0.16666666666666666,0.12147640554430773,1
6201,A,Ship,0.0,1,-0.7439024390243902,-1.0,low,F,-1.0,-0.038000311477962935,0
6202,B,Ship,0.0,4,0.45121951219512196,-1.0,medium,F,-0.16666666666666666,0.07070549758604579,0
6203,C,Ship,0.0,2,0.4634146341463415,0.0,medium,M,0.16666666666666666,0.03519700981155583,1
6204,F,Ship,0.0,5,-0.15853658536585366,2.5,medium,F,-0.5,0.41208534496184396,1
6205,D,Ship,0.5,4,0.024390243902439025,1.0,medium,F,0.16666666666666666,0.5385453979130976,1
6206,F,Ship,-0.5,2,-1.0731707317073171,2.5,low,M,-0.6666666666666666,-0.023672325182993302,1
6207,A,Ship,-0.5,2,-0.45121951219512196,1.0,low,F,-0.6666666666666666,0.01557389814670612,1
6208,B,Ship,0.5,3,-0.8414634146341463,0.0,medium,M,-1.0,0.5089549914343561,1
6209,C,Ship,0.5,3,0.5365853658536586,-1.0,low,F,0.5,0.3806260707054976,1
6210,F,Ship,0.0,3,0.7195121951219512,2.5,medium,M,-0.16666666666666666,0.03177075221928049,1
6211,D,Ship,0.0,1,0.3780487804878049,0.0,low,F,-0.3333333333333333,0.11649275813736178,0
6212,F,Ship,0.5,4,0.32926829268292684,-1.0,medium,F,0.0,0.08223018221460832,0
6213,A,Ship,0.0,1,-0.07317073170731707,0.0,low,F,-0.16666666666666666,0.37252764366921043,1
6214,B,Ship,1.0,5,0.8292682926829268,1.0,low,M,-1.0,-0.9207288584332658,1
6215,C,Ship,1.0,5,0.9878048780487805,1.0,medium,M,-1.0,-0.931319109173026,0
6216,F,Ship,1.0,5,0.5,1.0,low,F,0.3333333333333333,-0.9456470954679956,0
6217,D,Ship,1.0,3,0.9512195121951219,1.0,low,F,0.16666666666666666,-0.8456626693661423,0
6218,F,Ship,1.0,4,0.36585365853658536,1.0,low,M,-1.0,-0.9403519700981156,1
6219,A,Ship,1.0,4,1.1219512195121952,1.0,low,F,0.16666666666666666,-0.7656128328920729,1
6220,B,Ship,1.0,5,0.5365853658536586,1.0,low,M,-0.3333333333333333,-0.6799563930851892,1
6221,C,Ship,0.0,1,0.6219512195121951,2.5,low,F,-0.8333333333333334,-0.7849244665939885,1
6222,F,Ship,0.5,1,0.15853658536585366,2.0,low,M,-0.16666666666666666,-0.7730883040024918,0
6223,D,Ship,1.5,1,0.7560975609756098,1.0,low,F,0.3333333333333333,-0.8191870425167419,1
6224,F,Ship,1.0,5,0.36585365853658536,1.0,medium,F,-0.8333333333333334,-0.6755957016041115,0
6225,A,Ship,0.0,2,0.036585365853658534,2.5,medium,F,-0.6666666666666666,-0.7528422364117738,1
6226,B,Ship,-1.0,5,-0.036585365853658534,0.0,low,M,-0.6666666666666666,-0.8662202149197944,0
6227,C,Ship,0.0,4,0.15853658536585366,2.0,low,M,0.16666666666666666,-0.6749727456782433,1
6228,F,Ship,0.5,1,0.4268292682926829,1.0,medium,M,-0.3333333333333333,-0.9724342002803301,1
6229,D,Ship,1.0,2,0.6707317073170732,1.0,low,M,-0.16666666666666666,-0.9581062139853606,0
6230,F,Ship,1.0,3,0.7804878048780488,1.0,medium,M,-0.5,-0.7578258838187198,0
6231,A,Ship,1.0,5,0.8292682926829268,1.0,medium,F,-0.5,-0.9767948917614079,0
6232,B,Ship,1.0,1,1.048780487804878,1.0,medium,F,-0.8333333333333334,-0.7347765145615948,1
6233,C,Ship,-0.5,3,-0.8292682926829268,0.0,medium,F,-0.5,0.38467528422364117,0
6234,F,Ship,-0.5,4,0.2682926829268293,0.0,medium,F,-0.3333333333333333,0.4102164771842392,0
6235,D,Ship,0.0,4,-0.9878048780487805,1.0,high,F,0.0,0.5681358043918393,1
6236,F,Ship,0.5,4,-0.5,1.0,high,F,0.16666666666666666,0.3535274879302289,1
6237,A,Ship,0.0,2,-0.04878048780487805,0.0,low,F,0.3333333333333333,0.004360691481077714,0
6238,B,Ship,-0.5,3,0.2926829268292683,-1.0,medium,F,-0.5,0.01775424388724498,0
6239,C,Ship,0.0,4,0.6585365853658537,1.0,low,M,-0.3333333333333333,0.46659398847531536,0
6240,F,Ship,-0.5,4,-0.47560975609756095,0.0,medium,M,0.5,0.19373929294502415,1
6241,D,Ship,0.5,4,0.8048780487804879,1.0,low,M,0.5,0.31365830867466127,0
6242,F,Ship,0.0,5,-0.7439024390243902,-1.0,low,M,-1.0,0.10683694128640399,0
6243,A,Ship,0.0,5,0.45121951219512196,-1.0,medium,F,0.16666666666666666,0.33733063385765455,0
6244,B,Ship,0.0,2,0.4634146341463415,0.0,medium,M,-0.8333333333333334,0.5045942999532783,0
6245,C,Ship,0.0,2,-0.15853658536585366,2.5,medium,F,0.3333333333333333,0.31054352904532007,0
6246,F,Ship,0.5,5,0.024390243902439025,1.0,medium,F,-1.0,-0.01775424388724498,1
6247,D,Ship,-0.5,3,-1.0731707317073171,2.5,low,M,0.5,-0.006541037221616571,0
6248,F,Ship,-0.5,1,-0.45121951219512196,1.0,low,F,-0.16666666666666666,0.2765924310855007,1
6249,A,Ship,0.5,2,-0.8414634146341463,0.0,medium,M,-0.8333333333333334,0.2139853605357421,0
6250,B,Ship,0.5,4,0.5365853658536586,-1.0,low,F,0.16666666666666666,0.015885376109640244,0
6251,C,Ship,0.0,3,0.7195121951219512,2.5,medium,F,0.16666666666666666,0.23267403831178943,0
6252,F,Ship,0.0,1,0.3780487804878049,0.0,low,M,-0.8333333333333334,0.5251518455069304,1
6253,D,Ship,0.5,2,0.32926829268292684,-1.0,medium,M,-0.16666666666666666,0.18439495405700046,0
6254,F,Ship,0.0,1,-0.07317073170731707,0.0,low,M,-0.5,0.11867310387790064,1
6255,A,Ship,1.0,1,0.8292682926829268,1.0,low,M,-1.0,-0.8456626693661423,0
6256,B,Ship,1.0,5,0.9878048780487805,1.0,medium,M,-0.3333333333333333,-0.6808908269739916,1
6257,C,Ship,1.0,4,0.5,1.0,low,M,0.0,-0.7101697554897991,1
6258,F,Ship,1.0,2,0.9512195121951219,1.0,low,F,-0.8333333333333334,-0.8048590562217723,0
6259,D,Ship,1.0,1,0.36585365853658536,1.0,low,M,-0.3333333333333333,-0.7107927114156674,0
6260,F,Ship,1.0,3,1.1219512195121952,1.0,low,M,0.5,-0.8649743030680579,1
6261,A,Ship,1.0,5,0.5365853658536586,1.0,low,M,-0.3333333333333333,-0.8070394019623112,0
6262,B,Ship,0.0,1,0.6219512195121951,2.5,low,F,0.3333333333333333,-0.7463011991901572,1
6263,C,Ship,0.5,2,0.15853658536585366,2.0,low,F,-0.6666666666666666,-0.9054664382494938,1
6264,F,Ship,1.5,2,0.7560975609756098,1.0,low,M,0.3333333333333333,-0.9739915900950008,1
6265,D,Ship,1.0,4,0.36585365853658536,1.0,medium,F,-1.0,-0.9250895499143436,1
6266,F,Ship,0.0,4,0.036585365853658534,2.5,medium,M,0.3333333333333333,-0.6774645693817163,0
6267,A,Ship,-1.0,1,-0.036585365853658534,0.0,low,M,-0.16666666666666666,-0.7441208534496184,1
6268,B,Ship,0.0,5,0.15853658536585366,2.0,low,F,-0.8333333333333334,-0.730415823080517,1
6269,C,Ship,0.5,5,0.4268292682926829,1.0,medium,M,-0.8333333333333334,-0.7543996262264445,1
6270,F,Ship,1.5,4,1.0731707317073171,2.0,medium,M,0.0,-0.8241706899236879,1
6271,D,Ship,1.0,4,0.9634146341463414,2.5,low,F,0.0,-0.9444011836162591,1
6272,F,Ship,0.5,5,0.21951219512195122,0.0,low,M,-0.5,-0.7578258838187198,1
6273,A,Ship,1.0,5,0.7926829268292683,1.0,low,M,0.0,-0.8416134558479987,0
6274,B,Ship,1.0,5,0.45121951219512196,1.0,low,F,0.16666666666666666,-0.9690079426880548,0
6275,C,Ship,1.0,5,1.048780487804878,2.0,low,M,-1.0,-0.9222862482479365,0
6276,F,Road,1.5,5,-0.9878048780487805,2.0,low,F,-0.6666666666666666,-0.8114000934433889,1
6277,D,Road,1.0,5,0.8414634146341463,1.0,low,M,-0.8333333333333334,-0.9384831023205108,1
6278,F,Road,1.5,5,1.0,1.0,low,M,0.16666666666666666,-0.7671702227067435,1
6279,A,Road,1.0,3,0.573170731707317,1.0,medium,F,0.16666666666666666,-0.8571873539947049,1
6280,B,Road,1.0,1,0.8780487804878049,1.0,low,F,-0.6666666666666666,-0.748170066967762,1
6281,C,Road,1.0,3,1.024390243902439,1.0,low,F,-1.0,-0.7762030836318331,0
6282,F,Road,1.0,4,0.8902439024390244,1.0,medium,F,0.3333333333333333,-0.6893007319732128,1
6283,D,Road,1.0,2,0.45121951219512196,1.0,medium,F,0.3333333333333333,-0.8805482012147641,1
6284,F,Road,0.5,1,0.2073170731707317,2.0,low,M,0.5,-0.8506463167730883,0
6285,A,Road,0.5,2,0.4268292682926829,2.0,medium,M,-0.16666666666666666,-0.888023672325183,0
6286,B,Road,0.5,3,0.36585365853658536,2.0,low,F,-0.6666666666666666,-0.9266469397290141,0
6287,C,Road,1.5,2,0.6097560975609756,1.0,medium,M,-0.16666666666666666,-0.7665472667808753,0
6288,F,Road,0.5,2,0.4878048780487805,2.0,medium,M,-0.16666666666666666,-0.9802211493536832,0
6289,D,Road,0.0,5,0.6097560975609756,2.5,low,M,-0.16666666666666666,-0.7824326428905155,0
6290,F,Road,1.0,5,1.1585365853658536,1.0,low,M,-0.16666666666666666,-0.8366298084410528,1
6291,A,Road,0.5,5,1.024390243902439,1.0,low,M,0.16666666666666666,-0.7843015106681203,0
6292,B,Road,0.5,5,0.6219512195121951,2.0,medium,F,0.16666666666666666,-0.7107927114156674,0
6293,C,Road,1.0,1,0.3902439024390244,1.0,medium,M,-0.5,-0.8238592119607537,1
6294,F,Road,0.5,2,0.0975609756097561,2.0,low,F,-1.0,-0.7715309141878212,0
6295,D,Road,1.5,5,0.43902439024390244,1.0,low,F,-0.8333333333333334,-0.8886466282510512,0
6296,F,Road,0.0,3,0.3170731707317073,2.0,medium,F,-0.3333333333333333,-0.8870892384363807,0
6297,A,Road,0.0,3,0.3902439024390244,2.5,low,F,0.5,-0.9260239838031459,0
6298,B,Flight,1.0,1,0.9634146341463414,2.0,medium,F,0.0,-0.9646472512069771,0
6299,C,Flight,1.0,5,0.47560975609756095,1.0,medium,M,-1.0,-0.6765301354929139,0
6300,F,Flight,0.5,5,0.5365853658536586,2.0,medium,M,0.0,-0.7257436536365052,0
6301,D,Flight,1.0,4,0.5365853658536586,1.0,low,F,-0.8333333333333334,-0.9649587291699112,1
6302,F,Flight,0.5,3,0.3780487804878049,2.0,medium,M,-0.6666666666666666,-0.7157763588226133,0
6303,A,Flight,1.5,2,1.1341463414634145,1.0,medium,M,-0.8333333333333334,-0.9581062139853606,0
6304,B,Flight,1.0,5,1.0609756097560976,1.0,low,F,-0.6666666666666666,-0.6824482167886622,0
6305,C,Flight,1.0,5,0.4634146341463415,1.0,low,F,-0.8333333333333334,-0.903286092508955,0
6306,F,Flight,0.5,1,0.7073170731707317,2.5,medium,F,-0.8333333333333334,-0.7687276125214141,1
6307,D,Flight,0.5,3,0.08536585365853659,2.0,low,F,-0.8333333333333334,-0.7846129886310543,1
6308,F,Flight,0.5,3,0.4024390243902439,2.0,low,M,0.5,-0.7631210091885999,1
6309,A,Flight,1.5,5,0.5609756097560976,1.0,low,F,-0.6666666666666666,-0.6911695997508176,1
6310,B,Flight,0.5,5,0.45121951219512196,2.5,medium,M,-0.5,-0.956860302133624,0
6311,C,Flight,0.5,2,0.15853658536585366,2.0,medium,M,0.3333333333333333,-0.6952188132689612,0
6312,F,Flight,1.0,5,0.6707317073170732,1.0,low,M,0.3333333333333333,-0.7235633078959663,0
6313,D,Flight,1.0,2,-0.6463414634146342,1.0,low,M,0.5,-0.7681046565955458,0
6314,F,Flight,0.0,4,0.5121951219512195,2.0,low,M,0.3333333333333333,-0.7871048123345273,1
6315,A,Flight,0.5,1,1.0853658536585367,2.0,medium,F,0.3333333333333333,-0.9176140788039246,0
6316,B,Flight,0.5,3,0.524390243902439,2.0,medium,F,0.0,-0.8048590562217723,1
6317,C,Flight,1.5,3,1.170731707317073,1.0,medium,F,0.16666666666666666,-0.8260395577012927,0
6318,F,Flight,0.5,3,0.2926829268292683,2.0,medium,M,-0.8333333333333334,-0.9341224108394331,1
6319,D,Flight,1.0,3,-0.2804878048780488,2.5,medium,F,-0.8333333333333334,0.10029590406478742,0
6320,F,Ship,0.0,3,0.4634146341463415,0.0,medium,F,0.0,0.21896900794268806,0
6321,A,Ship,0.5,5,0.17073170731707318,0.0,medium,F,0.16666666666666666,0.18128017442765923,1
6322,B,Ship,0.0,3,-0.07317073170731707,-1.0,medium,F,-0.5,0.19249338109328765,1
6323,C,Ship,-0.5,3,-0.4634146341463415,0.0,low,F,-1.0,0.3173960442298707,0
6324,F,Ship,-0.5,1,0.23170731707317074,0.0,low,F,0.0,0.22582152312723874,0
6325,D,Ship,0.5,5,-1.3414634146341464,1.0,low,M,-0.8333333333333334,0.3382650677464569,0
6326,F,Ship,-0.5,4,0.2804878048780488,0.0,low,M,-1.0,0.5703161501323781,0
6327,A,Ship,-1.0,5,0.4634146341463415,0.0,medium,M,0.0,0.35259305404142655,0
6328,B,Ship,0.5,2,-0.9634146341463414,0.0,medium,M,0.3333333333333333,0.31895343404454135,0
6329,C,Ship,0.5,5,-0.9390243902439024,-1.0,low,M,0.16666666666666666,0.2996418003426258,1
6330,F,Ship,0.0,3,0.17073170731707318,0.0,medium,F,-1.0,0.30524840367544,1
6331,D,Ship,0.0,3,0.2682926829268293,1.0,medium,M,-1.0,0.5089549914343561,1
6332,F,Ship,-0.5,4,0.3048780487804878,1.0,medium,F,0.16666666666666666,0.1208534496184395,0
6333,A,Ship,-1.0,2,-0.18292682926829268,0.0,low,M,-1.0,0.1706899236878991,1
6334,B,Ship,-0.5,4,0.6707317073170732,-1.0,medium,M,-0.8333333333333334,0.008721382962155428,0
6335,C,Ship,-1.0,2,0.14634146341463414,0.0,low,M,-0.3333333333333333,0.5376109640242953,0
6336,F,Ship,-0.5,1,0.6097560975609756,0.0,low,F,-0.3333333333333333,0.27846129886310544,0
6337,D,Ship,0.5,4,0.6097560975609756,0.0,medium,M,0.5,-0.03862326740383118,1
6338,F,Ship,0.0,3,-0.34146341463414637,0.0,low,M,-0.8333333333333334,0.08970565332502725,1
6339,A,Ship,-0.5,5,-0.7317073170731707,0.0,high,F,-0.8333333333333334,0.021803457405388568,0
6340,B,Ship,-0.5,1,0.3048780487804878,-1.0,medium,F,-0.8333333333333334,0.5008565643980688,1
6341,C,Ship,-0.5,5,-0.9146341463414634,-1.0,low,F,0.0,0.09344338888023672,1
6342,F,Ship,0.5,4,-0.926829268292683,-1.0,medium,F,0.16666666666666666,0.5407257436536365,1
6343,D,Ship,-0.5,1,0.8780487804878049,1.0,medium,M,-0.5,0.29808441052795515,0
6344,F,Ship,0.0,3,0.7439024390243902,2.0,low,M,-0.8333333333333334,0.1473290764678399,1
6345,A,Ship,0.0,5,-0.23170731707317074,-1.0,low,M,-0.8333333333333334,-0.04391839277371126,1
6346,B,Ship,-0.5,4,0.6463414634146342,0.0,high,M,0.16666666666666666,0.3700358199657374,1
6347,C,Ship,0.0,3,0.10975609756097561,0.0,medium,F,0.0,0.5562996418003426,0
6348,F,Ship,0.0,4,-0.1951219512195122,-1.0,low,M,-0.16666666666666666,0.42703628718268183,0
6349,D,Ship,1.0,5,0.43902439024390244,-1.0,low,F,0.0,0.17909982868712038,0
6350,F,Ship,-0.5,3,0.2804878048780488,1.0,low,F,0.16666666666666666,0.5021024762498053,0
6351,A,Ship,0.5,4,-0.25609756097560976,0.0,medium,M,-0.5,0.5369880080984271,0
6352,B,Ship,0.5,2,0.024390243902439025,1.0,medium,F,0.3333333333333333,0.5154960286559725,0
6353,C,Ship,-0.5,2,0.47560975609756095,-1.0,medium,F,-0.8333333333333334,0.13019778850646316,0
6354,F,Ship,-0.5,1,-1.0,0.0,low,F,-0.8333333333333334,0.19809998442610185,0
6355,D,Ship,0.5,4,-0.9024390243902439,1.0,low,M,-0.6666666666666666,-0.04080361314437004,0
6356,F,Ship,-1.0,4,-1.2195121951219512,1.0,low,M,0.3333333333333333,0.0943778227690391,1
6357,A,Ship,-0.5,5,0.2926829268292683,2.5,medium,M,0.16666666666666666,0.4581840834760941,0
6358,B,Ship,-0.5,1,-0.04878048780487805,-1.0,low,M,0.3333333333333333,0.5553652079115402,0
6359,C,Ship,0.0,4,0.7073170731707317,1.0,medium,M,-0.5,0.0666562840679022,1
6360,F,Ship,0.0,5,-0.36585365853658536,0.0,medium,F,0.3333333333333333,0.45008565643980686,0
6361,D,Ship,0.0,1,-0.5609756097560976,-1.0,low,M,-0.6666666666666666,0.16072262887400715,1
6362,F,Ship,0.0,2,0.2073170731707317,2.0,low,M,0.0,0.17723096090951565,0
6363,A,Ship,0.0,1,-0.8658536585365854,-1.0,medium,F,-0.3333333333333333,-0.028655972589939262,0
6364,B,Ship,0.0,2,-0.3902439024390244,0.0,medium,M,0.3333333333333333,0.49400404921351815,0
6365,C,Ship,-1.0,4,0.08536585365853659,0.0,low,F,-0.6666666666666666,-0.022737891294190935,0
6366,F,Ship,1.0,1,0.13414634146341464,2.5,low,M,0.16666666666666666,0.48746301199190156,1
6367,D,Ship,-0.5,5,0.15853658536585366,0.0,high,M,0.3333333333333333,0.23142812646005295,1
6368,F,Ship,-0.5,1,0.6341463414634146,0.0,low,M,-0.3333333333333333,0.313035352748793,0
6369,A,Ship,0.0,2,0.4024390243902439,1.0,high,F,0.3333333333333333,0.13673882572807974,1
6370,B,Ship,-0.5,2,-0.7317073170731707,0.0,medium,M,-1.0,0.3653636505217256,1
6371,C,Ship,0.5,3,-0.4268292682926829,0.0,low,F,-0.6666666666666666,-0.005606603332814203,0
6372,F,Ship,-0.5,3,0.4268292682926829,-1.0,medium,M,0.3333333333333333,-0.035819965737424075,1
6373,D,Ship,-0.5,5,-0.7073170731707317,1.0,low,M,-0.3333333333333333,0.15947671702227068,1
6374,F,Ship,-0.5,5,-0.0975609756097561,0.0,low,F,-0.16666666666666666,0.14670612054197166,1
6375,A,Ship,0.0,1,0.3780487804878049,0.0,medium,F,-0.3333333333333333,0.007475471110418938,0
6376,B,Ship,0.0,5,-0.2073170731707317,-1.0,low,M,-0.6666666666666666,0.07163993147484815,1
6377,C,Ship,-0.5,4,-0.3170731707317073,1.0,medium,M,-0.3333333333333333,0.3323469864507086,1
6378,F,Ship,-0.5,3,0.2804878048780488,-1.0,low,F,-0.8333333333333334,0.03550848777448996,1
6379,D,Ship,0.0,4,-0.4878048780487805,-1.0,medium,F,-0.8333333333333334,0.5429060893941754,0
6380,F,Ship,0.5,3,0.6341463414634146,0.0,low,M,-0.5,0.25541192960598036,1
6381,A,Ship,-0.5,3,-0.7682926829268293,0.0,low,M,0.0,0.14390281887556455,0
6382,B,Ship,0.0,3,0.6951219512195121,-1.0,medium,M,0.3333333333333333,0.2547889736801121,1
6383,C,Ship,0.0,1,0.0,-1.0,low,F,0.5,0.09282043295436848,0
6384,F,Ship,1.0,5,0.573170731707317,2.0,low,M,-1.0,0.4027410060738203,0
6385,D,Ship,-0.5,1,-0.5853658536585366,-1.0,high,F,-0.16666666666666666,0.546955302912319,1
6386,F,Ship,-0.5,4,0.6707317073170732,-1.0,low,F,0.16666666666666666,0.3566422675595702,1
6387,A,Ship,-0.5,2,-0.573170731707317,0.0,medium,M,-0.3333333333333333,0.57498831957639,1
6388,B,Ship,0.0,1,-0.17073170731707318,-1.0,medium,F,-0.3333333333333333,0.34262575922753463,0
6389,C,Ship,0.0,4,-0.6707317073170732,0.0,low,F,-1.0,0.014016508332035509,1
6390,F,Ship,0.0,2,-0.2073170731707317,-1.0,low,F,-1.0,0.25790375330945337,0
6391,D,Ship,0.0,5,0.06097560975609756,-1.0,high,M,-0.5,-0.02491823703472979,1
6392,F,Ship,-0.5,2,0.3048780487804878,0.0,low,F,0.5,0.10496807350879925,0
6393,A,Ship,-0.5,1,-0.8292682926829268,-1.0,medium,F,0.16666666666666666,0.3818719825572341,0
6394,B,Ship,0.5,1,-0.5,-1.0,low,F,-0.5,0.028967450552873385,1
6395,C,Ship,0.0,3,0.07317073170731707,0.0,low,F,-0.16666666666666666,0.2320510823859212,1
6396,F,Ship,-0.5,5,-0.35365853658536583,0.0,medium,M,-0.3333333333333333,0.05232829777293257,1
6397,D,Ship,0.0,2,-0.5365853658536586,-1.0,medium,M,-0.3333333333333333,0.2638218346052017,1
6398,F,Ship,0.0,3,0.43902439024390244,0.0,high,F,-0.5,0.34978975237501947,1
6399,A,Ship,-0.5,4,-0.8414634146341463,0.0,low,F,0.0,-0.021803457405388568,1
6400,B,Ship,-0.5,2,-0.036585365853658534,1.0,high,M,-1.0,0.5239059336551939,1
6401,C,Ship,0.5,5,0.4268292682926829,0.0,low,M,-1.0,0.0389347453667653,0
6402,F,Ship,-0.5,3,0.2804878048780488,-1.0,medium,M,0.16666666666666666,0.4257903753309453,0
6403,D,Ship,0.0,5,-0.8536585365853658,-1.0,medium,M,0.16666666666666666,0.41395421273944866,0
6404,F,Ship,0.0,4,-0.524390243902439,0.0,low,M,-0.16666666666666666,0.06042672480921975,1
6405,A,Ship,-0.5,1,-0.13414634146341464,0.0,medium,F,-0.5,0.2541660177542439,0
6406,B,Ship,0.5,1,-0.9390243902439024,1.0,high,F,-1.0,-0.0333281420339511,0
6407,C,Ship,0.0,2,-0.024390243902439025,0.0,medium,M,-0.6666666666666666,0.39806883662980846,1
6408,F,Ship,-0.5,3,-0.06097560975609756,0.0,high,F,-0.8333333333333334,-0.03519700981155583,1
6409,D,Ship,-0.5,4,0.10975609756097561,0.0,low,F,0.0,0.3697243420028033,1
6410,F,Ship,-0.5,2,-0.6097560975609756,-1.0,medium,F,0.0,0.0003114779629341224,0
6411,A,Ship,-0.5,3,0.07317073170731707,0.0,high,F,-0.16666666666666666,0.3488553184862171,1
6412,B,Ship,-0.5,4,0.024390243902439025,0.0,medium,M,-0.6666666666666666,0.46783990032705186,0
6413,C,Road,-0.5,2,0.012195121951219513,-1.0,medium,M,0.0,0.5728079738358511,1
6414,F,Road,0.0,2,-0.8292682926829268,0.0,low,F,-0.5,0.47033172403052487,0
6415,D,Road,0.5,2,-0.5609756097560976,-1.0,low,F,0.5,0.3351502881171157,1
6416,F,Road,0.0,4,0.04878048780487805,2.5,medium,M,0.16666666666666666,0.2965270207132845,1
6417,A,Road,0.0,3,-0.8658536585365854,1.0,medium,F,-0.8333333333333334,0.23983803145927426,0
6418,B,Road,-0.5,1,0.23170731707317074,0.0,medium,M,0.0,0.36816695218813267,0
6419,C,Road,0.0,1,-0.23170731707317074,0.0,low,M,-0.8333333333333334,0.08378757202927893,0
6420,F,Road,0.0,2,-0.0975609756097561,-1.0,medium,M,-0.3333333333333333,0.1513782899859835,0
6421,D,Road,0.0,5,-0.4024390243902439,0.0,medium,M,-1.0,0.36162591496651614,0
6422,F,Road,0.0,2,-0.7804878048780488,1.0,low,F,-1.0,0.5522504282821991,1
6423,A,Road,-0.5,5,0.5365853658536586,1.0,low,F,-0.6666666666666666,0.019623111664849712,1
6424,B,Road,0.0,3,-0.7926829268292683,1.0,medium,M,-1.0,0.16477184239215076,0
6425,C,Road,0.5,1,-0.6219512195121951,0.0,low,M,-0.5,0.015885376109640244,0
6426,F,Road,-0.5,3,0.5487804878048781,-1.0,high,M,0.16666666666666666,0.10341068369412865,0
6427,D,Road,0.5,1,-0.32926829268292684,-1.0,low,F,0.0,0.2002803301666407,0
6428,F,Road,-0.5,5,-0.5121951219512195,0.0,medium,M,-1.0,0.2725432175673571,1
6429,A,Road,-0.5,5,-0.9146341463414634,-1.0,low,M,-0.8333333333333334,0.5263977573586669,0
6430,B,Road,0.5,1,-0.13414634146341464,0.0,low,F,-0.8333333333333334,0.004049213518143592,1
6431,C,Road,-0.5,3,-0.7804878048780488,1.0,medium,F,-1.0,0.1597881949852048,0
6432,F,Road,-0.5,1,-0.15853658536585366,2.5,medium,M,0.5,0.2890515496028656,1
6433,D,Road,-0.5,4,-0.24390243902439024,-1.0,medium,M,0.0,0.43731505995950787,0
6434,F,Road,-0.5,4,-0.6707317073170732,0.0,high,M,-0.5,0.1890671235010123,1
6435,A,Flight,0.0,2,0.2926829268292683,-1.0,medium,F,0.3333333333333333,0.24544463479208847,0
6436,B,Flight,-0.5,5,-0.3048780487804878,-1.0,low,M,0.16666666666666666,0.13019778850646316,0
6437,C,Flight,-1.0,1,-0.5,-1.0,high,M,-1.0,-0.004360691481077714,1
6438,F,Flight,0.0,1,-0.524390243902439,1.0,medium,M,-0.8333333333333334,0.2906089394175362,0
6439,D,Flight,0.5,3,-0.7317073170731707,-1.0,low,M,-0.6666666666666666,0.40211805014795204,1
6440,F,Flight,0.0,1,-0.5,0.0,low,F,-0.5,0.15106681202304936,0
6441,A,Flight,-0.5,4,-0.34146341463414637,2.5,low,F,0.16666666666666666,-0.004672169444011836,0
6442,B,Flight,0.0,1,0.12195121951219512,0.0,low,M,0.3333333333333333,0.435134714218969,1
6443,C,Flight,0.0,3,-0.34146341463414637,0.0,medium,F,0.3333333333333333,0.30587135960130823,1
6444,F,Flight,0.0,4,-0.21951219512195122,0.0,low,M,-0.3333333333333333,0.4251674194050771,0
6445,D,Flight,-1.0,2,-0.7926829268292683,0.0,low,F,-0.5,0.20869023516586202,1
6446,F,Flight,0.0,3,0.12195121951219512,-1.0,medium,M,0.16666666666666666,0.5643980688366298,1
6447,A,Flight,-0.5,1,-0.7317073170731707,-1.0,low,F,0.5,0.45008565643980686,1
6448,B,Flight,-0.5,3,-0.5365853658536586,1.0,low,M,-0.6666666666666666,-0.03114779629341224,0
6449,C,Flight,-0.5,4,-0.7804878048780488,-1.0,low,F,-0.16666666666666666,0.572496495872917,0
6450,F,Flight,0.5,2,0.3170731707317073,0.0,low,M,0.0,0.18532938794580284,1
6451,D,Flight,-0.5,3,-0.9146341463414634,-1.0,medium,F,-0.5,0.5634636349478275,1
6452,F,Flight,-0.5,3,0.45121951219512196,0.0,medium,M,-0.8333333333333334,0.5678243264289051,0
6453,A,Flight,0.0,4,0.2804878048780488,0.0,medium,M,-0.5,0.18626382183460521,1
6454,B,Flight,-0.5,2,0.15853658536585366,0.0,low,F,-0.5,0.09375486684317084,0
6455,C,Flight,0.5,5,-1.0121951219512195,2.0,low,F,-1.0,0.35819965737424075,1
6456,F,Flight,0.5,2,-0.6463414634146342,0.0,low,M,0.16666666666666666,0.5154960286559725,1
6457,D,Ship,-0.5,5,-0.23170731707317074,0.0,medium,F,0.3333333333333333,0.02336084722005918,0
6458,F,Ship,-1.0,3,0.6341463414634146,-1.0,low,M,-1.0,0.37595390126148576,0
6459,A,Ship,-0.5,2,-0.1951219512195122,-1.0,low,M,0.3333333333333333,0.03145927425634636,1
6460,B,Ship,0.0,3,-0.17073170731707318,1.0,low,F,0.5,0.04422987073664538,1
6461,C,Ship,1.0,1,-0.21951219512195122,1.0,medium,F,-0.8333333333333334,0.5279551471733375,0
6462,F,Ship,-1.0,1,0.8658536585365854,2.0,low,M,-0.5,0.5014795203239371,0
6463,D,Ship,0.0,2,0.6219512195121951,-1.0,low,M,-0.8333333333333334,0.4672169444011836,0
6464,F,Ship,-0.5,2,-1.0121951219512195,2.0,low,F,0.16666666666666666,0.29123189534340443,0
6465,A,Ship,0.5,4,0.024390243902439025,0.0,medium,F,-0.8333333333333334,0.3909048434823236,1
6466,B,Ship,0.0,1,0.47560975609756095,1.0,low,F,-1.0,0.4584955614390282,0
6467,C,Ship,0.5,3,0.1951219512195122,1.0,medium,M,-0.5,0.3516586201526242,1
6468,F,Ship,0.0,1,-0.5,1.0,medium,F,-1.0,0.16664071016975548,0
6469,D,Ship,-0.5,5,-0.0975609756097561,-1.0,low,F,-0.5,-0.021491979442454446,0
6470,F,Ship,0.5,3,-0.3048780487804878,2.0,low,M,0.0,0.22426413331256814,0
6471,A,Ship,-0.5,5,0.6829268292682927,0.0,high,M,-1.0,-0.02211493536832269,1
6472,B,Ship,0.0,4,0.6341463414634146,0.0,low,M,-0.6666666666666666,0.43046254477495716,1
6473,C,Ship,-0.5,5,0.6829268292682927,0.0,medium,M,0.0,0.4136427347765146,1
6474,F,Ship,-0.5,4,0.024390243902439025,2.5,medium,F,0.16666666666666666,0.14546020869023515,0
6475,D,Ship,-0.5,1,-0.8170731707317073,2.5,medium,M,-0.16666666666666666,0.13268961220993614,0
6476,F,Ship,-0.5,2,0.6829268292682927,2.5,medium,F,0.5,0.1794113066500545,1
6477,A,Ship,-0.5,2,0.573170731707317,2.5,low,F,-0.6666666666666666,0.3183304781186731,0
6478,B,Ship,-0.5,3,0.573170731707317,2.5,medium,M,-0.6666666666666666,-0.04422987073664538,1
6479,C,Ship,0.0,2,-0.45121951219512196,2.5,low,F,-0.6666666666666666,0.07568914499299174,1
6480,F,Ship,0.0,4,-0.8780487804878049,2.5,high,F,0.0,0.14795203239370813,0
6481,D,Ship,0.5,4,0.0975609756097561,0.0,medium,F,0.5,0.16009967294813893,0
6482,F,Ship,0.0,4,-0.34146341463414637,2.5,medium,M,0.3333333333333333,0.39526553496340133,0
6483,A,Ship,-0.5,2,-0.45121951219512196,0.0,medium,M,0.16666666666666666,0.2669366142345429,1
6484,B,Ship,0.0,1,0.45121951219512196,1.0,low,M,-0.6666666666666666,0.08845974147329076,0
6485,C,Ship,-0.5,5,0.3170731707317073,2.5,medium,F,0.3333333333333333,0.42859367699735246,1
6486,F,Ship,-0.5,4,0.5609756097560976,1.0,medium,M,0.5,0.3974458807039402,0
6487,D,Ship,0.0,2,-0.0975609756097561,2.5,high,M,-0.6666666666666666,0.26226444479053107,0
6488,F,Ship,0.0,3,0.34146341463414637,-1.0,low,M,-0.6666666666666666,0.20619841146238904,1
6489,A,Ship,-0.5,1,-0.24390243902439024,0.0,low,F,-1.0,0.44136427347765145,0
6490,B,Ship,0.5,1,0.21951219512195122,0.0,low,F,0.5,-0.9764834137984738,1
6491,C,Ship,1.0,2,0.7926829268292683,1.0,low,F,0.5,-0.6724809219747703,1
6492,F,Ship,1.0,4,0.45121951219512196,1.0,low,F,0.5,-0.8039246223329699,1
6493,D,Ship,1.0,1,1.048780487804878,2.0,low,F,0.5,-0.7357109484503971,0
6494,F,Ship,1.5,3,-0.9878048780487805,2.0,low,F,-0.5,-0.7369568603021336,1
6495,A,Ship,1.0,1,0.8414634146341463,1.0,low,M,0.16666666666666666,-0.855007008254166,0
6496,B,Ship,1.5,4,1.0,1.0,low,F,0.16666666666666666,-0.7575144058557857,1
6497,C,Ship,1.0,2,0.573170731707317,1.0,medium,M,0.16666666666666666,-0.7033172403052484,0
6498,F,Ship,1.0,2,0.8780487804878049,1.0,low,F,-0.6666666666666666,-0.6821367388257281,0
6499,D,Ship,1.0,1,1.024390243902439,1.0,low,F,-1.0,-0.7519078025229715,1
6500,F,Ship,1.0,1,0.8902439024390244,1.0,medium,F,-1.0,-0.7998754088148263,0
6501,A,Ship,1.0,5,0.45121951219512196,1.0,medium,F,-0.6666666666666666,-0.7752686497430307,0
6502,B,Ship,0.5,2,0.2073170731707317,2.0,low,F,-0.5,-0.6964647251206977,1
6503,C,Ship,0.5,1,0.4268292682926829,2.0,medium,M,0.5,-0.8061049680735088,0
6504,F,Ship,0.5,2,0.36585365853658536,2.0,low,M,0.5,-0.7631210091885999,0
6505,D,Ship,1.5,1,0.6097560975609756,1.0,medium,F,0.3333333333333333,-0.722628874007164,1
6506,F,Ship,0.5,1,0.4878048780487805,2.0,medium,M,0.5,-0.974614546020869,0
6507,A,Ship,0.0,4,0.6097560975609756,2.5,low,F,-0.16666666666666666,-0.7447438093754867,0
6508,B,Ship,1.0,4,1.1585365853658536,1.0,low,M,0.3333333333333333,-0.7406945958573431,1
6509,C,Ship,0.5,1,1.024390243902439,1.0,low,F,-0.5,-0.715153402896745,0
6510,F,Ship,0.5,5,0.6219512195121951,2.0,medium,M,-1.0,-0.8039246223329699,0
6511,D,Ship,1.0,2,0.3902439024390244,1.0,medium,M,0.0,-0.9587291699112288,0
6512,F,Ship,0.5,2,0.0975609756097561,2.0,low,F,-0.3333333333333333,-0.8783678554742252,0
6513,A,Ship,1.5,5,0.43902439024390244,1.0,low,M,-1.0,-0.765924310855007,1
6514,B,Ship,0.0,2,0.3170731707317073,2.0,medium,M,0.0,-0.7593832736333904,1
6515,C,Ship,0.0,1,0.3902439024390244,2.5,low,F,-0.16666666666666666,-0.8764989876966205,1
6516,F,Ship,1.0,2,0.9634146341463414,2.0,medium,F,-0.5,-0.8933187976950631,0
6517,D,Ship,0.5,5,-0.3048780487804878,2.0,low,M,-0.6666666666666666,0.34418314904220526,1
6518,F,Ship,-0.5,5,0.6829268292682927,0.0,high,F,0.0,0.09655816850957795,1
6519,A,Ship,0.0,4,0.6341463414634146,0.0,low,M,0.5,0.3339043762653792,0
6520,B,Ship,-0.5,2,0.6829268292682927,0.0,medium,M,0.3333333333333333,0.5369880080984271,1
6521,C,Ship,-0.5,3,0.024390243902439025,2.5,medium,M,-0.5,0.36754399626226447,1
6522,F,Ship,-0.5,3,-0.8170731707317073,2.5,medium,F,0.0,0.5211026319887868,0
6523,D,Ship,-0.5,5,0.6829268292682927,2.5,medium,F,0.3333333333333333,0.014327986294969631,0
6524,F,Ship,-0.5,3,0.573170731707317,2.5,low,M,0.5,-0.0012459118517364897,0
6525,A,Ship,-0.5,1,0.573170731707317,2.5,medium,F,0.3333333333333333,0.3423142812646005,1
6526,B,Ship,0.0,4,-0.45121951219512196,2.5,low,M,-0.16666666666666666,0.40554430774022737,1
6527,C,Ship,0.0,2,-0.8780487804878049,2.5,high,F,0.3333333333333333,0.04080361314437004,1
6528,F,Ship,0.5,3,0.0975609756097561,0.0,medium,F,0.5,0.13954212739448685,0
6529,D,Ship,0.0,5,-0.34146341463414637,2.5,medium,F,-1.0,0.06478741629029747,0
6530,F,Ship,-0.5,3,-0.45121951219512196,0.0,medium,M,0.5,0.38156050459429997,1
6531,A,Ship,0.0,4,0.45121951219512196,1.0,low,F,-1.0,0.03208223018221461,0
6532,B,Ship,-0.5,3,0.3170731707317073,2.5,medium,M,-0.6666666666666666,0.07350879925245289,0
6533,C,Ship,-0.5,5,0.5609756097560976,1.0,medium,F,0.16666666666666666,0.004049213518143592,1
6534,F,Ship,0.0,2,-0.0975609756097561,2.5,high,M,0.0,0.4142656907023828,1
6535,D,Ship,0.0,5,0.34146341463414637,-1.0,low,M,-0.5,0.3712817318174739,0
6536,F,Ship,-0.5,2,-0.24390243902439024,0.0,low,F,-0.6666666666666666,0.5077090795826196,1
6537,A,Ship,0.5,2,0.21951219512195122,0.0,low,F,-1.0,-0.9225977262108706,1
6538,B,Ship,1.0,4,0.7926829268292683,1.0,low,F,-1.0,-0.9042205263977574,1
6539,C,Ship,1.0,3,0.45121951219512196,1.0,low,M,-1.0,-0.9092041738047033,1
6540,F,Ship,1.0,2,1.048780487804878,2.0,low,M,-0.6666666666666666,-0.7640554430774023,0
6541,D,Ship,1.5,5,-0.9878048780487805,2.0,low,F,0.0,-0.9064008721382962,1
6542,F,Ship,1.0,4,0.8414634146341463,1.0,low,F,0.5,-0.8213673882572808,0
6543,A,Ship,1.5,5,1.0,1.0,low,F,-0.8333333333333334,-0.7244977417847688,1
6544,B,Ship,1.0,1,0.573170731707317,1.0,medium,F,0.16666666666666666,-0.8176296527020713,0
6545,C,Ship,1.0,3,0.8780487804878049,1.0,low,M,-0.3333333333333333,-0.7472356330789597,1
6546,F,Ship,1.0,5,1.024390243902439,1.0,low,M,-0.6666666666666666,-0.8188755645538078,0
6547,D,Ship,1.0,3,0.8902439024390244,1.0,medium,F,0.16666666666666666,-0.7160878367855474,1
6548,F,Ship,1.0,2,0.45121951219512196,1.0,medium,F,-0.16666666666666666,-0.7117271453044697,0
6549,A,Ship,0.5,4,0.2073170731707317,2.0,low,M,0.5,-0.9039090484348232,0
6550,B,Road,0.5,1,0.4268292682926829,2.0,medium,F,-1.0,-0.7771375175206354,1
6551,C,Road,0.5,5,0.36585365853658536,2.0,low,M,-0.3333333333333333,-0.7357109484503971,0
6552,F,Road,1.5,3,0.6097560975609756,1.0,medium,M,-0.6666666666666666,-0.8886466282510512,0
6553,D,Road,0.5,4,0.4878048780487805,2.0,medium,M,0.0,-0.8110886154804547,0
6554,F,Road,0.0,1,0.6097560975609756,2.5,low,M,0.0,-0.9786637595390126,0
6555,A,Road,1.0,2,1.1585365853658536,1.0,low,F,-0.16666666666666666,-0.8764989876966205,0
6556,B,Road,0.5,1,1.024390243902439,1.0,low,M,-0.5,-0.80921974770285,0
6557,C,Road,0.5,3,0.6219512195121951,2.0,medium,F,-0.16666666666666666,-0.6914810777137518,0
6558,F,Road,1.0,2,0.3902439024390244,1.0,medium,F,0.0,-0.8883351502881172,1
6559,D,Road,0.5,5,0.0975609756097561,2.0,low,F,-0.5,-0.8839744588070394,0
6560,F,Road,1.5,1,0.43902439024390244,1.0,low,M,0.3333333333333333,-0.7036287182681825,1
6561,A,Road,1.0,5,0.6707317073170732,1.0,low,F,-0.8333333333333334,-0.9051549602865597,0
6562,B,Road,1.0,2,-0.6463414634146342,1.0,low,F,0.3333333333333333,-0.8634169132533873,0
6563,C,Road,0.0,3,0.5121951219512195,2.0,low,F,-0.3333333333333333,-0.8148263510356643,1
6564,F,Road,0.5,1,1.0853658536585367,2.0,medium,F,-0.5,-0.9780408036131444,0
6565,D,Road,0.5,3,0.524390243902439,2.0,medium,F,-0.6666666666666666,-0.6840056066033328,0
6566,F,Road,0.5,2,0.5487804878048781,2.0,low,F,-0.6666666666666666,-0.7553340601152468,1
6567,A,Road,0.0,4,0.4268292682926829,2.5,low,F,-1.0,-0.8568758760317707,1
6568,B,Road,1.0,2,0.9146341463414634,1.0,high,F,-0.6666666666666666,-0.9447126615791933,0
6569,C,Road,1.0,2,1.146341463414634,2.0,medium,F,-0.16666666666666666,-0.9440897056533251,0
6570,F,Road,1.0,3,1.0121951219512195,1.0,medium,F,-0.8333333333333334,-0.8188755645538078,1
6571,D,Road,0.0,2,0.5,2.0,low,M,-1.0,-0.8708923843638062,1
6572,F,Flight,1.0,4,0.6341463414634146,1.0,low,M,0.3333333333333333,-0.9020401806572185,1
6573,A,Flight,1.5,5,1.0731707317073171,1.0,low,M,-0.6666666666666666,-0.7948917614078804,1
6574,B,Flight,0.0,4,0.10975609756097561,2.0,medium,M,-0.5,-0.8736956860302134,0
6575,C,Flight,1.0,1,0.573170731707317,1.0,low,F,-0.16666666666666666,-0.7618750973368634,1
6576,F,Flight,0.0,1,0.7195121951219512,2.0,low,F,0.0,-0.6936614234542906,0
6577,D,Flight,1.0,5,0.5609756097560976,1.0,low,F,-0.8333333333333334,-0.9120074754711104,0
6578,F,Flight,0.5,1,0.6341463414634146,2.0,low,F,0.3333333333333333,-0.7154648808596792,0
6579,A,Flight,-1.0,1,-0.6097560975609756,2.0,low,F,0.16666666666666666,-0.704874630119919,0
6580,B,Flight,0.5,5,0.3170731707317073,2.5,medium,F,0.3333333333333333,-0.9444011836162591,0
6581,C,Flight,1.0,5,1.1097560975609757,1.0,medium,M,0.5,-0.8506463167730883,1
6582,F,Flight,0.5,3,0.4146341463414634,2.0,low,F,0.0,-0.8328920728858433,1
6583,D,Flight,1.5,2,0.7926829268292683,1.0,medium,F,-1.0,-0.8313346830711728,0
6584,F,Flight,0.5,2,0.36585365853658536,2.5,low,F,0.0,-0.8827285469553029,0
6585,A,Flight,0.5,1,0.6463414634146342,2.0,low,F,-0.5,-0.9506307428749416,0
6586,B,Flight,1.5,2,0.7439024390243902,1.0,medium,F,-0.16666666666666666,-0.8210559102943467,0
6587,C,Flight,1.0,4,1.0365853658536586,1.0,medium,M,0.3333333333333333,-0.969630898613923,1
6588,F,Flight,1.0,1,0.4878048780487805,1.0,medium,F,-0.6666666666666666,-0.8288428593676997,1
6589,D,Flight,1.0,1,0.7195121951219512,1.0,medium,F,-0.16666666666666666,-0.8176296527020713,0
6590,F,Flight,0.5,3,0.04878048780487805,2.0,low,F,-0.16666666666666666,-0.8942532315838655,1
6591,A,Flight,0.5,4,0.6463414634146342,2.0,medium,F,0.5,-0.720137050303691,1
6592,B,Flight,1.0,2,0.5487804878048781,1.0,medium,M,-0.16666666666666666,-0.9602865597258994,1
6593,C,Flight,1.5,4,0.7073170731707317,1.0,low,M,-0.6666666666666666,-0.7301043451175829,0
6594,F,Ship,0.5,4,0.8170731707317073,1.0,medium,M,0.16666666666666666,-0.9123189534340446,0
6595,D,Ship,1.0,2,0.6463414634146342,1.0,medium,F,-1.0,-0.689612209936147,0
6596,F,Ship,1.0,4,0.5609756097560976,1.0,medium,F,0.5,-0.69210403363962,0
6597,A,Ship,1.5,2,0.573170731707317,1.0,medium,M,0.3333333333333333,-0.6949073353060271,1
6598,B,Ship,0.0,1,0.06097560975609756,-1.0,medium,F,-0.8333333333333334,-0.7466126771530914,0
6599,C,Ship,0.0,3,0.6097560975609756,2.0,medium,M,-0.6666666666666666,-0.7818096869646473,0
6600,F,Ship,1.5,3,1.170731707317073,2.0,low,F,-0.3333333333333333,-0.8054820121476406,0
6601,D,Ship,1.0,4,1.0121951219512195,2.0,high,M,-0.16666666666666666,-0.7843015106681203,0
6602,F,Ship,0.0,3,0.7317073170731707,2.0,low,M,-0.3333333333333333,-0.8213673882572808,0
6603,A,Ship,0.5,5,0.3902439024390244,2.0,medium,M,-0.16666666666666666,-0.964335773244043,0
6604,B,Ship,0.5,3,0.08536585365853659,2.5,medium,F,-0.6666666666666666,-0.6818252608627939,1
6605,C,Ship,1.0,3,0.9878048780487805,1.0,low,F,0.5,-0.8266625136271609,0
6606,F,Ship,1.5,4,0.5487804878048781,1.0,low,M,-0.16666666666666666,-0.7637439651144682,0
6607,D,Ship,0.0,4,-0.926829268292683,0.0,medium,F,0.0,-0.7948917614078804,1
6608,F,Ship,-0.5,5,0.43902439024390244,-1.0,low,F,0.3333333333333333,-0.9169911228780564,0
6609,A,Ship,0.5,1,0.2682926829268293,2.5,medium,F,-0.5,-0.7612521414109952,0
6610,B,Ship,0.5,1,0.6463414634146342,2.0,medium,M,0.5,-0.8235477339978197,0
6611,C,Ship,1.0,4,0.8414634146341463,1.0,medium,M,-1.0,-0.8612365675128485,1
6612,F,Ship,1.5,1,0.36585365853658536,1.0,low,M,0.16666666666666666,-0.7263666095623734,1
6613,D,Ship,0.5,2,0.5609756097560976,2.0,low,M,0.3333333333333333,-0.7288584332658464,1
6614,F,Ship,0.5,1,0.7560975609756098,2.0,medium,M,-0.3333333333333333,-0.8693349945491357,1
6615,A,Ship,1.5,3,1.1341463414634145,1.0,low,M,-0.5,-0.7774489954835695,0
6616,B,Ship,1.0,5,0.6341463414634146,1.0,low,M,0.16666666666666666,-0.7600062295592587,0
6617,C,Ship,0.5,2,0.2804878048780488,2.0,medium,M,-0.16666666666666666,-0.9546799563930852,0
6618,F,Ship,0.0,4,0.45121951219512196,2.5,medium,M,-0.5,-0.7101697554897991,0
6619,D,Ship,0.0,1,0.4024390243902439,2.5,low,M,-0.5,-0.8721382962155427,1
6620,F,Ship,-0.5,3,0.7926829268292683,1.0,low,M,-0.6666666666666666,0.14670612054197166,0
6621,A,Ship,0.5,5,0.1951219512195122,0.0,low,F,0.5,0.31583865441520015,0
6622,B,Ship,0.0,5,0.24390243902439024,0.0,low,F,-0.5,0.2962155427503504,1
6623,C,Ship,1.0,5,-0.7560975609756098,1.0,medium,F,0.16666666666666666,0.37439651144681513,0
6624,F,Ship,-0.5,4,-0.6585365853658537,1.0,medium,M,0.3333333333333333,0.18190313035352748,1
6625,D,Ship,-0.5,2,0.5975609756097561,0.0,low,F,-0.6666666666666666,0.35944556922597726,0
6626,F,Ship,0.0,1,-0.6097560975609756,0.0,low,M,-0.5,0.5485126927269895,0
6627,A,Ship,-0.5,3,-0.06097560975609756,-1.0,medium,M,-1.0,0.2955925868244822,1
6628,B,Ship,0.5,1,0.3780487804878049,0.0,low,F,0.3333333333333333,0.16975548979909671,0
6629,C,Ship,-0.5,4,-0.5121951219512195,-1.0,low,M,-0.3333333333333333,0.5513159943933966,0
6630,F,Ship,-1.0,5,-0.4146341463414634,2.5,medium,F,0.0,0.23610029590406478,1
6631,D,Ship,-0.5,3,-0.8414634146341463,0.0,medium,F,0.16666666666666666,0.11618128017442766,0
6632,F,Ship,-0.5,4,0.4146341463414634,0.0,medium,F,-0.16666666666666666,0.24388724497741784,0
6633,A,Ship,0.5,4,0.34146341463414637,0.0,high,F,-0.5,0.20432954368478431,0
6634,B,Ship,0.0,3,0.2804878048780488,0.0,medium,F,0.16666666666666666,0.2790842547889737,1
6635,C,Ship,0.0,4,-0.13414634146341464,-1.0,low,F,-0.5,0.20059180812957483,0
6636,F,Ship,-0.5,4,-0.34146341463414637,1.0,low,M,-0.16666666666666666,0.07911540258526709,0
6637,D,Ship,0.0,1,-0.7195121951219512,2.0,low,F,-1.0,0.5721850179099829,0
6638,F,Ship,-0.5,4,-0.7439024390243902,1.0,low,M,-0.3333333333333333,0.4532004360691481,1
6639,A,Ship,-0.5,2,-0.18292682926829268,-1.0,medium,M,0.5,0.15885376109640242,0
6640,B,Ship,0.0,5,0.06097560975609756,0.0,medium,M,0.16666666666666666,0.14203395109795983,0
6641,C,Ship,0.0,1,-0.7073170731707317,-1.0,low,M,0.16666666666666666,0.4170689923687899,0
6642,F,Ship,0.5,5,-0.9634146341463414,-1.0,low,F,-1.0,0.05450864351347142,1
6643,D,Ship,-0.5,4,0.36585365853658536,0.0,medium,M,-0.8333333333333334,0.3862326740383118,0
6644,F,Ship,0.5,1,-0.3780487804878049,0.0,low,F,0.5,0.272231739604423,0
6645,A,Ship,0.0,3,0.5365853658536586,-1.0,low,F,-0.6666666666666666,0.1264600529512537,0
6646,B,Ship,1.0,2,-0.5609756097560976,-1.0,low,M,-0.6666666666666666,0.5307584488397445,0
6647,C,Ship,0.5,1,-0.6463414634146342,-1.0,medium,F,0.5,-0.01277059648029902,1
6648,F,Ship,0.0,2,0.3902439024390244,-1.0,low,M,-0.8333333333333334,0.1083943311010746,1
6649,D,Ship,-0.5,3,0.21951219512195122,1.0,medium,M,-0.6666666666666666,0.5229714997663916,0
6650,F,Ship,-0.5,3,-0.7195121951219512,-1.0,medium,F,-0.3333333333333333,0.4447905310699268,0
6651,A,Ship,0.5,5,-0.6341463414634146,-1.0,medium,M,-0.16666666666666666,0.5354306182837564,0
6652,B,Ship,0.0,3,-1.1097560975609757,1.0,medium,M,-0.16666666666666666,0.005295125369880081,0
6653,C,Ship,-0.5,4,0.25609756097560976,-1.0,low,F,0.5,0.13268961220993614,0
6654,F,Ship,0.5,1,-0.4268292682926829,-1.0,low,F,-0.6666666666666666,0.3949540570004672,0
6655,D,Ship,-0.5,5,-0.14634146341463414,-1.0,medium,M,-0.6666666666666666,0.4974303068057935,1
6656,F,Ship,0.0,5,0.7073170731707317,-1.0,medium,F,-1.0,0.38280641644603647,0
6657,A,Ship,0.0,2,-0.35365853658536583,0.0,medium,M,-1.0,0.37034729792867155,0
6658,B,Ship,-0.5,3,-0.3170731707317073,-1.0,medium,F,-0.8333333333333334,0.05824637906868089,0
6659,C,Ship,-0.5,2,0.43902439024390244,1.0,low,F,-0.6666666666666666,0.4049213518143591,1
6660,F,Ship,0.5,3,0.12195121951219512,1.0,low,M,0.0,0.12583709702538545,0
6661,D,Ship,0.0,1,0.573170731707317,0.0,low,F,0.5,0.5587914655038156,0
6662,F,Ship,-0.5,1,-0.17073170731707318,-1.0,medium,M,0.16666666666666666,0.058557857031615014,0
6663,A,Ship,0.0,1,-0.17073170731707318,1.0,medium,M,-0.6666666666666666,0.5257748014327986,0
6664,B,Ship,-1.0,1,-0.8658536585365854,0.0,low,M,-0.5,0.11306650054508643,0
6665,C,Ship,-0.5,4,-0.18292682926829268,0.0,low,M,0.0,0.29278928515807506,0
6666,F,Ship,0.0,5,-0.6951219512195121,0.0,medium,M,-0.8333333333333334,0.511446815137829,1
6667,D,Ship,-0.5,2,0.13414634146341464,0.0,high,M,-0.3333333333333333,0.048279084254788975,1
6668,F,Ship,-0.5,3,-0.7560975609756098,-1.0,medium,M,-0.6666666666666666,0.013705030369101387,1
6669,A,Ship,0.0,4,0.2682926829268293,-1.0,medium,F,-0.16666666666666666,0.2965270207132845,1
6670,B,Ship,-0.5,1,0.6341463414634146,2.0,low,M,-1.0,0.4080361314437004,0
6671,C,Ship,-0.5,2,0.35365853658536583,1.0,medium,M,-0.5,0.08129574832580595,1
6672,F,Ship,0.0,5,0.12195121951219512,2.5,high,F,-0.3333333333333333,0.47033172403052487,1
6673,D,Ship,-0.5,5,-0.7439024390243902,1.0,low,F,0.5,0.544463479208846,0
6674,F,Ship,0.0,2,0.21951219512195122,0.0,medium,F,0.0,0.4946270051393864,1
6675,A,Ship,-0.5,3,0.47560975609756095,0.0,medium,M,-0.3333333333333333,0.18844416757514407,1
6676,B,Ship,-0.5,3,-0.7804878048780488,0.0,low,M,-0.3333333333333333,0.36723251829933035,0
6677,C,Ship,0.0,3,-0.1951219512195122,-1.0,low,M,-0.3333333333333333,0.4905777916212428,1
6678,F,Ship,0.0,4,0.2073170731707317,0.0,low,M,0.3333333333333333,0.04859056221772309,1
6679,D,Ship,-0.5,5,-0.9634146341463414,-1.0,medium,F,0.3333333333333333,0.4563152156984893,1
6680,F,Ship,0.5,4,-0.7439024390243902,0.0,low,M,-0.3333333333333333,0.1750506151689768,1
6681,A,Ship,0.0,2,-0.15853658536585366,-1.0,low,M,-0.6666666666666666,0.22426413331256814,1
6682,B,Ship,0.0,4,0.7195121951219512,-1.0,medium,M,-0.16666666666666666,0.4756268494004049,1
6683,C,Ship,0.5,4,0.3780487804878049,0.0,high,M,-0.5,0.04641021647718424,0
6684,F,Ship,0.0,4,-0.6951219512195121,-1.0,low,M,0.3333333333333333,0.10652546332346986,1
6685,D,Ship,0.0,3,-0.7804878048780488,-1.0,high,F,0.16666666666666666,0.2541660177542439,1
6686,F,Ship,-0.5,3,0.35365853658536583,-1.0,low,M,-0.6666666666666666,0.16383740850334838,1
6687,A,Road,0.0,5,-1.329268292682927,2.0,high,M,-0.5,0.5217255879146551,1
6688,B,Road,0.5,4,0.08536585365853659,2.0,low,M,-0.16666666666666666,0.2834449462700514,0
6689,C,Road,-0.5,1,0.2682926829268293,2.5,medium,F,0.5,0.2208378757202928,0
6690,F,Road,0.0,4,0.5975609756097561,0.0,medium,M,-0.3333333333333333,0.013705030369101387,0
6691,D,Road,-0.5,3,-0.012195121951219513,-1.0,low,M,0.5,0.41924933810932874,0
6692,F,Road,1.0,1,0.5487804878048781,0.0,low,F,-0.6666666666666666,0.4778071951409438,0
6693,A,Road,0.0,2,-0.2926829268292683,0.0,medium,M,0.0,0.19218190313035352,0
6694,B,Road,-0.5,5,-0.012195121951219513,1.0,medium,M,0.3333333333333333,0.4363806260707055,1
6695,C,Road,0.5,3,0.573170731707317,1.0,medium,F,-0.3333333333333333,0.14764055443077403,1
6696,F,Road,-0.5,5,0.4878048780487805,0.0,medium,M,-0.3333333333333333,0.24824793645849555,0
6697,D,Road,-0.5,4,-0.7682926829268293,1.0,medium,F,-1.0,0.13642734776514562,1
6698,F,Road,0.5,1,-0.32926829268292684,1.0,medium,F,0.3333333333333333,0.4697087681046566,1
6699,A,Road,0.0,5,-0.9146341463414634,-1.0,medium,F,-1.0,0.14234542906089395,0
6700,B,Road,0.5,2,-0.5,-1.0,high,F,0.5,0.18439495405700046,0
6701,C,Road,-0.5,3,-0.9512195121951219,0.0,low,M,0.5,0.3195763899704096,0
6702,F,Road,0.0,1,0.7073170731707317,1.0,high,M,-1.0,0.45102009032860924,0
6703,D,Road,1.0,4,-1.1951219512195121,0.0,low,M,-0.16666666666666666,0.1557389814670612,0
6704,F,Road,0.0,2,-0.4024390243902439,0.0,low,M,0.5,0.019623111664849712,1
6705,A,Road,0.5,3,0.1951219512195122,0.0,medium,M,-0.5,0.23828064164460364,1
6706,B,Road,-1.0,5,-1.0609756097560976,0.0,medium,F,-0.6666666666666666,0.5653325027254322,0
6707,C,Road,-0.5,1,-0.3902439024390244,0.0,low,M,-0.8333333333333334,0.5017909982868712,0
6708,F,Road,-0.5,1,-0.34146341463414637,-1.0,medium,F,0.0,0.12677153091418783,0
6709,D,Flight,0.5,1,0.6951219512195121,1.0,low,M,-0.6666666666666666,0.14359134091263043,1
6710,F,Flight,0.5,3,-0.524390243902439,-1.0,medium,F,-1.0,0.3849867621865753,1
6711,A,Flight,0.0,3,0.2926829268292683,-1.0,medium,F,-0.8333333333333334,0.36723251829933035,0
6712,B,Flight,0.0,4,-0.36585365853658536,0.0,low,M,0.16666666666666666,0.09468930073197321,1
6713,C,Flight,0.5,2,0.0,-1.0,low,F,0.16666666666666666,0.19249338109328765,0
6714,F,Flight,0.0,4,0.7926829268292683,2.5,medium,M,-0.3333333333333333,0.23329699423765768,1
6715,D,Flight,-0.5,2,-0.5609756097560976,1.0,low,F,-1.0,0.010901728702694284,1
6716,F,Flight,1.0,4,0.08536585365853659,2.0,medium,M,0.16666666666666666,0.11275502258215231,1
6717,A,Flight,-0.5,5,0.5609756097560976,0.0,medium,M,0.0,0.38311789440897054,1
6718,B,Flight,0.0,3,-0.12195121951219512,0.0,medium,M,-0.8333333333333334,0.2681825260862794,0
6719,C,Flight,0.0,2,-0.8780487804878049,0.0,medium,F,-0.16666666666666666,0.23952655349634014,0
6720,F,Flight,0.0,3,-0.43902439024390244,0.0,medium,M,-0.6666666666666666,0.47344650365986607,0
6721,D,Flight,-1.0,1,-0.13414634146341464,0.0,medium,M,-0.16666666666666666,0.026475626849400406,0
6722,F,Flight,0.0,2,-0.4146341463414634,1.0,medium,M,0.3333333333333333,0.056066033328142036,0
6723,A,Flight,0.0,4,-0.25609756097560976,0.0,medium,F,-0.6666666666666666,0.13923064943155272,0
6724,B,Flight,0.5,4,-1.4024390243902438,-1.0,high,F,-0.5,0.03426257592275347,0
6725,C,Flight,-0.5,1,0.43902439024390244,0.0,low,M,-1.0,0.06167263666095624,0
6726,F,Flight,0.0,1,-0.7560975609756098,0.0,medium,F,-0.6666666666666666,0.03145927425634636,1
6727,D,Flight,0.0,1,0.6219512195121951,-1.0,low,F,0.5,0.39526553496340133,1
6728,F,Flight,-1.0,3,0.14634146341463414,-1.0,medium,M,-0.8333333333333334,0.12988631054352903,0
6729,A,Flight,-0.5,3,0.24390243902439024,0.0,low,M,-0.6666666666666666,0.07973835851113534,0
6730,B,Flight,0.0,3,0.13414634146341464,-1.0,high,F,-0.5,0.18159165239059336,0
6731,C,Ship,-0.5,5,-0.6463414634146342,-1.0,medium,M,0.3333333333333333,0.14764055443077403,0
6732,F,Ship,0.5,2,0.3902439024390244,0.0,medium,F,0.5,0.29933032237969165,0
6733,D,Ship,0.0,5,-0.6341463414634146,0.0,medium,F,0.5,0.2183460520168198,1
6734,F,Ship,0.0,4,-0.9634146341463414,0.0,medium,M,-0.8333333333333334,0.2700513938638841,0
6735,A,Ship,0.0,3,-0.15853658536585366,-1.0,low,F,0.5,0.22613300109017287,0
6736,B,Ship,1.0,4,0.25609756097560976,2.5,low,M,-1.0,0.4310855007008254,1
6737,C,Ship,0.5,2,0.0,-1.0,low,F,0.5,0.3248715153402897,0
6738,F,Ship,1.0,3,0.3780487804878049,2.0,medium,F,0.16666666666666666,0.47624980532627315,1
6739,D,Ship,0.5,5,-0.2682926829268293,-1.0,low,M,0.5,0.4407413175517832,0
6740,F,Ship,0.5,5,-0.4268292682926829,2.0,low,M,-0.6666666666666666,0.057311945179878525,1
6741,A,Ship,1.0,3,-0.04878048780487805,1.0,medium,M,0.3333333333333333,0.40211805014795204,0
6742,B,Ship,-0.5,2,-0.06097560975609756,-1.0,medium,F,-0.8333333333333334,0.1513782899859835,0
6743,C,Ship,0.0,2,-0.17073170731707318,0.0,medium,M,0.0,0.0541971655505373,0
6744,F,Ship,1.0,3,-0.5975609756097561,2.0,medium,M,-0.3333333333333333,0.2248870892384364,0
6745,D,Ship,-0.5,5,-0.5609756097560976,0.0,medium,M,0.0,0.045787260551315996,0
6746,F,Ship,0.0,4,-0.13414634146341464,-1.0,low,F,0.5,0.3248715153402897,0
6747,A,Ship,0.0,5,-0.14634146341463414,0.0,medium,M,0.16666666666666666,0.3946425790375331,0
6748,B,Ship,0.0,2,0.6341463414634146,0.0,medium,F,-0.8333333333333334,0.343560193116337,1
6749,C,Ship,-1.0,1,0.4146341463414634,2.5,low,F,-0.8333333333333334,0.3217567357109484,0
6750,F,Ship,0.5,3,-0.5,0.0,low,M,-0.3333333333333333,0.38810154181591655,0
6751,D,Ship,-1.0,4,-0.7073170731707317,0.0,medium,F,0.16666666666666666,0.47313502569693194,1
6752,F,Ship,-0.5,5,-1.2804878048780488,-1.0,high,M,-0.8333333333333334,0.5696931942065099,1
6753,A,Ship,-0.5,4,0.43902439024390244,0.0,low,M,-0.16666666666666666,0.21211649275813735,1
6754,B,Ship,-1.0,4,-0.23170731707317074,1.0,medium,M,-0.6666666666666666,0.46472512069771066,1
6755,C,Ship,0.0,1,-0.6585365853658537,2.0,low,F,0.5,-0.04080361314437004,1
6756,F,Ship,-1.0,5,-0.3048780487804878,0.0,low,F,-0.3333333333333333,0.36474069459585734,0
6757,D,Ship,0.0,3,0.3048780487804878,0.0,medium,M,0.3333333333333333,0.544463479208846,1
6758,F,Ship,-0.5,3,-0.12195121951219512,-1.0,medium,F,-0.3333333333333333,0.389347453667653,0
6759,A,Ship,0.0,5,-0.7073170731707317,0.0,low,M,-0.3333333333333333,0.14359134091263043,0
6760,B,Ship,0.5,2,-0.2682926829268293,0.0,high,F,0.0,0.48154493069615323,1
6761,C,Ship,0.0,2,0.23170731707317074,-1.0,low,M,0.0,0.435134714218969,1
6762,F,Ship,0.5,3,0.47560975609756095,0.0,low,F,-0.6666666666666666,0.5591029434667497,1
6763,D,Ship,-1.0,1,0.7682926829268293,2.5,low,M,0.5,0.004983647406945959,0
6764,F,Ship,0.0,2,-0.036585365853658534,-1.0,low,F,0.3333333333333333,0.5401027877277682,1
6765,A,Ship,1.0,4,-0.5121951219512195,2.5,medium,F,0.5,0.437626537922442,1
6766,B,Ship,0.5,4,-0.036585365853658534,1.0,low,F,-0.5,0.10870580906400872,1
6767,C,Ship,-1.0,3,0.4146341463414634,1.0,high,F,-0.8333333333333334,0.11586980221149354,0
6768,F,Ship,-0.5,4,-0.4634146341463415,0.0,medium,M,-0.5,0.45911851736489645,0
6769,D,Ship,0.0,1,-1.3902439024390243,2.5,medium,M,-0.16666666666666666,0.5270207132845351,0
6770,F,Ship,0.5,5,-0.23170731707317074,1.0,low,F,-1.0,0.07600062295592587,1
6771,A,Ship,-0.5,2,-0.9390243902439024,0.0,low,F,-0.5,0.4572496495872917,0
6772,B,Ship,0.0,4,-0.23170731707317074,1.0,medium,M,-0.8333333333333334,0.40959352125837095,0
6773,C,Ship,-1.0,5,-0.35365853658536583,0.0,low,F,0.3333333333333333,0.5173648964335773,0
6774,F,Ship,-0.5,1,0.43902439024390244,-1.0,medium,F,0.3333333333333333,0.18813268961220994,0
6775,D,Ship,-0.5,2,-0.7804878048780488,0.0,low,M,-0.8333333333333334,0.15916523905933655,1
6776,F,Ship,-0.5,1,-0.5853658536585366,0.0,medium,F,0.3333333333333333,0.03177075221928049,0
6777,A,Ship,0.0,5,0.524390243902439,-1.0,medium,M,-0.3333333333333333,-0.006852515184550693,0
6778,B,Ship,0.5,1,0.4268292682926829,0.0,medium,F,-0.3333333333333333,0.07568914499299174,0
6779,C,Ship,0.5,5,0.6585365853658537,0.0,medium,F,0.0,0.10309920573119452,1
6780,F,Ship,0.0,4,0.7195121951219512,0.0,low,F,-0.6666666666666666,0.49836474069459585,1
6781,D,Ship,0.5,5,0.3902439024390244,0.0,medium,F,0.3333333333333333,-0.013082074443233142,0
6782,F,Ship,0.5,1,-0.8780487804878049,2.5,medium,M,-1.0,0.21616570627628096,1
6783,A,Ship,0.5,2,-0.5609756097560976,-1.0,low,M,-0.16666666666666666,0.40959352125837095,1
6784,B,Ship,0.5,2,0.4268292682926829,0.0,low,M,0.3333333333333333,0.5696931942065099,1
6785,C,Ship,-0.5,1,0.07317073170731707,0.0,medium,F,-0.16666666666666666,0.3644292166329232,0
6786,F,Ship,0.0,3,-0.3048780487804878,-1.0,low,F,0.0,0.1918704251674194,0
6787,D,Ship,0.5,2,0.2804878048780488,1.0,low,M,-0.3333333333333333,0.45911851736489645,1
6788,F,Ship,0.0,4,0.4024390243902439,0.0,high,F,-0.8333333333333334,0.36598660644759384,1
6789,A,Ship,-0.5,4,0.43902439024390244,2.5,medium,M,-1.0,0.12272231739604424,1
6790,B,Ship,0.0,4,-0.08536585365853659,2.5,low,F,-1.0,0.14109951720915745,0
6791,C,Ship,0.0,4,-0.15853658536585366,2.5,low,M,-0.6666666666666666,0.01650833203550849,0
6792,F,Ship,0.0,2,-0.8780487804878049,-1.0,low,M,-0.16666666666666666,0.3666095623734621,0
6793,D,Ship,-0.5,1,-0.08536585365853659,-1.0,low,M,0.0,0.15262420183772,0
6794,F,Ship,-0.5,1,0.0,-1.0,high,F,0.5,0.05014795203239371,0
6795,A,Ship,0.0,3,-0.975609756097561,2.5,medium,M,0.16666666666666666,0.058557857031615014,0
6796,B,Ship,-0.5,4,-0.43902439024390244,2.5,medium,F,-0.16666666666666666,-0.0009344338888023672,0
6797,C,Ship,0.0,1,-0.34146341463414637,-1.0,low,M,-0.5,0.16726366609562374,1
6798,F,Ship,0.0,4,0.43902439024390244,0.0,low,M,0.5,0.11088615480454758,0
6799,D,Ship,0.0,3,-0.5121951219512195,0.0,medium,F,0.5,0.4002491823703473,0
6800,F,Ship,-0.5,4,0.6219512195121951,2.5,low,M,0.5,-0.03114779629341224,0
6801,A,Ship,-0.5,2,-0.6829268292682927,2.5,medium,M,0.5,0.02959040647874163,1
6802,B,Ship,-0.5,1,-0.4146341463414634,2.5,medium,M,0.5,0.4320199345896278,0
6803,C,Ship,0.0,2,-0.5,0.0,high,F,-0.6666666666666666,0.3784457249649587,0
6804,F,Ship,-0.5,3,-0.7439024390243902,2.5,medium,M,0.5,0.5055287338420806,0
6805,D,Ship,0.0,4,-0.3902439024390244,0.0,high,F,0.0,0.3264289051549603,0
6806,F,Ship,-0.5,1,-0.2682926829268293,0.0,low,F,0.3333333333333333,0.26631365830867465,0
6807,A,Ship,1.0,5,0.8658536585365854,2.5,medium,M,0.3333333333333333,-0.011524684628562529,0
6808,B,Ship,-0.5,3,-0.7682926829268293,2.5,low,F,-0.16666666666666666,0.04049213518143591,0
6809,C,Ship,-0.5,3,0.34146341463414637,-1.0,low,F,0.0,0.10964024295281109,0
6810,F,Ship,-0.5,1,0.2804878048780488,0.0,medium,F,-0.5,0.5329387945802835,0
6811,D,Ship,0.5,2,0.5487804878048781,2.0,low,F,0.0,-0.9708768104656595,0
6812,F,Ship,0.0,3,0.4268292682926829,2.5,low,M,-0.8333333333333334,-0.9665161189845819,1
6813,A,Ship,1.0,3,0.9146341463414634,1.0,high,F,-0.3333333333333333,-0.7603177075221929,0
6814,B,Ship,1.0,3,1.146341463414634,2.0,medium,F,-0.5,-0.9440897056533251,0
6815,C,Ship,1.0,3,1.0121951219512195,1.0,medium,M,-0.8333333333333334,-0.6836941286403987,0
6816,F,Ship,0.0,1,0.5,2.0,low,F,-0.5,-0.9792867154648809,0
6817,D,Ship,1.0,1,0.6341463414634146,1.0,low,M,0.3333333333333333,-0.8914499299174583,0
6818,F,Ship,1.5,2,1.0731707317073171,1.0,low,M,-0.16666666666666666,-0.7839900327051861,0
6819,A,Ship,0.0,5,0.10975609756097561,2.0,medium,F,-0.16666666666666666,-0.8004983647406946,1
6820,B,Ship,1.0,5,0.573170731707317,1.0,low,F,0.3333333333333333,-0.8979909671390749,1
6821,C,Ship,0.0,4,0.7195121951219512,2.0,low,M,0.5,-0.8824170689923688,0
6822,F,Ship,1.0,3,0.5609756097560976,1.0,low,M,0.3333333333333333,-0.9400404921351815,1
6823,D,Ship,0.5,2,0.6341463414634146,2.0,low,F,-1.0,-0.8238592119607537,1
6824,F,Road,-1.0,1,-0.6097560975609756,2.0,low,M,-0.5,-0.7603177075221929,0
6825,A,Road,0.5,3,0.3170731707317073,2.5,medium,F,-0.6666666666666666,-0.8808596791776981,0
6826,B,Road,1.0,3,1.1097560975609757,1.0,medium,F,0.3333333333333333,-0.8316461610341068,1
6827,C,Road,0.5,4,0.4146341463414634,2.0,low,F,-0.6666666666666666,-0.8341379847375798,1
6828,F,Road,1.5,3,0.7926829268292683,1.0,medium,M,0.16666666666666666,-0.9621554275035041,0
6829,D,Road,0.5,4,0.36585365853658536,2.5,low,F,0.5,-0.6762186575299798,1
6830,F,Road,0.5,4,0.6463414634146342,2.0,low,M,0.3333333333333333,-0.9755489799096714,0
6831,A,Road,1.5,1,0.7439024390243902,1.0,medium,M,0.0,-0.7459897212272232,0
6832,B,Road,0.5,1,-0.5609756097560976,-1.0,low,F,0.5,0.02834449462700514,0
6833,C,Road,0.5,2,0.4268292682926829,0.0,low,M,-0.8333333333333334,0.17037844572496497,0
6834,F,Road,-0.5,2,0.07317073170731707,0.0,medium,M,0.0,0.1264600529512537,1
6835,D,Road,0.0,4,-0.3048780487804878,-1.0,low,M,-0.3333333333333333,0.12583709702538545,0
6836,F,Road,0.5,2,0.2804878048780488,1.0,low,F,0.3333333333333333,0.5522504282821991,0
6837,A,Road,0.0,3,0.4024390243902439,0.0,high,F,-1.0,0.33172403052484034,0
6838,B,Road,-0.5,3,0.43902439024390244,2.5,medium,M,0.3333333333333333,0.3653636505217256,1
6839,C,Road,0.0,3,-0.08536585365853659,2.5,low,F,0.3333333333333333,0.009344338888023673,0
6840,F,Road,0.0,5,-0.15853658536585366,2.5,low,F,0.0,0.3709702538545398,0
6841,D,Road,0.0,5,-0.8780487804878049,-1.0,low,M,-0.8333333333333334,0.10060738202772154,0
6842,F,Road,-0.5,4,-0.08536585365853659,-1.0,low,M,-0.16666666666666666,0.5304469708768105,1
6843,A,Road,-0.5,2,0.0,-1.0,high,F,0.0,0.24575611275502257,0
6844,B,Road,0.0,5,-0.975609756097561,2.5,medium,M,-0.3333333333333333,0.02959040647874163,0
6845,C,Road,-0.5,3,-0.43902439024390244,2.5,medium,M,0.16666666666666666,0.1946737268338265,1
6846,F,Flight,0.0,2,-0.34146341463414637,-1.0,low,M,-0.8333333333333334,0.4532004360691481,1
6847,D,Flight,0.0,2,0.43902439024390244,0.0,low,M,-0.3333333333333333,0.1055910294346675,1
6848,F,Flight,0.0,1,-0.5121951219512195,0.0,medium,F,0.5,0.29808441052795515,1
6849,A,Flight,-0.5,5,0.6219512195121951,2.5,low,M,-0.16666666666666666,0.07195140943778228,0
6850,B,Flight,-0.5,1,-0.6829268292682927,2.5,medium,F,-0.16666666666666666,0.005295125369880081,0
6851,C,Flight,-0.5,3,-0.4146341463414634,2.5,medium,F,-0.5,0.2862482479364585,1
6852,F,Flight,0.0,1,-0.5,0.0,high,M,-1.0,0.49836474069459585,0
6853,D,Flight,-0.5,4,-0.7439024390243902,2.5,medium,F,-0.5,0.407101697554898,1
6854,F,Flight,0.0,3,-0.3902439024390244,0.0,high,F,-0.6666666666666666,0.4594299953278306,0
6855,A,Flight,-0.5,5,-0.2682926829268293,0.0,low,F,0.0,-0.028967450552873385,1
6856,B,Flight,1.0,3,0.8658536585365854,2.5,medium,M,0.0,0.27441208534496186,1
6857,C,Flight,-0.5,5,-0.7682926829268293,2.5,low,M,0.16666666666666666,0.16913253387322846,1
6858,F,Flight,-0.5,5,0.34146341463414637,-1.0,low,M,-1.0,0.5151845506930385,1
6859,D,Flight,-0.5,1,0.2804878048780488,0.0,medium,F,-1.0,0.10185329387945803,1
6860,F,Flight,0.5,4,0.5487804878048781,2.0,low,M,0.5,-0.9257125058402118,0
6861,A,Flight,0.0,2,0.4268292682926829,2.5,low,F,0.3333333333333333,-0.7712194362248871,1
6862,B,Flight,1.0,4,0.9146341463414634,1.0,high,F,-0.5,-0.7248092197477028,0
6863,C,Flight,1.0,2,1.146341463414634,2.0,medium,M,-0.5,-0.8864662825105124,0
6864,F,Flight,1.0,3,1.0121951219512195,1.0,medium,M,-1.0,-0.9559258682448217,0
6865,D,Flight,0.0,3,0.5,2.0,low,M,-1.0,-0.9210403363962,0
6866,F,Flight,1.0,3,0.6341463414634146,1.0,low,F,0.3333333333333333,-0.7079894097492603,0
6867,A,Flight,1.5,1,1.0731707317073171,1.0,low,M,-0.5,-0.7793178632611742,0
6868,B,Ship,0.0,4,0.10975609756097561,2.0,medium,M,-1.0,-0.9422208378757203,1
6869,C,Ship,1.0,4,0.573170731707317,1.0,low,F,-0.3333333333333333,-0.7335306027098583,1
6870,F,Ship,0.0,2,0.7195121951219512,2.0,low,F,-0.5,-0.9113845195452421,1
6871,D,Ship,1.0,3,0.5609756097560976,1.0,low,F,0.5,-0.9372371904687743,0
6872,F,Ship,0.5,2,0.6341463414634146,2.0,low,F,0.5,-0.8954991434356019,1
6873,A,Ship,-1.0,3,-0.6097560975609756,2.0,low,M,0.0,-0.9051549602865597,0
6874,B,Ship,0.5,2,0.3170731707317073,2.5,medium,F,-0.8333333333333334,-0.7154648808596792,1
6875,C,Ship,1.0,5,1.1097560975609757,1.0,medium,F,0.3333333333333333,-0.9584176919482946,0
6876,F,Ship,0.5,2,0.4146341463414634,2.0,low,M,-0.5,-0.8923843638062607,1
6877,D,Ship,1.5,2,0.7926829268292683,1.0,medium,M,-0.3333333333333333,-0.9154337330633857,0
6878,F,Ship,0.5,2,0.36585365853658536,2.5,low,M,-0.3333333333333333,-0.7621865752997975,1
6879,A,Ship,0.5,1,0.2804878048780488,2.0,medium,F,-0.8333333333333334,-0.847220059180813,1
6880,B,Ship,0.0,2,0.45121951219512196,2.5,medium,F,-1.0,-0.9328764989876966,1
6881,C,Ship,0.0,4,0.4024390243902439,2.5,low,F,-0.5,-0.96713907491045,0
6882,F,Ship,0.5,2,0.5853658536585366,2.5,medium,F,-0.5,-0.8151378289985983,1
6883,D,Ship,0.5,3,0.10975609756097561,2.0,medium,M,0.5,-0.9278928515807506,1
6884,F,Ship,0.5,5,0.7439024390243902,2.0,low,F,-0.6666666666666666,-0.9356798006541037,0
6885,A,Ship,1.0,3,-0.9146341463414634,2.5,medium,F,0.16666666666666666,-0.8923843638062607,1
6886,B,Ship,0.0,3,0.3780487804878049,2.5,low,F,-0.6666666666666666,-0.9325650210247625,0
6887,C,Ship,1.0,3,0.7804878048780488,1.0,high,F,-0.6666666666666666,-0.9705653325027255,0
6888,F,Ship,0.5,3,0.35365853658536583,2.0,low,M,-0.8333333333333334,-0.7391372060426725,1
6889,D,Ship,1.5,3,1.1585365853658536,1.0,low,F,-1.0,-0.890515496028656,1
6890,F,Ship,1.0,2,0.7926829268292683,1.0,low,M,-1.0,-0.9341224108394331,1
6891,A,Ship,1.0,3,0.4024390243902439,1.0,medium,M,-0.6666666666666666,-0.6995795047500389,0
6892,B,Ship,0.5,1,0.25609756097560976,2.0,medium,F,-0.16666666666666666,-0.9624669054664382,1
6893,C,Ship,0.5,5,0.6585365853658537,2.0,medium,F,0.5,-0.6986450708612366,0
6894,F,Ship,1.0,1,1.1585365853658536,1.0,medium,M,0.3333333333333333,-0.8858433265846442,0
6895,D,Ship,1.0,5,1.146341463414634,1.0,low,M,-0.8333333333333334,-0.9419093599127861,1
6896,F,Ship,0.5,5,0.2804878048780488,2.0,high,F,-0.8333333333333334,-0.7961376732596169,1
6897,A,Ship,1.0,2,0.9390243902439024,1.0,low,M,0.3333333333333333,-0.905777916212428,1
6898,B,Ship,0.0,2,0.6097560975609756,2.0,medium,F,-0.16666666666666666,-0.7515963245600373,1
6899,C,Ship,-1.0,2,-0.024390243902439025,1.0,medium,F,-0.6666666666666666,-0.8923843638062607,1
6900,F,Ship,0.0,5,-0.21951219512195122,1.0,low,M,0.5,-0.7646783990032705,1
6901,D,Ship,0.5,5,0.5609756097560976,2.0,low,F,-0.16666666666666666,-0.7129730571562062,0
6902,F,Ship,1.0,5,0.6341463414634146,1.0,low,F,-0.16666666666666666,-0.9182370347297929,0
6903,A,Ship,0.5,2,0.4878048780487805,2.0,high,M,-0.16666666666666666,-0.8279084254788973,1
6904,B,Ship,0.5,2,0.4268292682926829,2.0,low,F,0.16666666666666666,-0.9752375019467373,1
6905,C,Ship,1.0,5,0.7926829268292683,1.0,medium,M,0.0,-0.8874007163993147,0
6906,F,Ship,1.0,3,1.1219512195121952,1.0,high,F,-0.3333333333333333,-0.8995483569537456,1
6907,D,Ship,0.0,5,0.4268292682926829,2.0,medium,M,-0.6666666666666666,-0.8157607849244666,1
6908,F,Ship,1.0,4,1.0121951219512195,1.0,low,F,0.3333333333333333,-0.903286092508955,1
6909,A,Ship,1.0,1,0.7195121951219512,1.0,low,M,-0.16666666666666666,-0.8061049680735088,0
6910,B,Ship,1.0,4,1.0365853658536586,1.0,low,F,0.3333333333333333,-0.7263666095623734,0
6911,C,Ship,0.5,5,0.3170731707317073,2.0,medium,M,0.5,-0.8020557545553653,1
6912,F,Ship,0.5,4,0.5609756097560976,2.5,low,F,-0.8333333333333334,-0.7425634636349479,0
6913,D,Ship,0.5,1,0.45121951219512196,2.0,low,F,0.0,-0.6930384675284224,1
6914,F,Ship,0.5,5,0.5121951219512195,2.0,medium,M,-0.8333333333333334,-0.7649898769662047,1
6915,A,Ship,0.5,2,0.14634146341463414,2.0,medium,M,-0.3333333333333333,-0.7755801277059649,0
6916,B,Ship,0.5,3,0.5853658536585366,2.0,low,F,0.5,-0.9194829465815294,1
6917,C,Ship,1.5,4,0.573170731707317,2.0,low,M,-0.16666666666666666,-0.8768104656595546,0
6918,F,Ship,-1.0,2,-0.4024390243902439,-1.0,low,F,-0.16666666666666666,-0.8799252452888958,1
6919,D,Ship,1.0,1,0.4878048780487805,1.0,medium,F,-0.16666666666666666,-0.6917925556766858,1
6920,F,Ship,1.0,1,0.9024390243902439,1.0,medium,M,0.16666666666666666,-0.7297928671546489,1
6921,A,Ship,1.0,3,0.3780487804878049,1.0,low,M,0.5,-0.7322846908581218,0
6922,B,Ship,0.5,3,0.4634146341463415,-1.0,medium,M,0.3333333333333333,-0.7288584332658464,0
6923,C,Ship,0.0,1,0.9634146341463414,0.0,low,M,0.16666666666666666,-0.8793022893630276,1
6924,F,Ship,0.5,3,0.47560975609756095,1.0,low,M,0.3333333333333333,-0.7537766703005763,0
6925,D,Ship,1.0,1,0.3780487804878049,1.0,low,F,0.5,-0.7920884597414732,0
6926,F,Ship,1.0,4,0.4024390243902439,1.0,medium,M,-0.6666666666666666,-0.6861859523438717,0
6927,A,Ship,0.5,4,0.7317073170731707,2.0,low,M,0.0,-0.8652857810309921,1
6928,B,Ship,1.0,4,0.8414634146341463,1.0,low,F,0.16666666666666666,-0.8313346830711728,0
6929,C,Ship,1.0,4,0.8780487804878049,1.0,low,F,0.16666666666666666,-0.765924310855007,1
6930,F,Ship,0.5,4,0.524390243902439,2.0,low,M,0.5,-0.7643669210403364,1
6931,D,Ship,0.5,2,0.5365853658536586,2.0,low,F,-0.8333333333333334,-0.9085812178788351,1
6932,F,Ship,0.0,2,-0.15853658536585366,0.0,medium,F,-0.16666666666666666,0.45693817162435757,1
6933,A,Ship,-0.5,1,0.2073170731707317,0.0,low,M,-1.0,0.3871671079271142,1
6934,B,Ship,0.0,5,-0.6463414634146342,-1.0,high,F,-0.3333333333333333,0.30649431552717643,1
6935,C,Ship,0.5,1,0.43902439024390244,0.0,low,M,0.16666666666666666,0.5282666251362717,0
6936,F,Ship,0.0,2,-0.5487804878048781,2.5,low,F,-0.16666666666666666,0.009344338888023673,0
6937,D,Ship,0.0,4,-0.2804878048780488,-1.0,low,M,-1.0,0.05263977573586669,1
6938,F,Ship,0.0,2,0.6951219512195121,0.0,medium,F,-0.5,0.011524684628562529,1
6939,A,Ship,0.5,4,0.6951219512195121,0.0,low,M,-0.6666666666666666,0.33296994237657684,1
6940,B,Ship,0.0,2,0.12195121951219512,0.0,low,M,-1.0,0.5207911540258526,0
6941,C,Ship,-0.5,5,0.7560975609756098,2.0,low,F,0.5,0.35913409126304313,1
6942,F,Ship,0.0,1,0.6097560975609756,-1.0,low,F,-0.6666666666666666,0.34542906089394176,0
6943,D,Ship,0.5,2,-0.35365853658536583,0.0,low,M,0.5,0.06385298240149509,0
6944,F,Ship,-0.5,3,0.47560975609756095,-1.0,low,M,-0.3333333333333333,-0.011524684628562529,1
6945,A,Ship,-0.5,5,-0.7195121951219512,1.0,low,F,-1.0,0.08814826351035664,1
6946,B,Ship,0.0,1,0.06097560975609756,0.0,low,F,-0.3333333333333333,0.4619218190313035,0
6947,C,Ship,-0.5,2,-0.12195121951219512,1.0,medium,M,0.0,0.19280485905622177,0
6948,F,Ship,0.0,1,-0.21951219512195122,1.0,low,F,-0.6666666666666666,0.41956081607226287,0
6949,D,Ship,-0.5,4,-0.10975609756097561,2.0,low,F,-0.5,0.10403363961999688,0
6950,F,Ship,-0.5,4,-0.32926829268292684,0.0,low,F,0.3333333333333333,0.1794113066500545,1
6951,A,Ship,-0.5,1,0.08536585365853659,-1.0,medium,F,-0.16666666666666666,0.34823236256034884,0
6952,B,Ship,0.5,4,-0.8658536585365854,0.0,medium,F,-1.0,0.31646161034106834,1
6953,C,Ship,0.5,3,-0.9634146341463414,0.0,high,M,-0.5,0.5323158386544152,0
6954,F,Ship,-0.5,1,-0.08536585365853659,-1.0,low,F,0.0,0.4507086123656751,0
6955,D,Ship,-0.5,2,0.3780487804878049,-1.0,low,F,0.0,0.16913253387322846,0
6956,F,Ship,0.5,2,0.524390243902439,0.0,low,F,-0.8333333333333334,0.16446036442921663,1
6957,A,Ship,-0.5,1,-0.34146341463414637,0.0,high,F,-1.0,0.4812334527332191,1
6958,B,Ship,0.5,2,0.3902439024390244,0.0,low,M,-0.8333333333333334,-0.02959040647874163,1
6959,C,Ship,-0.5,4,0.5,-1.0,low,M,-0.8333333333333334,0.11057467684161346,0
6960,F,Ship,0.5,3,-0.0975609756097561,0.0,low,F,-1.0,0.15449306961532472,0
6961,D,Road,-0.5,1,-0.43902439024390244,1.0,medium,M,0.3333333333333333,0.04641021647718424,0
6962,F,Road,0.5,2,0.7317073170731707,-1.0,low,F,-0.3333333333333333,0.001557389814670612,0
6963,A,Road,-0.5,1,0.6707317073170732,1.0,low,F,0.0,0.29839588849088927,0
6964,B,Road,0.5,1,0.8292682926829268,1.0,low,F,0.3333333333333333,0.19218190313035352,0
6965,C,Road,-1.0,4,-1.2926829268292683,2.0,high,M,-0.3333333333333333,0.22582152312723874,1
6966,F,Road,0.0,5,0.6585365853658537,2.5,medium,F,0.0,0.17442765924310855,0
6967,D,Road,-1.0,3,0.012195121951219513,-1.0,medium,F,-0.6666666666666666,0.2812646005295125,1
6968,F,Road,0.0,1,-0.5487804878048781,1.0,low,M,-1.0,0.3656751284846597,0
6969,A,Road,-0.5,4,-0.5975609756097561,0.0,low,F,-0.5,0.10372216165706276,0
6970,B,Road,0.0,4,-0.2682926829268293,1.0,low,F,-0.8333333333333334,0.531692882728547,1
6971,C,Road,0.0,3,-0.0975609756097561,-1.0,low,M,0.3333333333333333,0.2887400716399315,1
6972,F,Road,-0.5,5,-0.7682926829268293,-1.0,medium,M,0.16666666666666666,0.0806727923999377,1
6973,D,Road,-0.5,4,-0.7804878048780488,0.0,low,F,-0.3333333333333333,0.24949384831023205,0
6974,F,Road,0.0,3,0.43902439024390244,0.0,low,M,0.5,0.05201681980999844,0
6975,A,Road,0.5,3,-0.5609756097560976,0.0,medium,F,-0.8333333333333334,0.5721850179099829,1
6976,B,Road,0.0,1,-0.9390243902439024,-1.0,low,M,-0.6666666666666666,0.15823080517053417,0
6977,C,Road,1.0,5,-0.8048780487804879,1.0,low,M,-1.0,0.3323469864507086,1
6978,F,Road,1.0,2,0.012195121951219513,2.0,low,F,0.0,-0.028655972589939262,0
6979,D,Road,0.0,2,0.6707317073170732,-1.0,medium,F,-0.8333333333333334,-0.04236100295904065,1
6980,F,Road,-0.5,5,-0.9146341463414634,0.0,low,F,-1.0,-0.027721538701136895,1
6981,A,Road,0.0,1,-0.10975609756097561,2.0,low,M,0.5,0.24762498053262733,0
6982,B,Road,0.5,4,-0.024390243902439025,-1.0,low,F,0.3333333333333333,0.241706899236879,0
6983,C,Flight,-0.5,3,-0.9512195121951219,-1.0,medium,M,0.5,0.49836474069459585,0
6984,F,Flight,-0.5,3,0.2073170731707317,0.0,medium,F,-0.5,-0.019000155738981468,0
6985,D,Flight,0.0,4,0.012195121951219513,-1.0,low,F,0.0,0.31210091885999064,1
6986,F,Flight,0.0,4,-0.4268292682926829,0.0,medium,F,-0.6666666666666666,0.4594299953278306,0
6987,A,Flight,-0.5,2,0.10975609756097561,1.0,medium,M,-0.6666666666666666,0.38156050459429997,0
6988,B,Flight,-0.5,5,-0.04878048780487805,0.0,low,M,-0.16666666666666666,0.44136427347765145,0
6989,C,Flight,0.0,5,-0.9878048780487805,0.0,high,F,0.16666666666666666,0.4684628562529201,1
6990,F,Flight,-0.5,1,-0.32926829268292684,-1.0,low,F,0.16666666666666666,0.04454134869957951,1
6991,D,Flight,0.0,1,0.5121951219512195,-1.0,medium,M,-0.8333333333333334,0.4612988631054353,0
6992,F,Flight,0.0,5,-0.926829268292683,-1.0,low,M,0.5,0.19903441831490423,0
6993,A,Flight,-0.5,4,-0.1951219512195122,0.0,medium,M,0.0,-0.04018065721850179,0
6994,B,Flight,0.5,5,0.5121951219512195,0.0,medium,F,-0.16666666666666666,-0.0012459118517364897,1
6995,C,Flight,0.0,3,0.4878048780487805,-1.0,low,M,-0.6666666666666666,0.435134714218969,0
6996,F,Flight,0.0,1,0.6463414634146342,-1.0,medium,M,0.3333333333333333,0.33670767793178635,1
6997,D,Flight,-0.5,2,0.8780487804878049,2.5,high,F,-0.3333333333333333,0.44821678866220216,0
6998,F,Flight,-0.5,2,0.012195121951219513,1.0,low,F,-0.6666666666666666,-0.0333281420339511,0
6999,A,Flight,0.5,5,0.0975609756097561,0.0,medium,M,-0.3333333333333333,0.24918237034729793,0
7000,B,Flight,0.5,3,0.6463414634146342,1.0,medium,F,-1.0,0.21429683849867623,1
7001,C,Flight,0.5,5,0.25609756097560976,2.0,low,F,-0.5,0.5478897368011213,1
7002,F,Flight,0.0,1,-0.4024390243902439,-1.0,low,M,-0.8333333333333334,0.001557389814670612,0
7003,D,Flight,0.0,1,-0.5,1.0,low,F,-0.3333333333333333,0.43015106681202303,1
7004,F,Flight,-0.5,5,-0.07317073170731707,0.0,low,M,-1.0,0.20370658775891606,0
7005,A,Ship,0.0,3,0.08536585365853659,-1.0,low,F,-0.16666666666666666,-0.010901728702694284,1
7006,B,Ship,-0.5,5,-0.8902439024390244,-1.0,medium,F,0.3333333333333333,0.26506774645693815,0
7007,C,Ship,0.0,1,0.2926829268292683,0.0,high,F,-0.5,0.23703472979286716,0
7008,F,Ship,-0.5,2,-1.0731707317073171,2.0,low,F,-0.16666666666666666,0.0694595857343093,1
7009,D,Ship,0.0,1,-0.21951219512195122,-1.0,low,M,-0.6666666666666666,0.18782121164927582,0
7010,F,Ship,0.0,3,-0.5487804878048781,-1.0,high,M,0.0,-0.03644292166329232,1
7011,A,Ship,-0.5,3,0.4268292682926829,0.0,low,M,0.5,0.3223796916368167,0
7012,B,Ship,0.0,2,-0.1951219512195122,2.5,medium,M,-0.3333333333333333,0.15885376109640242,0
7013,C,Ship,0.0,3,-0.2073170731707317,0.0,low,M,-0.8333333333333334,0.08129574832580595,0
7014,F,Ship,-0.5,5,0.45121951219512196,1.0,medium,F,-0.6666666666666666,0.33203550848777447,1
7015,D,Ship,0.0,4,-0.8414634146341463,0.0,medium,M,0.16666666666666666,0.5080205575455536,0
7016,F,Ship,0.0,1,0.4268292682926829,0.0,low,M,-0.5,0.34387167107927114,1
7017,A,Ship,1.0,1,-1.353658536585366,1.0,low,M,-0.8333333333333334,0.29278928515807506,0
7018,B,Ship,-1.0,5,0.6097560975609756,2.0,medium,F,-1.0,0.08627939573275191,0
7019,C,Ship,1.0,1,-0.0975609756097561,2.5,medium,F,0.16666666666666666,0.029278928515807507,1
7020,F,Ship,0.0,4,-0.9146341463414634,0.0,medium,M,-0.8333333333333334,0.3071172714530447,0
7021,D,Ship,0.5,3,0.6829268292682927,-1.0,low,F,0.0,0.3423142812646005,1
7022,F,Ship,0.0,2,0.15853658536585366,-1.0,low,M,0.16666666666666666,0.22706743497897525,1
7023,A,Ship,-0.5,1,-0.4268292682926829,-1.0,medium,F,0.5,0.21149353683226912,0
7024,B,Ship,-0.5,3,0.7195121951219512,0.0,medium,F,-0.16666666666666666,0.3488553184862171,1
7025,C,Ship,0.5,1,-0.7439024390243902,-1.0,low,F,0.0,0.24762498053262733,1
7026,F,Ship,0.0,1,-1.2439024390243902,2.5,medium,M,0.3333333333333333,0.3423142812646005,1
7027,D,Ship,1.0,3,-1.2195121951219512,1.0,high,F,0.5,0.534496184394954,0
7028,F,Ship,0.0,4,0.0,-1.0,high,F,-1.0,-0.009967294813891917,1
7029,A,Ship,-0.5,4,-0.21951219512195122,1.0,low,F,-0.5,0.274723563307896,0
7030,B,Ship,0.5,1,-0.6707317073170732,-1.0,medium,F,-0.3333333333333333,0.07257436536365053,0
7031,C,Ship,-0.5,2,0.5365853658536586,-1.0,low,M,-1.0,0.5335617505061517,0
7032,F,Ship,0.5,5,-1.0853658536585367,0.0,low,M,0.5,0.2641333125681358,0
7033,D,Ship,1.0,2,0.21951219512195122,0.0,medium,F,0.0,0.33328142033951097,1
7034,F,Ship,0.0,3,-0.21951219512195122,-1.0,high,M,0.5,0.48590562217723093,1
7035,A,Ship,0.0,2,0.524390243902439,0.0,low,M,-0.6666666666666666,0.43606914810777136,1
7036,B,Ship,-1.0,1,0.06097560975609756,1.0,low,M,-0.16666666666666666,0.30369101386076935,0
7037,C,Ship,0.0,2,0.10975609756097561,0.0,medium,F,0.0,0.5693817162435758,0
7038,F,Ship,-0.5,1,-0.5853658536585366,-1.0,low,F,0.5,-0.003737735555209469,0
7039,D,Ship,1.0,1,0.6097560975609756,0.0,high,F,-0.3333333333333333,0.08908269739915901,1
7040,F,Ship,-0.5,3,-0.3902439024390244,0.0,low,F,-0.3333333333333333,0.549758604578726,0
7041,A,Ship,0.0,1,0.5609756097560976,-1.0,medium,F,-0.8333333333333334,0.11836162591496652,0
7042,B,Ship,0.0,1,0.6585365853658537,0.0,low,M,0.16666666666666666,0.41644603644292166,0
7043,C,Ship,1.0,4,0.7073170731707317,1.0,low,F,-0.5,-0.015885376109640244,0
7044,F,Ship,0.0,5,-0.9634146341463414,0.0,low,F,-0.6666666666666666,0.1903130353527488,0
7045,D,Ship,-0.5,2,-0.6097560975609756,-1.0,medium,M,-0.6666666666666666,0.09126304313969787,1
7046,F,Ship,0.0,4,-0.7439024390243902,2.0,medium,M,0.3333333333333333,0.5198567201370503,0
7047,A,Ship,-0.5,4,-0.47560975609756095,0.0,low,M,0.16666666666666666,0.0389347453667653,1
7048,B,Ship,-0.5,1,0.2073170731707317,0.0,medium,M,0.3333333333333333,0.31116648497118826,1
7049,C,Ship,0.5,4,0.0975609756097561,0.0,low,M,-0.6666666666666666,0.4379380158853761,0
7050,F,Ship,-0.5,4,0.573170731707317,-1.0,low,F,-1.0,0.5279551471733375,0
7051,D,Ship,-0.5,2,0.10975609756097561,-1.0,low,F,0.5,0.1417224731350257,0
7052,F,Ship,-0.5,5,0.0975609756097561,2.0,medium,M,-0.8333333333333334,-0.038000311477962935,1
7053,A,Ship,0.0,5,0.3170731707317073,0.0,low,F,0.3333333333333333,0.5123812490266314,1
7054,B,Ship,0.0,5,-0.9390243902439024,-1.0,high,F,-0.16666666666666666,0.32985516274723564,0
7055,C,Ship,0.0,2,-0.4024390243902439,0.0,medium,M,-0.16666666666666666,0.5653325027254322,0
7056,F,Ship,-0.5,3,0.573170731707317,1.0,low,M,-0.6666666666666666,0.48995483569537457,1
7057,D,Ship,-0.5,1,0.14634146341463414,-1.0,low,M,-0.5,0.2040180657218502,0
7058,F,Ship,0.0,5,0.3902439024390244,-1.0,medium,F,-0.6666666666666666,0.4846597103254945,0
7059,A,Ship,-0.5,4,0.14634146341463414,-1.0,medium,F,-1.0,0.4083476094066345,0
7060,B,Ship,-0.5,4,0.2926829268292683,-1.0,low,M,-0.6666666666666666,0.17878835072418625,0
7061,C,Ship,-0.5,1,-0.5,0.0,low,F,-0.6666666666666666,0.09468930073197321,1
7062,F,Ship,-0.5,4,0.524390243902439,1.0,low,M,0.5,0.08285313814047657,0
7063,D,Ship,-0.5,2,-0.6585365853658537,1.0,low,F,0.3333333333333333,0.2999532783055599,1
7064,F,Ship,-0.5,3,-0.4268292682926829,0.0,low,F,0.3333333333333333,0.09655816850957795,1
7065,A,Ship,-0.5,1,-1.3780487804878048,2.0,low,F,-0.6666666666666666,0.20495249961065254,0
7066,B,Ship,-1.0,3,0.5975609756097561,1.0,medium,M,0.3333333333333333,0.3865441520012459,0
7067,C,Ship,-0.5,1,-0.04878048780487805,0.0,medium,M,-0.5,0.4778071951409438,0
7068,F,Ship,-0.5,4,-0.5853658536585366,1.0,low,M,-0.5,0.29839588849088927,0
7069,D,Ship,-1.0,3,-0.6219512195121951,0.0,low,F,-0.5,0.2220837875720293,0
7070,F,Ship,0.0,3,-0.8658536585365854,-1.0,medium,M,-1.0,0.07880392462233297,1
7071,A,Ship,0.0,3,0.4146341463414634,2.5,medium,M,-0.3333333333333333,0.019623111664849712,0
7072,B,Ship,-0.5,1,-0.1951219512195122,-1.0,low,F,0.16666666666666666,0.24637906868089082,0
7073,C,Ship,-0.5,1,-0.7804878048780488,-1.0,low,F,-0.16666666666666666,0.37564242329855163,0
7074,F,Ship,0.0,3,-0.23170731707317074,1.0,medium,F,-1.0,0.26631365830867465,0
7075,D,Ship,0.0,4,-0.012195121951219513,0.0,low,F,-1.0,0.03644292166329232,0
7076,F,Ship,0.0,3,0.3780487804878049,1.0,medium,M,0.16666666666666666,0.5709391060582464,1
7077,A,Ship,-0.5,1,-0.18292682926829268,0.0,medium,F,0.16666666666666666,0.43856097181124437,1
7078,B,Ship,0.0,1,-0.2682926829268293,1.0,high,M,-0.3333333333333333,-0.002180345740538857,1
7079,C,Ship,1.0,3,0.4024390243902439,2.5,medium,M,-0.6666666666666666,0.13486995795047502,0
7080,F,Ship,-0.5,5,0.08536585365853659,0.0,medium,M,0.0,0.18439495405700046,1
7081,D,Ship,-0.5,1,-0.17073170731707318,1.0,medium,F,0.3333333333333333,0.3251829933032238,0
7082,F,Ship,0.0,3,0.5609756097560976,0.0,low,F,-0.3333333333333333,0.4332658464413643,0
7083,A,Ship,0.0,5,-1.4146341463414633,1.0,low,F,-0.3333333333333333,0.15387011368945647,0
7084,B,Ship,0.5,1,-0.1951219512195122,1.0,low,F,-0.3333333333333333,0.4890204018065722,0
7085,C,Ship,0.0,1,-0.5609756097560976,-1.0,medium,F,-1.0,0.4824793645849556,1
7086,F,Ship,1.0,1,0.5609756097560976,0.0,medium,M,-1.0,0.30680579349011056,0
7087,D,Ship,0.0,1,0.6341463414634146,1.0,low,M,-0.6666666666666666,0.5058402118050148,1
7088,F,Ship,-0.5,3,0.3048780487804878,0.0,low,M,0.16666666666666666,0.37906868089082696,1
7089,A,Ship,0.0,1,0.0,2.0,medium,M,0.3333333333333333,0.5145615947671702,0
7090,B,Ship,-0.5,3,-0.13414634146341464,0.0,medium,F,0.16666666666666666,0.5544307740227379,0
7091,C,Ship,-1.0,5,0.6097560975609756,0.0,medium,F,-0.6666666666666666,0.05326273166173493,1
7092,F,Ship,0.0,3,-0.5487804878048781,2.5,medium,F,-0.8333333333333334,0.4541348699579505,0
7093,D,Ship,-0.5,1,-0.573170731707317,-1.0,low,M,-1.0,0.49836474069459585,0
7094,F,Ship,-0.5,3,0.6341463414634146,2.5,low,M,-0.8333333333333334,0.4740694595857343,1
7095,A,Ship,-0.5,2,-0.3902439024390244,2.5,low,M,-1.0,0.04796760629185485,0
7096,B,Ship,0.5,2,-0.23170731707317074,2.5,high,M,-0.3333333333333333,0.3706587758916057,1
7097,C,Ship,0.0,1,-0.7439024390243902,0.0,low,F,0.16666666666666666,0.3267403831178944,0
7098,F,Road,0.5,1,0.2926829268292683,0.0,high,M,-0.8333333333333334,0.38000311477962934,1
7099,D,Road,0.5,5,0.2926829268292683,2.5,low,M,0.3333333333333333,0.32300264756268493,0
7100,F,Road,-0.5,4,-0.4146341463414634,2.5,high,M,-0.5,0.42080672792399937,0
7101,A,Road,0.5,4,0.5853658536585366,2.5,medium,F,-1.0,-0.9257125058402118,0
7102,B,Road,0.5,2,0.10975609756097561,2.0,medium,M,-0.3333333333333333,-0.8300887712194362,1
7103,C,Road,0.5,2,0.7439024390243902,2.0,low,F,0.5,-0.6930384675284224,0
7104,F,Road,1.0,2,-0.9146341463414634,2.5,medium,M,0.16666666666666666,-0.7656128328920729,1
7105,D,Road,0.0,1,0.3780487804878049,2.5,low,F,0.0,-0.7054975860457873,1
7106,F,Road,1.0,2,0.7804878048780488,1.0,high,F,0.16666666666666666,-0.6796449151222551,0
7107,A,Road,0.5,4,0.35365853658536583,2.0,low,F,-0.3333333333333333,-0.9440897056533251,0
7108,B,Road,1.5,1,1.1585365853658536,1.0,low,F,-0.5,-0.933810932876499,0
7109,C,Road,1.0,2,0.7926829268292683,1.0,low,F,-0.3333333333333333,-0.7204485282666251,0
7110,F,Road,1.0,5,0.4024390243902439,1.0,medium,M,0.0,-0.8372527643669211,1
7111,D,Road,0.5,5,0.25609756097560976,2.0,medium,F,0.5,-0.8584332658464414,0
7112,F,Road,0.5,3,0.6585365853658537,2.0,medium,F,0.5,-0.7752686497430307,0
7113,A,Road,1.0,2,1.1585365853658536,1.0,medium,M,0.5,-0.7372683382650678,0
7114,B,Road,0.0,5,-0.012195121951219513,0.0,low,F,0.0,0.10621398536053574,0
7115,C,Road,0.0,4,0.3780487804878049,1.0,medium,F,-0.16666666666666666,0.2809531225665784,0
7116,F,Road,-0.5,1,-0.18292682926829268,0.0,medium,F,0.0,0.07101697554897991,1
7117,D,Road,0.0,3,-0.2682926829268293,1.0,high,F,-1.0,0.47344650365986607,1
7118,F,Road,1.0,5,0.4024390243902439,2.5,medium,M,-0.6666666666666666,0.2127394486840056,0
7119,A,Road,-0.5,5,0.08536585365853659,0.0,medium,F,0.16666666666666666,0.11649275813736178,0
7120,B,Flight,-0.5,4,-0.17073170731707318,1.0,medium,F,0.16666666666666666,0.24762498053262733,0
7121,C,Flight,0.0,4,0.5609756097560976,0.0,low,M,0.3333333333333333,0.02336084722005918,0
7122,F,Flight,0.0,5,-1.4146341463414633,1.0,low,M,-0.3333333333333333,0.3236256034885532,0
7123,D,Flight,0.5,1,-0.1951219512195122,1.0,low,F,-0.3333333333333333,0.27285469553029124,1
7124,F,Flight,0.0,1,-0.5609756097560976,-1.0,medium,F,0.16666666666666666,0.351035664226756,1
7125,A,Flight,1.0,4,0.5609756097560976,0.0,medium,M,0.3333333333333333,0.18096869646472513,1
7126,B,Flight,0.0,2,0.6341463414634146,1.0,low,F,0.0,0.15262420183772,0
7127,C,Flight,-0.5,1,0.3048780487804878,0.0,low,M,-0.8333333333333334,0.08596791776981778,0
7128,F,Flight,0.0,1,0.0,2.0,medium,F,-0.16666666666666666,0.1320666562840679,1
7129,D,Flight,-0.5,3,-0.13414634146341464,0.0,medium,F,-0.6666666666666666,0.014639464257903754,0
7130,F,Flight,-1.0,4,0.6097560975609756,0.0,medium,F,-0.16666666666666666,-0.03862326740383118,1
7131,A,Flight,0.0,3,-0.5487804878048781,2.5,medium,M,-0.6666666666666666,0.5631521569848933,1
7132,B,Flight,-0.5,5,-0.573170731707317,-1.0,low,M,-0.3333333333333333,0.2781498209001713,1
7133,C,Flight,-0.5,1,0.6341463414634146,2.5,low,M,-0.3333333333333333,-0.014639464257903754,1
7134,F,Flight,-0.5,3,-0.3902439024390244,2.5,low,M,-0.6666666666666666,0.4379380158853761,0
7135,D,Flight,0.5,1,-0.23170731707317074,2.5,high,F,0.16666666666666666,0.24762498053262733,1
7136,F,Flight,0.0,4,-0.7439024390243902,0.0,low,M,-0.3333333333333333,0.14795203239370813,0
7137,A,Flight,0.5,4,0.2926829268292683,0.0,high,F,-0.3333333333333333,0.5475782588381872,1
7138,B,Flight,0.5,4,0.2926829268292683,2.5,low,M,-0.6666666666666666,-0.03208223018221461,0
7139,C,Flight,-0.5,4,-0.4146341463414634,2.5,high,M,-0.5,0.0806727923999377,0
7140,F,Flight,0.5,1,0.5853658536585366,2.5,medium,M,-1.0,-0.7640554430774023,0
7141,D,Flight,0.5,5,0.10975609756097561,2.0,medium,F,-0.3333333333333333,-0.7696620464102165,0
7142,F,Ship,0.5,3,0.7439024390243902,2.0,low,M,0.0,-0.8721382962155427,0
7143,A,Ship,1.0,5,-0.9146341463414634,2.5,medium,F,0.5,-0.9556143902818875,1
7144,B,Ship,0.0,4,0.3780487804878049,2.5,low,F,-0.16666666666666666,-0.84472823547734,1
7145,C,Ship,1.0,5,0.7804878048780488,1.0,high,F,-0.16666666666666666,-0.7438093754866844,0
7146,F,Ship,0.5,4,0.35365853658536583,2.0,low,F,-0.8333333333333334,-0.7824326428905155,0
7147,D,Ship,1.5,4,1.1585365853658536,1.0,low,M,0.0,-0.7067434978975238,0
7148,F,Ship,1.0,4,0.7926829268292683,1.0,low,M,0.3333333333333333,-0.9409749260239838,0
7149,A,Ship,1.0,2,0.4024390243902439,1.0,medium,M,0.16666666666666666,-0.6877433421585423,0
7150,B,Ship,0.5,5,0.25609756097560976,2.0,medium,M,0.3333333333333333,-0.9708768104656595,1
7151,C,Ship,0.5,5,0.7317073170731707,2.0,low,M,0.0,-0.7083008877121943,1
7152,F,Ship,1.0,5,0.8414634146341463,1.0,low,M,-0.6666666666666666,-0.8643513471421896,1
7153,D,Ship,1.0,5,0.8780487804878049,1.0,low,M,0.3333333333333333,-0.893007319732129,1
7154,F,Ship,0.5,1,0.524390243902439,2.0,low,M,0.3333333333333333,-0.8783678554742252,0
7155,A,Ship,0.5,4,0.10975609756097561,2.0,low,M,-0.8333333333333334,-0.8562529201059025,0
7156,B,Ship,0.0,5,0.3048780487804878,2.0,low,F,0.0,-0.9805326273166174,1
7157,C,Ship,0.0,5,0.3902439024390244,2.5,low,M,-1.0,-0.8562529201059025,1
7158,F,Ship,1.5,2,0.9878048780487805,1.0,low,F,0.5,-0.7980065410372216,0
7159,D,Ship,1.0,1,1.1097560975609757,1.0,low,M,-0.3333333333333333,-0.7976950630742875,0
7160,F,Ship,-0.5,4,-0.45121951219512196,1.0,medium,F,-0.6666666666666666,-0.9347453667653014,0
7161,A,Ship,0.5,3,0.524390243902439,2.0,low,F,-0.6666666666666666,-0.8992368789908114,1
7162,B,Ship,1.0,2,1.1219512195121952,1.0,low,F,-0.16666666666666666,-0.9425323158386544,0
7163,C,Ship,0.0,3,0.14634146341463414,2.5,medium,M,-0.16666666666666666,-0.7615636193739292,1
7164,F,Ship,0.0,5,0.17073170731707318,2.0,low,M,0.3333333333333333,-0.8621710014016508,0
7165,D,Ship,0.5,4,0.13414634146341464,2.0,low,M,0.0,-0.8325805949229093,0
7166,F,Ship,1.5,5,0.9146341463414634,1.0,low,F,-0.3333333333333333,-0.7117271453044697,1
7167,A,Ship,0.5,4,0.573170731707317,2.0,low,M,-0.8333333333333334,-0.8534496184394954,0
7168,B,Ship,0.5,3,0.5,2.0,medium,F,0.5,-0.704874630119919,0
7169,C,Ship,0.5,3,0.6341463414634146,2.0,medium,F,-0.8333333333333334,-0.8219903441831491,1
7170,F,Ship,1.0,3,0.926829268292683,1.0,low,M,-0.3333333333333333,-0.7366453823391995,0
7171,D,Ship,0.0,5,0.25609756097560976,2.0,low,M,-0.16666666666666666,-0.8375642423298552,0
7172,F,Ship,1.0,4,0.43902439024390244,1.0,low,M,-0.6666666666666666,-0.8282199034418315,1
7173,A,Ship,0.5,3,0.3780487804878049,2.0,low,F,-0.6666666666666666,-0.8534496184394954,0
7174,B,Ship,1.0,4,0.8780487804878049,1.0,medium,M,0.3333333333333333,-0.9509422208378757,1
7175,C,Ship,0.5,5,0.6951219512195121,1.0,low,M,0.3333333333333333,-0.6727923999377045,0
7176,F,Ship,0.0,4,0.34146341463414637,2.5,low,F,0.3333333333333333,-0.9210403363962,1
7177,D,Ship,1.5,5,0.8292682926829268,2.0,low,M,0.16666666666666666,-0.9524996106525463,1
7178,F,Ship,0.0,1,0.4878048780487805,2.0,low,F,0.0,-0.9799096713907491,0
7179,A,Ship,0.5,2,0.34146341463414637,2.0,medium,F,-1.0,-0.979598193427815,1
7180,B,Ship,0.5,5,0.5975609756097561,1.0,low,F,0.3333333333333333,-0.80921974770285,0
7181,C,Ship,1.5,5,0.7804878048780488,1.0,low,F,-0.3333333333333333,-0.9415978819498521,1
7182,F,Ship,1.0,5,0.5,1.0,low,M,-0.6666666666666666,-0.7864818564086591,1
7183,D,Ship,0.0,4,-0.36585365853658536,0.0,low,M,-0.5,-0.8780563775112911,1
7184,F,Ship,1.0,4,0.524390243902439,1.0,medium,F,0.3333333333333333,-0.9472044852826662,1
7185,A,Ship,-0.5,2,0.0,-1.0,medium,M,-0.6666666666666666,-0.6746612677153091,1
7186,B,Ship,1.0,1,1.0609756097560976,1.0,low,F,-0.6666666666666666,-0.918548512692727,1
7187,C,Ship,1.0,1,0.6097560975609756,1.0,medium,M,-1.0,-0.8958106213985361,0
7188,F,Ship,0.5,3,0.5121951219512195,2.0,medium,M,-0.3333333333333333,-0.9559258682448217,1
7189,D,Ship,0.5,5,0.7439024390243902,2.5,low,M,-1.0,-0.8229247780719514,0
7190,F,Ship,0.0,1,0.2682926829268293,2.0,medium,M,-0.5,-0.6840056066033328,0
7191,A,Ship,0.5,2,1.0853658536585367,1.0,low,F,0.3333333333333333,-0.9110730415823081,1
7192,B,Ship,1.0,3,0.8536585365853658,1.0,medium,M,-0.5,-0.7777604734465037,1
7193,C,Ship,0.0,4,0.18292682926829268,2.5,low,M,-0.8333333333333334,-0.8939417536209313,0
7194,F,Ship,0.5,3,0.5365853658536586,2.0,low,F,-0.5,-0.7737112599283601,1
7195,D,Ship,0.5,1,0.35365853658536583,2.0,low,M,-0.6666666666666666,-0.9602865597258994,1
7196,F,Ship,1.0,1,1.1219512195121952,1.0,medium,M,0.16666666666666666,-0.8631054352904532,0
7197,A,Ship,0.0,2,0.25609756097560976,2.5,low,M,-0.16666666666666666,-0.8606136115869802,0
7198,B,Ship,0.0,3,-0.7804878048780488,1.0,low,F,-0.5,-0.9743030680579349,0
7199,C,Ship,1.0,4,0.9390243902439024,1.0,low,F,-0.3333333333333333,-0.9459585734309298,1
7200,F,Ship,1.5,3,0.7804878048780488,1.0,low,M,-0.8333333333333334,-0.9690079426880548,1
7201,D,Ship,0.5,5,0.3170731707317073,2.5,low,F,0.5,-0.6737268338265068,0
7202,F,Ship,1.0,1,0.7073170731707317,1.0,medium,M,0.5,-0.8145148730727301,1
7203,A,Ship,0.5,5,0.3902439024390244,2.0,low,F,-0.16666666666666666,-0.6970876810465659,0
7204,B,Ship,1.0,2,0.6341463414634146,1.0,medium,M,-0.6666666666666666,-0.9528110886154805,0
7205,C,Ship,0.5,4,0.4634146341463415,2.0,low,F,0.5,-0.9761719358355396,1
7206,F,Ship,1.0,5,0.4878048780487805,1.0,low,F,-0.8333333333333334,-0.7241862638218346,0
7207,D,Ship,1.5,3,1.1097560975609757,1.0,medium,F,-0.6666666666666666,-0.8481544930696153,1
7208,F,Ship,1.0,5,1.1341463414634145,1.0,high,M,-0.6666666666666666,-0.8543840523282977,0
7209,A,Ship,1.0,4,0.7804878048780488,2.0,low,M,-0.3333333333333333,-0.9247780719514095,0
7210,B,Ship,1.0,3,0.6219512195121951,2.0,medium,M,0.5,-0.7014483725276437,0
7211,C,Ship,1.0,5,0.4146341463414634,1.0,low,F,0.5,-0.9792867154648809,0
7212,F,Ship,1.5,5,1.0365853658536586,1.0,low,M,-0.5,-0.9646472512069771,1
7213,D,Ship,1.0,2,0.8048780487804879,1.0,low,M,0.5,-0.7111041893786014,1
7214,F,Ship,1.5,4,0.4024390243902439,1.0,low,F,0.3333333333333333,-0.9098271297305716,0
7215,A,Ship,1.0,1,0.7195121951219512,1.0,low,M,-0.6666666666666666,-0.8684005606603333,1
7216,B,Ship,1.0,2,0.4878048780487805,2.0,low,M,0.0,-0.7821211649275813,1
7217,C,Ship,0.5,2,0.3902439024390244,2.0,medium,F,0.3333333333333333,-0.7079894097492603,0
7218,F,Ship,1.5,4,0.45121951219512196,2.0,low,M,-0.6666666666666666,-0.8459741473290765,0
7219,D,Ship,0.5,5,0.5853658536585366,2.0,low,M,0.3333333333333333,-0.8562529201059025,0
7220,F,Ship,0.5,1,0.3780487804878049,2.0,low,F,-0.6666666666666666,-0.6830711727145304,1
7221,A,Ship,0.0,2,0.7195121951219512,2.0,medium,F,0.16666666666666666,-0.669366142345429,0
7222,B,Ship,-0.5,1,0.6585365853658537,1.0,medium,F,-0.5,0.2669366142345429,0
7223,C,Ship,0.0,2,0.36585365853658536,2.0,low,F,0.0,0.3700358199657374,0
7224,F,Ship,-0.5,3,0.5609756097560976,-1.0,low,M,-0.16666666666666666,0.27877277682603957,0
7225,D,Ship,-0.5,1,0.6951219512195121,0.0,low,M,-0.5,-0.01277059648029902,0
7226,F,Ship,0.5,4,0.06097560975609756,-1.0,medium,F,-0.3333333333333333,0.23983803145927426,1
7227,A,Ship,0.0,1,-0.25609756097560976,0.0,medium,F,0.3333333333333333,0.3753309453356175,0
7228,B,Ship,0.5,5,-0.7926829268292683,0.0,medium,M,0.3333333333333333,0.5700046721694441,0
7229,C,Ship,-0.5,5,0.6585365853658537,-1.0,low,F,-0.5,0.5482012147640555,0
7230,F,Ship,-0.5,5,-0.7682926829268293,-1.0,low,M,-0.6666666666666666,0.27721538701136894,0
7231,D,Ship,0.0,3,-0.524390243902439,-1.0,medium,M,0.5,0.330789596636038,0
7232,F,Ship,-0.5,3,-0.14634146341463414,-1.0,medium,F,-1.0,0.3335928983024451,1
7233,A,Ship,0.5,2,-0.4878048780487805,1.0,medium,M,0.16666666666666666,0.4603644292166329,1
7234,B,Ship,0.0,2,0.15853658536585366,0.0,medium,M,0.0,-0.03363961999688522,0
7235,C,Road,1.0,3,-0.47560975609756095,1.0,low,M,-0.6666666666666666,-0.0018688677776047345,0
7236,F,Road,-0.5,4,-0.2804878048780488,0.0,medium,M,-0.16666666666666666,0.1361158698022115,1
7237,D,Road,0.0,5,0.3170731707317073,0.0,low,F,-0.3333333333333333,0.493692571250584,1
7238,F,Road,-0.5,1,0.2926829268292683,0.0,medium,F,-0.16666666666666666,0.29372371904687744,0
7239,A,Road,-0.5,3,-1.4024390243902438,2.0,medium,M,0.3333333333333333,0.4114623890359757,0
7240,B,Road,-0.5,5,-0.8780487804878049,0.0,low,F,-0.8333333333333334,0.14639464257903753,0
7241,C,Road,0.0,5,-0.8048780487804879,0.0,high,F,-0.16666666666666666,0.4123968229247781,1
7242,F,Road,0.0,5,-1.0365853658536586,2.0,medium,M,0.0,0.437626537922442,1
7243,D,Road,1.0,3,0.5853658536585366,2.5,high,M,-0.3333333333333333,0.1111976327674817,0
7244,F,Road,0.0,4,-0.2926829268292683,-1.0,low,M,-0.8333333333333334,0.09686964647251207,0
7245,A,Road,0.5,1,0.6585365853658537,2.0,medium,M,-1.0,0.17287026942843794,0
7246,B,Road,-0.5,5,-0.10975609756097561,1.0,low,M,-0.8333333333333334,0.3566422675595702,0
7247,C,Road,-0.5,1,-0.34146341463414637,-1.0,medium,M,-0.6666666666666666,0.5198567201370503,0
7248,F,Road,-0.5,2,-0.35365853658536583,1.0,low,F,0.16666666666666666,0.43482323625603486,0
7249,D,Road,0.5,4,-0.5,0.0,low,M,0.3333333333333333,0.39962622644447904,0
7250,F,Road,-0.5,2,-0.07317073170731707,-1.0,high,M,-1.0,0.2647562684940041,0
7251,A,Road,0.5,1,-0.45121951219512196,-1.0,medium,M,0.3333333333333333,0.2280018688677776,0
7252,B,Road,-0.5,1,-0.2926829268292683,0.0,low,F,-1.0,0.28531381404765616,1
7253,C,Road,0.5,4,0.524390243902439,0.0,medium,F,-0.6666666666666666,0.23236256034885533,1
7254,F,Road,-0.5,4,-0.5609756097560976,0.0,medium,M,-0.3333333333333333,0.32206821367388255,0
7255,D,Road,-0.5,2,0.18292682926829268,0.0,low,M,-0.8333333333333334,0.09282043295436848,1
7256,F,Road,0.0,1,-0.7560975609756098,-1.0,high,M,-0.8333333333333334,0.3884130197788506,0
7257,A,Flight,0.5,4,-0.7317073170731707,-1.0,medium,M,0.5,0.4737579816228002,0
7258,B,Flight,0.5,5,0.3048780487804878,0.0,medium,M,0.16666666666666666,0.2572807973835851,0
7259,C,Flight,-0.5,5,0.4634146341463415,-1.0,low,M,-0.8333333333333334,0.23018221460831645,1
7260,F,Flight,0.0,4,0.5365853658536586,-1.0,medium,F,-0.3333333333333333,0.0666562840679022,1
7261,D,Flight,0.0,5,-0.36585365853658536,1.0,medium,F,-0.6666666666666666,0.3990032705186108,1
7262,F,Flight,0.0,3,-0.8048780487804879,2.0,medium,M,-0.8333333333333334,-0.026164148886466284,1
7263,A,Flight,0.5,2,0.3170731707317073,-1.0,medium,M,-0.5,0.09282043295436848,1
7264,B,Flight,1.0,2,-0.5487804878048781,-1.0,medium,M,0.3333333333333333,0.44572496495872915,0
7265,C,Flight,-0.5,4,-0.7073170731707317,0.0,medium,M,-0.5,0.11524684628562529,1
7266,F,Flight,0.0,4,0.6097560975609756,0.0,medium,F,0.3333333333333333,0.4379380158853761,1
7267,D,Flight,0.0,5,0.10975609756097561,0.0,medium,M,0.0,0.5242174116181281,1
7268,F,Flight,0.5,4,0.23170731707317074,0.0,low,M,-0.16666666666666666,0.039246223329699424,1
7269,A,Flight,-0.5,4,0.1951219512195122,0.0,medium,F,0.0,0.5425946114312412,0
7270,B,Flight,-1.0,3,-0.47560975609756095,2.5,high,F,-0.16666666666666666,0.3712817318174739,1
7271,C,Flight,0.0,3,-0.7195121951219512,0.0,high,F,-0.8333333333333334,0.11991901572963713,0
7272,F,Flight,0.0,2,0.07317073170731707,-1.0,medium,M,-0.3333333333333333,0.53418470643202,0
7273,D,Flight,0.0,2,0.8414634146341463,-1.0,high,F,-1.0,-0.010590250739760162,0
7274,F,Flight,-0.5,3,0.3048780487804878,1.0,low,F,-0.3333333333333333,-0.020246067590717957,1
7275,A,Flight,0.5,2,0.4146341463414634,-1.0,low,F,0.5,0.2068213673882573,0
7276,B,Flight,0.0,3,0.5121951219512195,0.0,low,F,-0.5,0.2862482479364585,1
7277,C,Flight,0.0,2,0.6463414634146342,-1.0,low,M,0.0,0.4974303068057935,1
7278,F,Flight,-0.5,5,-0.08536585365853659,1.0,low,M,0.5,-0.01775424388724498,1
7279,D,Ship,-0.5,1,-0.12195121951219512,1.0,medium,F,-0.16666666666666666,0.5534963401339356,1
7280,F,Ship,0.0,4,-0.06097560975609756,-1.0,medium,F,-0.6666666666666666,0.08036131443700358,0
7281,A,Ship,0.0,3,-0.3780487804878049,0.0,low,M,-0.5,0.5348076623578881,0
7282,B,Ship,-1.0,5,-0.9024390243902439,1.0,high,F,-0.8333333333333334,0.15168976794891761,1
7283,C,Ship,0.0,3,-0.6463414634146342,0.0,high,F,0.0,0.20246067590717956,1
7284,F,Ship,0.0,3,-0.7682926829268293,0.0,medium,F,0.3333333333333333,0.2364117738669989,0
7285,D,Ship,0.5,4,0.524390243902439,-1.0,medium,M,0.5,0.2946581529356798,0
7286,F,Ship,-0.5,4,-0.18292682926829268,0.0,medium,F,-0.6666666666666666,-0.02554119296059804,0
7287,A,Ship,0.0,1,-0.2804878048780488,-1.0,low,F,-0.5,0.5301354929138763,1
7288,B,Ship,-0.5,5,0.2682926829268293,-1.0,low,M,0.5,0.5002336084722006,1
7289,C,Ship,0.0,3,0.036585365853658534,0.0,medium,F,0.0,0.17878835072418625,1
7290,F,Ship,0.5,3,-0.14634146341463414,-1.0,low,F,-0.16666666666666666,0.4880859679177698,0
7291,D,Ship,-0.5,4,0.3902439024390244,0.0,high,F,-1.0,0.03862326740383118,1
7292,F,Ship,0.0,4,-0.24390243902439024,1.0,low,F,0.5,0.2725432175673571,0
7293,A,Ship,-0.5,2,0.08536585365853659,-1.0,medium,M,0.5,0.17629652702071327,1
7294,B,Ship,0.0,4,0.2073170731707317,2.0,low,F,-0.16666666666666666,0.41520012459118516,0
7295,C,Ship,0.5,5,0.4878048780487805,2.0,low,F,-0.8333333333333334,0.08627939573275191,0
7296,F,Ship,0.0,3,0.4634146341463415,-1.0,low,M,-0.16666666666666666,0.3479208845974147,1
7297,D,Ship,-0.5,5,-0.21951219512195122,0.0,high,F,-0.5,0.1308207444323314,0
7298,F,Ship,0.5,5,-1.3414634146341464,1.0,high,F,0.3333333333333333,0.468151378289986,0
7299,A,Ship,0.5,5,-0.7073170731707317,1.0,low,F,-0.3333333333333333,0.572496495872917,1
7300,B,Ship,0.5,4,0.43902439024390244,1.0,low,M,-0.8333333333333334,0.010590250739760162,0
7301,C,Ship,-0.5,4,0.6463414634146342,-1.0,low,M,0.3333333333333333,0.5578570316150132,0
7302,F,Ship,-0.5,2,-0.2073170731707317,1.0,medium,M,-1.0,0.3304781186731039,1
7303,D,Ship,-0.5,4,0.15853658536585366,1.0,low,F,0.3333333333333333,0.4099049992213051,0
7304,F,Ship,0.5,1,0.4146341463414634,0.0,low,F,-0.8333333333333334,-0.023049369257125057,0
7305,A,Ship,-0.5,3,0.7317073170731707,0.0,medium,M,-0.6666666666666666,0.3139697866375954,0
7306,B,Ship,1.0,1,0.21951219512195122,2.5,low,M,-0.5,0.5382339199501636,0
7307,C,Ship,-0.5,2,-0.4024390243902439,0.0,low,M,-0.5,0.5659554586513004,1
7308,F,Ship,-1.0,5,-1.3780487804878048,0.0,low,M,0.5,0.06354150443856098,0
7309,D,Ship,0.0,4,-0.6463414634146342,-1.0,medium,F,0.16666666666666666,0.06198411462389036,1
7310,F,Ship,0.0,2,0.6585365853658537,-1.0,medium,F,0.16666666666666666,0.021803457405388568,0
7311,A,Ship,0.0,4,0.04878048780487805,1.0,medium,F,0.5,0.2547889736801121,0
7312,B,Ship,-0.5,2,-0.2682926829268293,0.0,low,M,-1.0,0.049524996106525464,1
7313,C,Ship,-1.0,3,-0.2073170731707317,-1.0,medium,F,-0.8333333333333334,0.03986917925556767,0
7314,F,Ship,0.0,4,0.47560975609756095,-1.0,medium,F,-0.3333333333333333,0.4594299953278306,0
7315,D,Ship,-0.5,1,-0.3780487804878049,1.0,low,M,-0.3333333333333333,0.3666095623734621,0
7316,F,Ship,-0.5,5,-0.45121951219512196,1.0,high,M,0.3333333333333333,0.36193739292945026,0
7317,A,Ship,0.5,1,0.32926829268292684,0.0,low,F,0.0,0.30680579349011056,1
7318,B,Ship,-0.5,5,-0.4146341463414634,1.0,low,F,0.3333333333333333,0.297772932565021,1
7319,C,Ship,0.5,2,-0.6829268292682927,0.0,medium,M,-0.8333333333333334,0.3339043762653792,0
7320,F,Ship,0.0,1,-0.06097560975609756,0.0,low,F,0.0,0.20526397757358666,1
7321,D,Ship,0.5,4,0.7195121951219512,2.5,medium,F,0.0,-0.02834449462700514,1
7322,F,Ship,1.0,2,0.14634146341463414,1.0,high,F,0.0,0.4519545242174116,0
7323,A,Ship,0.0,3,-0.43902439024390244,0.0,medium,M,-0.16666666666666666,0.13300109017287026,0
7324,B,Ship,0.5,1,-0.7682926829268293,2.5,medium,M,-0.8333333333333334,0.11836162591496652,0
7325,C,Ship,-0.5,1,-0.024390243902439025,-1.0,medium,M,0.0,0.27192026164148886,0
7326,F,Ship,-0.5,2,0.3048780487804878,1.0,medium,F,0.5,0.08129574832580595,0
7327,D,Ship,0.5,3,0.524390243902439,2.0,medium,M,-0.3333333333333333,0.010590250739760162,0
7328,F,Ship,-0.5,3,-0.5975609756097561,-1.0,low,M,0.16666666666666666,0.5182993303223797,0
7329,A,Ship,0.0,3,-0.3780487804878049,-1.0,medium,F,0.16666666666666666,0.47998754088148265,1
7330,B,Ship,0.0,5,-0.9634146341463414,0.0,low,M,-1.0,0.2691169599750818,0
7331,C,Ship,0.0,1,-0.17073170731707318,0.0,low,M,-0.3333333333333333,0.16726366609562374,0
7332,F,Ship,0.0,2,-0.6341463414634146,1.0,medium,M,0.0,0.3566422675595702,0
7333,D,Ship,-0.5,3,0.04878048780487805,0.0,medium,M,-0.16666666666666666,0.3547733997819654,1
7334,F,Ship,-0.5,4,-0.6829268292682927,-1.0,medium,M,0.0,0.18532938794580284,0
7335,A,Ship,0.0,2,-0.012195121951219513,0.0,medium,M,0.16666666666666666,0.33172403052484034,1
7336,B,Ship,-0.5,1,0.012195121951219513,-1.0,medium,F,0.3333333333333333,0.24637906868089082,0
7337,C,Ship,-0.5,3,0.6585365853658537,-1.0,high,F,-0.3333333333333333,0.32580594922909206,0
7338,F,Ship,-0.5,1,-0.08536585365853659,1.0,low,M,0.3333333333333333,0.03208223018221461,0
7339,D,Ship,-1.0,5,0.6829268292682927,2.5,medium,F,-1.0,0.4753153714374708,0
7340,F,Ship,0.5,2,0.3780487804878049,-1.0,low,M,-0.16666666666666666,0.37906868089082696,1
7341,A,Ship,0.0,2,-0.7317073170731707,-1.0,medium,F,-0.16666666666666666,0.17318174739137207,1
7342,B,Ship,-0.5,1,-0.7195121951219512,0.0,medium,F,-0.8333333333333334,0.40398691792555674,0
7343,C,Ship,0.0,4,0.2926829268292683,0.0,low,F,0.0,0.17442765924310855,0
7344,F,Ship,-0.5,2,-0.7682926829268293,-1.0,medium,M,-1.0,0.3208223018221461,0
7345,D,Ship,-0.5,4,-0.35365853658536583,-1.0,low,M,-0.5,0.5534963401339356,0
7346,F,Ship,0.0,3,-0.524390243902439,0.0,medium,F,0.16666666666666666,0.21087058090640087,0
7347,A,Ship,-0.5,2,-0.0975609756097561,-1.0,low,F,0.0,0.011213206665628406,1
7348,B,Ship,-0.5,3,0.21951219512195122,-1.0,low,M,-0.3333333333333333,0.03301666407101698,1
7349,C,Ship,0.0,2,-0.32926829268292684,-1.0,medium,F,0.0,0.42828219903441833,1
7350,F,Ship,0.0,4,-0.06097560975609756,0.0,medium,M,0.16666666666666666,0.5404142656907024,1
7351,D,Ship,0.0,2,0.5853658536585366,0.0,low,M,-0.8333333333333334,-0.0417380470331724,0
7352,F,Ship,-0.5,2,-0.7317073170731707,0.0,low,F,-0.16666666666666666,0.4332658464413643,1
7353,A,Ship,0.5,1,-0.6219512195121951,0.0,medium,F,-1.0,0.32549447126615794,0
7354,B,Ship,0.0,1,0.524390243902439,-1.0,low,M,0.0,0.22426413331256814,0
7355,C,Ship,-0.5,5,0.6219512195121951,1.0,low,F,0.16666666666666666,0.2921663292322068,1
7356,F,Ship,-0.5,2,0.07317073170731707,0.0,low,F,0.0,0.42174116181280175,0
7357,D,Ship,-0.5,1,-0.15853658536585366,0.0,low,F,-0.16666666666666666,0.2504282821990344,0
7358,F,Ship,-1.0,4,0.6585365853658537,1.0,low,M,-0.3333333333333333,0.07818096869646472,1
7359,A,Ship,0.0,1,-0.9146341463414634,0.0,medium,M,0.0,0.12490266313658309,0
7360,B,Ship,-0.5,5,0.32926829268292684,1.0,low,F,-0.6666666666666666,0.2809531225665784,0
7361,C,Ship,0.0,4,-0.8414634146341463,0.0,high,M,-0.8333333333333334,0.47220059180812957,0
7362,F,Ship,0.0,3,-0.6951219512195121,0.0,medium,M,0.3333333333333333,0.26195296682759694,0
7363,D,Ship,0.0,3,-0.13414634146341464,-1.0,medium,F,0.0,0.011213206665628406,0
7364,F,Ship,0.0,4,-0.6219512195121951,0.0,medium,M,0.0,0.09780408036131444,0
7365,A,Ship,0.0,1,0.5975609756097561,-1.0,low,F,-0.3333333333333333,-0.04329543684784302,1
7366,B,Ship,0.5,5,0.5365853658536586,1.0,high,F,-0.3333333333333333,0.12864039869179256,0
7367,C,Ship,0.5,3,0.45121951219512196,0.0,medium,F,0.16666666666666666,0.02460675907179567,1
7368,F,Ship,-0.5,4,-0.9024390243902439,2.5,low,M,0.3333333333333333,0.12739448684005605,0
7369,D,Ship,0.0,1,-0.4268292682926829,1.0,medium,F,-0.8333333333333334,-0.024295281108861547,1
7370,F,Ship,0.5,4,-0.036585365853658534,-1.0,medium,F,0.0,0.1822146083164616,0
7371,A,Ship,-0.5,1,0.6951219512195121,-1.0,medium,F,0.0,0.1308207444323314,0
7372,B,Road,0.0,4,-0.4024390243902439,0.0,medium,M,-1.0,0.40336396199968855,0
7373,C,Road,-1.0,1,-1.024390243902439,1.0,medium,F,0.5,0.17972278461298863,0
7374,F,Road,0.5,4,0.6097560975609756,0.0,high,M,0.3333333333333333,0.5270207132845351,1
7375,D,Road,0.0,2,0.08536585365853659,0.0,low,F,0.0,0.22021491979442454,0
7376,F,Road,-0.5,1,-0.24390243902439024,-1.0,medium,F,-1.0,0.5550537299486061,0
7377,A,Road,-0.5,1,-0.15853658536585366,-1.0,medium,F,-0.5,0.22052639775735866,1
7378,B,Road,-0.5,5,-0.5853658536585366,-1.0,medium,M,-0.16666666666666666,0.11649275813736178,1
7379,C,Road,0.5,4,0.4878048780487805,-1.0,low,M,0.3333333333333333,0.47002024606759074,1
7380,F,Road,0.0,3,-0.8536585365853658,0.0,low,F,0.0,0.41956081607226287,0
7381,D,Road,0.5,2,-0.524390243902439,-1.0,low,M,-0.16666666666666666,0.02709858277526865,0
7382,F,Road,1.0,4,0.3170731707317073,0.0,low,F,0.3333333333333333,0.26070705497586044,1
7383,A,Road,1.0,3,0.21951219512195122,2.0,high,M,0.5,0.13300109017287026,1
7384,B,Road,0.5,4,-0.8414634146341463,2.5,medium,M,-0.16666666666666666,0.07911540258526709,0
7385,C,Road,-0.5,3,0.7439024390243902,1.0,medium,M,-0.8333333333333334,-0.019623111664849712,1
7386,F,Road,-0.5,1,-0.8292682926829268,2.5,low,F,-0.3333333333333333,-0.03644292166329232,1
7387,D,Road,0.5,5,-0.08536585365853659,-1.0,high,M,0.16666666666666666,0.2856252920105902,1
7388,F,Road,0.0,1,-0.6951219512195121,2.5,low,F,0.0,0.07350879925245289,0
7389,A,Road,0.0,2,-0.8292682926829268,2.5,low,M,0.0,0.3413798473757982,1
7390,B,Road,0.0,1,-0.9146341463414634,2.5,medium,M,-0.16666666666666666,0.4728235477339978,1
7391,C,Road,-0.5,5,0.10975609756097561,2.5,high,M,0.16666666666666666,0.00903286092508955,1
7392,F,Road,0.5,2,0.12195121951219512,-1.0,medium,F,0.5,0.4750038934745367,0
7393,D,Road,0.5,3,-0.4878048780487805,0.0,medium,F,-0.16666666666666666,0.28500233608472203,1
7394,F,Flight,0.0,5,-0.7560975609756098,2.5,low,M,0.3333333333333333,0.02336084722005918,0
7395,A,Flight,0.0,2,0.10975609756097561,2.0,medium,F,-0.6666666666666666,0.10309920573119452,0
7396,B,Flight,0.5,2,0.10975609756097561,2.0,low,F,-0.3333333333333333,-0.9777293256502102,1
7397,C,Flight,0.0,2,0.3048780487804878,2.0,low,F,0.5,-0.847220059180813,0
7398,F,Flight,0.0,2,0.3902439024390244,2.5,low,M,-0.3333333333333333,-0.7871048123345273,0
7399,D,Flight,1.5,3,0.9878048780487805,1.0,low,F,0.3333333333333333,-0.9076467839900327,0
7400,F,Flight,1.0,5,1.1097560975609757,1.0,low,F,0.0,-0.9500077869490734,1
7401,A,Flight,-0.5,4,-0.45121951219512196,1.0,medium,M,-0.3333333333333333,-0.7148419249338109,0
7402,B,Flight,0.5,4,0.524390243902439,2.0,low,F,-1.0,-0.7385142501168043,1
7403,C,Flight,1.0,3,1.1219512195121952,1.0,low,F,-0.3333333333333333,-0.8282199034418315,1
7404,F,Flight,0.0,3,0.14634146341463414,2.5,medium,M,0.5,-0.9266469397290141,0
7405,D,Flight,0.0,1,0.17073170731707318,2.0,low,F,-0.16666666666666666,-0.7543996262264445,1
7406,F,Flight,0.5,3,0.13414634146341464,2.0,low,F,-0.16666666666666666,-0.9553029123189535,0
7407,A,Flight,1.5,5,0.9146341463414634,1.0,low,M,0.5,-0.8609250895499143,0
7408,B,Flight,0.5,1,0.573170731707317,2.0,low,F,0.5,-0.7587603177075222,0
7409,C,Flight,0.5,2,0.5,2.0,medium,M,-0.5,-0.7833670767793178,0
7410,F,Flight,0.5,4,0.6341463414634146,2.0,medium,M,0.16666666666666666,-0.796449151222551,1
7411,D,Flight,1.0,4,0.926829268292683,1.0,low,F,-0.6666666666666666,-0.8114000934433889,1
7412,F,Flight,0.0,3,0.25609756097560976,2.0,low,F,-0.5,-0.7195140943778228,1
7413,A,Flight,1.0,5,0.43902439024390244,1.0,low,M,0.16666666666666666,-0.7662357888179411,0
7414,B,Flight,0.5,4,0.3780487804878049,2.0,low,F,-0.3333333333333333,-0.8895810621398536,1
7415,C,Flight,1.0,3,0.8780487804878049,1.0,medium,F,0.0,-0.9397290141722473,1
7416,F,Ship,0.5,4,0.6951219512195121,1.0,low,F,-0.3333333333333333,-0.923532160099673,1
7417,D,Ship,0.0,1,0.34146341463414637,2.5,low,M,-0.5,-0.7344650365986607,1
7418,F,Ship,1.5,5,0.8292682926829268,2.0,low,M,0.0,-0.8998598349166796,1
7419,A,Ship,0.0,4,0.4878048780487805,2.0,low,M,0.3333333333333333,-0.7771375175206354,1
7420,B,Ship,0.5,5,0.34146341463414637,2.0,medium,M,-0.6666666666666666,-0.8425478897368012,1
7421,C,Ship,0.5,4,0.5975609756097561,1.0,low,F,0.5,-0.6709235321600997,0
7422,F,Ship,1.5,5,0.7804878048780488,1.0,low,M,-1.0,-0.9154337330633857,0
7423,D,Ship,1.0,1,0.5,1.0,low,M,0.3333333333333333,-0.8017442765924311,0
7424,F,Ship,0.0,2,-0.36585365853658536,0.0,low,M,-0.6666666666666666,-0.7612521414109952,1
7425,A,Ship,1.0,2,0.524390243902439,1.0,medium,M,-0.8333333333333334,-0.977106369724342,0
7426,B,Ship,-0.5,2,0.0,-1.0,medium,M,0.0,-0.7649898769662047,0
7427,C,Ship,-1.0,3,-1.024390243902439,1.0,medium,M,0.5,0.0666562840679022,0
7428,F,Ship,0.5,5,0.6097560975609756,0.0,high,F,-0.6666666666666666,0.5251518455069304,1
7429,D,Ship,0.0,2,0.08536585365853659,0.0,low,M,0.5,-0.007163993147484816,0
7430,F,Ship,-0.5,5,-0.24390243902439024,-1.0,medium,F,0.0,0.2055754555365208,0
7431,A,Ship,-0.5,5,-0.15853658536585366,-1.0,medium,M,-0.8333333333333334,0.09064008721382961,0
7432,B,Ship,-0.5,2,-0.5853658536585366,-1.0,medium,M,-0.16666666666666666,0.1918704251674194,0
7433,C,Ship,0.5,2,0.4878048780487805,-1.0,low,F,-0.3333333333333333,0.2603955770129263,1
7434,F,Ship,0.0,4,-0.8536585365853658,0.0,low,F,0.0,0.37439651144681513,1
7435,D,Ship,0.5,1,-0.524390243902439,-1.0,low,M,0.3333333333333333,0.343560193116337,0
7436,F,Ship,1.0,5,0.3170731707317073,0.0,low,M,-0.5,0.33328142033951097,1
7437,A,Ship,1.0,1,0.21951219512195122,2.0,high,M,0.5,0.06104968073508799,0
7438,B,Ship,0.5,2,-0.8414634146341463,2.5,medium,M,0.3333333333333333,0.029278928515807507,0
7439,C,Ship,-0.5,5,0.7439024390243902,1.0,medium,M,0.5,0.2856252920105902,0
7440,F,Ship,-0.5,5,-0.8292682926829268,2.5,low,M,0.3333333333333333,-0.006541037221616571,0
7441,D,Ship,0.5,1,-0.08536585365853659,-1.0,high,M,-0.6666666666666666,-0.02055754555365208,0
7442,F,Ship,0.0,3,-0.6951219512195121,2.5,low,F,-0.6666666666666666,0.22706743497897525,1
7443,A,Ship,0.0,1,-0.8292682926829268,2.5,low,M,0.0,0.13300109017287026,0
7444,B,Ship,0.0,2,-0.9146341463414634,2.5,medium,F,-0.8333333333333334,0.26880548201214766,1
7445,C,Ship,-0.5,1,0.10975609756097561,2.5,high,M,-0.3333333333333333,0.0903286092508955,1
7446,F,Ship,0.5,3,0.12195121951219512,-1.0,medium,M,-1.0,0.452888958106214,0
7447,D,Ship,0.5,2,-0.4878048780487805,0.0,medium,F,0.5,0.23454290608939418,1
7448,F,Ship,0.0,1,-0.7560975609756098,2.5,low,F,-0.3333333333333333,0.36629808441052797,1
7449,A,Ship,0.0,5,0.10975609756097561,2.0,medium,M,-0.5,0.17287026942843794,0
7450,B,Ship,0.5,2,0.10975609756097561,2.0,low,M,-0.8333333333333334,-0.9085812178788351,1
7451,C,Ship,0.0,4,0.3048780487804878,2.0,low,M,-0.16666666666666666,-0.6737268338265068,1
7452,F,Ship,0.0,1,0.3902439024390244,2.5,low,M,-0.5,-0.8285313814047656,0
7453,D,Ship,1.5,4,0.9878048780487805,1.0,low,F,0.5,-0.9132533873228469,1
7454,F,Ship,1.0,5,1.1097560975609757,1.0,low,F,-0.16666666666666666,-0.7357109484503971,1
7455,A,Ship,-0.5,3,-0.45121951219512196,1.0,medium,F,-0.5,-0.8064164460364429,1
7456,B,Ship,0.5,3,0.524390243902439,2.0,low,F,0.16666666666666666,-0.8534496184394954,0
7457,C,Ship,1.0,4,1.1219512195121952,1.0,low,F,-0.3333333333333333,-0.7618750973368634,1
7458,F,Ship,0.0,5,0.14634146341463414,2.5,medium,F,0.5,-0.8724497741784769,1
7459,D,Ship,0.0,4,0.17073170731707318,2.0,low,M,-0.16666666666666666,-0.715153402896745,1
7460,F,Ship,0.5,5,0.13414634146341464,2.0,low,F,0.3333333333333333,-0.7796293412241084,1
7461,A,Ship,1.5,2,0.9146341463414634,1.0,low,M,-0.3333333333333333,-0.6949073353060271,1
7462,B,Ship,0.5,1,0.573170731707317,2.0,low,M,-0.3333333333333333,-0.720137050303691,1
7463,C,Ship,0.5,1,0.5,2.0,medium,M,0.3333333333333333,-0.9322535430618284,1
7464,F,Ship,0.5,5,0.6341463414634146,2.0,medium,M,0.0,-0.8437938015885376,0
7465,D,Ship,1.0,5,0.926829268292683,1.0,low,M,-0.16666666666666666,-0.6914810777137518,0
7466,F,Ship,0.0,1,0.25609756097560976,2.0,low,M,0.3333333333333333,-0.7251206977106369,1
7467,A,Ship,1.0,4,0.43902439024390244,1.0,low,M,-0.8333333333333334,-0.6790219591963869,1
7468,B,Ship,0.5,1,0.3780487804878049,2.0,low,F,-0.3333333333333333,-0.6706120541971655,1
7469,C,Ship,1.0,1,0.8780487804878049,1.0,medium,M,-1.0,-0.7827441208534496,0
7470,F,Ship,0.5,5,0.6951219512195121,1.0,low,M,0.16666666666666666,-0.9397290141722473,1
7471,D,Ship,0.0,1,0.34146341463414637,2.5,low,M,0.16666666666666666,-0.8503348388101541,1
7472,F,Ship,1.5,2,0.8292682926829268,2.0,low,M,-0.16666666666666666,-0.7491045008565644,1
7473,A,Ship,0.0,4,0.4878048780487805,2.0,low,M,-0.8333333333333334,-0.8023672325182993,1
7474,B,Ship,0.5,4,0.34146341463414637,2.0,medium,M,-1.0,-0.7241862638218346,1
7475,C,Ship,0.5,4,0.5975609756097561,1.0,low,F,-0.8333333333333334,-0.786170378445725,0
7476,F,Ship,0.5,3,0.3902439024390244,2.0,medium,M,-0.5,-0.900794268805482,1
7477,D,Ship,1.5,3,0.45121951219512196,2.0,low,F,0.16666666666666666,-0.7889736801121321,1
7478,F,Ship,0.5,2,0.5853658536585366,2.0,low,M,-0.5,-0.8223018221460832,1
7479,A,Ship,0.5,5,0.3780487804878049,2.0,low,F,-1.0,-0.6930384675284224,1
7480,B,Ship,0.0,5,0.7195121951219512,2.0,medium,F,0.0,-0.8534496184394954,0
7481,C,Ship,1.5,2,0.7073170731707317,1.0,medium,M,0.3333333333333333,-0.9222862482479365,1
7482,F,Ship,0.5,5,0.6707317073170732,2.0,low,M,-0.5,-0.8394331101074599,0
7483,D,Ship,0.0,2,0.5975609756097561,2.0,low,F,-0.3333333333333333,-0.7086123656751285,0
7484,F,Ship,1.0,4,0.8536585365853658,1.0,low,M,0.0,-0.798940974926024,0
7485,A,Ship,0.5,2,0.21951219512195122,2.0,medium,F,0.5,-0.6955302912318954,0
7486,B,Ship,1.0,2,0.06097560975609756,2.0,low,F,0.3333333333333333,-0.9587291699112288,0
7487,C,Ship,0.0,2,-0.0975609756097561,1.0,medium,F,-0.3333333333333333,-0.7693505684472823,0
7488,F,Ship,0.5,1,0.34146341463414637,2.0,medium,M,0.16666666666666666,-0.8618595234387167,1
7489,D,Ship,0.5,5,0.43902439024390244,1.0,medium,F,0.16666666666666666,-0.9039090484348232,1
7490,F,Ship,1.5,3,0.6463414634146342,1.0,medium,M,0.16666666666666666,-0.7030057623423143,1
7491,A,Ship,1.0,4,0.6707317073170732,1.0,medium,F,-1.0,-0.7092353216009968,0
7492,B,Ship,0.0,2,0.4146341463414634,2.5,low,M,-1.0,-0.8515807506618907,1
7493,C,Ship,-0.5,3,-0.7317073170731707,1.0,medium,F,0.0,-0.6958417691948294,0
7494,F,Ship,-0.5,3,0.3048780487804878,0.0,low,F,-0.5,-0.8565643980688367,0
7495,D,Ship,0.0,5,0.6707317073170732,2.0,low,F,-0.6666666666666666,-0.9440897056533251,0
7496,F,Ship,0.0,1,0.3048780487804878,2.0,low,F,0.16666666666666666,-0.9658931630587136,0
7497,A,Ship,0.5,5,0.2804878048780488,2.0,low,F,-1.0,-0.8170066967762031,0
7498,B,Ship,0.5,4,0.2073170731707317,2.5,medium,F,-0.6666666666666666,-0.9574832580594923,0
7499,C,Ship,0.5,5,0.4268292682926829,2.0,medium,M,-0.3333333333333333,-0.7746456938171624,1
7500,F,Ship,0.5,5,0.5853658536585366,2.5,low,F,-0.3333333333333333,-0.8506463167730883,1
7501,D,Ship,1.5,2,1.048780487804878,1.0,medium,F,0.5,-0.9250895499143436,0
7502,F,Ship,1.5,1,0.6219512195121951,1.0,medium,F,-0.6666666666666666,-0.8696464725120697,1
7503,A,Ship,0.5,1,0.6829268292682927,2.0,high,F,-0.16666666666666666,-0.7204485282666251,1
7504,B,Ship,0.0,2,0.6219512195121951,2.0,low,M,0.16666666666666666,-0.8079738358511135,0
7505,C,Ship,1.0,2,0.5975609756097561,1.0,low,F,-1.0,-0.9004827908425479,1
7506,F,Ship,1.5,3,1.1097560975609757,1.0,low,F,-0.6666666666666666,-0.7092353216009968,0
7507,D,Ship,1.5,5,0.47560975609756095,1.0,low,F,-0.16666666666666666,-0.8736956860302134,1
7508,F,Ship,0.5,2,0.4146341463414634,2.0,medium,F,0.3333333333333333,-0.6777760473446504,0
7509,A,Road,1.0,4,0.926829268292683,1.0,low,M,-0.6666666666666666,-0.7596947515963246,0
7510,B,Road,0.5,4,0.3048780487804878,2.0,low,F,0.5,-0.9677620308363183,1
7511,C,Road,1.5,1,0.8292682926829268,1.0,low,F,-0.8333333333333334,-0.8045475782588382,0
7512,F,Road,1.5,5,0.7439024390243902,1.0,low,F,-0.6666666666666666,-0.9475159632456004,0
7513,D,Road,0.5,2,0.6585365853658537,2.0,medium,F,-0.3333333333333333,-0.7079894097492603,1
7514,F,Road,1.0,1,0.47560975609756095,1.0,low,M,0.5,-0.6812023049369257,0
7515,A,Road,1.0,2,0.975609756097561,1.0,medium,M,0.5,-0.9347453667653014,0
7516,B,Road,0.5,5,0.3170731707317073,2.0,medium,M,0.0,-0.9014172247313502,0
7517,C,Road,0.5,4,0.17073170731707318,2.0,low,M,-0.3333333333333333,-0.7179567045631522,0
7518,F,Road,-0.5,1,-0.4268292682926829,-1.0,low,M,-0.6666666666666666,0.31459274256346365,1
7519,D,Road,1.0,2,0.5609756097560976,0.0,low,M,-0.8333333333333334,-0.024295281108861547,0
7520,F,Road,0.0,4,-0.7195121951219512,0.0,low,F,-0.8333333333333334,-0.017131287961376734,1
7521,A,Road,-0.5,5,-0.12195121951219512,-1.0,low,M,-1.0,-0.004983647406945959,0
7522,B,Road,-1.0,2,0.4024390243902439,0.0,medium,F,0.3333333333333333,0.04204952499610653,1
7523,C,Road,0.0,3,-0.012195121951219513,0.0,medium,M,0.0,0.5600373773555521,0
7524,F,Road,0.0,1,0.4634146341463415,0.0,low,M,-0.5,0.3021336240460987,1
7525,D,Road,0.0,3,-0.5975609756097561,-1.0,medium,M,0.5,0.06291854851269273,0
7526,F,Road,0.0,3,-0.4878048780487805,0.0,low,F,-0.6666666666666666,0.21710014016508333,1
7527,A,Road,-0.5,3,-0.6951219512195121,0.0,low,F,-0.16666666666666666,0.32331412552561906,0
7528,B,Road,0.0,2,-0.45121951219512196,0.0,low,F,-0.5,0.12490266313658309,0
7529,C,Road,-0.5,3,-0.9024390243902439,-1.0,low,F,-0.6666666666666666,0.48715153402896744,0
7530,F,Road,0.5,2,-0.12195121951219512,2.0,low,M,-0.6666666666666666,0.4902663136583087,1
7531,D,Flight,-0.5,4,-0.4878048780487805,0.0,low,F,0.5,0.26444479053106995,1
7532,F,Flight,0.0,4,-0.8048780487804879,-1.0,low,M,-0.5,0.40118361625914967,0
7533,A,Flight,-0.5,1,-0.5853658536585366,2.0,low,F,0.16666666666666666,0.19000155738981467,1
7534,B,Flight,0.5,2,0.21951219512195122,0.0,low,M,-0.3333333333333333,0.4541348699579505,1
7535,C,Flight,0.0,2,-0.2804878048780488,1.0,low,M,0.0,0.42298707366453825,1
7536,F,Flight,0.0,2,0.6829268292682927,0.0,medium,F,-0.5,0.44136427347765145,0
7537,D,Flight,-1.0,5,0.5975609756097561,1.0,medium,F,-0.5,-0.0333281420339511,1
7538,F,Flight,-0.5,1,0.0,-1.0,low,F,-0.6666666666666666,0.450397134402741,1
7539,A,Flight,-0.5,1,-0.7439024390243902,0.0,low,M,0.3333333333333333,0.07942688054820121,0
7540,B,Flight,1.0,3,0.04878048780487805,0.0,low,M,-0.16666666666666666,0.13860769350568447,0
7541,C,Flight,0.5,5,-0.15853658536585366,0.0,medium,F,0.5,0.302756579971967,1
7542,F,Flight,0.0,4,0.6219512195121951,0.0,low,M,0.3333333333333333,0.4232985516274724,0
7543,D,Flight,1.0,3,0.14634146341463414,0.0,high,F,-0.5,0.1417224731350257,1
7544,F,Flight,0.0,4,-0.7195121951219512,0.0,medium,M,-0.16666666666666666,0.2753465192337642,1
7545,A,Flight,0.5,2,-0.8292682926829268,0.0,low,F,0.0,0.1168042361002959,1
7546,B,Flight,-0.5,1,-0.45121951219512196,0.0,low,F,0.3333333333333333,0.2308051705341847,1
7547,C,Flight,0.5,5,-0.524390243902439,0.0,medium,F,-0.16666666666666666,0.018688677776047345,1
7548,F,Flight,0.0,2,-0.7926829268292683,-1.0,low,M,-0.8333333333333334,-0.038311789440897054,1
7549,D,Flight,0.5,2,0.6585365853658537,0.0,medium,M,0.16666666666666666,0.3849867621865753,1
7550,F,Flight,-0.5,2,-0.7804878048780488,0.0,high,M,-0.8333333333333334,0.4214296838498676,0
7551,A,Flight,-0.5,3,0.036585365853658534,-1.0,high,F,0.3333333333333333,0.437626537922442,1
7552,B,Flight,0.0,1,-0.10975609756097561,-1.0,low,M,0.5,-0.019623111664849712,0
7553,C,Ship,0.0,2,0.07317073170731707,-1.0,low,F,-0.16666666666666666,0.43420028033016667,0
7554,F,Ship,-0.5,3,-0.5609756097560976,-1.0,low,F,0.5,0.13518143591340911,1
7555,D,Ship,0.5,5,-0.13414634146341464,2.0,medium,M,-1.0,0.37595390126148576,1
7556,F,Ship,-0.5,4,0.25609756097560976,-1.0,medium,M,0.0,-0.04236100295904065,1
7557,A,Ship,-0.5,3,0.573170731707317,0.0,medium,M,-0.5,0.41520012459118516,1
7558,B,Ship,0.0,3,0.6341463414634146,0.0,high,F,-0.8333333333333334,0.35788817941130663,0
7559,C,Ship,0.5,4,-0.7317073170731707,2.0,low,M,-0.16666666666666666,0.47033172403052487,1
7560,F,Ship,0.0,1,0.6585365853658537,1.0,medium,F,-0.8333333333333334,0.12272231739604424,0
7561,D,Ship,-1.0,2,-0.5487804878048781,0.0,medium,F,-0.5,0.41613455847998754,1
7562,F,Ship,-0.5,3,-0.5975609756097561,1.0,medium,M,-0.8333333333333334,0.008409904999221306,1
7563,A,Ship,0.0,4,-0.524390243902439,-1.0,low,M,0.0,0.32424855941442143,1
7564,B,Ship,0.0,5,0.7439024390243902,2.0,low,F,-0.16666666666666666,0.09375486684317084,0
7565,C,Ship,-0.5,4,-0.36585365853658536,0.0,low,M,0.0,0.4014950942220838,0
7566,F,Ship,0.0,2,0.2682926829268293,0.0,low,M,-0.5,0.20277215387011369,0
7567,D,Ship,0.0,3,0.573170731707317,1.0,medium,M,0.3333333333333333,0.30119919015729635,1
7568,F,Ship,-0.5,1,0.45121951219512196,-1.0,low,F,0.0,0.3796916368166952,1
7569,A,Ship,-0.5,3,-0.14634146341463414,1.0,low,F,-0.6666666666666666,-0.04547578258838187,1
7570,B,Ship,0.0,1,-0.7195121951219512,0.0,low,F,-0.5,0.07724653480766236,0
7571,C,Ship,-0.5,3,-0.6951219512195121,1.0,low,F,-0.8333333333333334,0.4877744899548357,1
7572,F,Ship,0.0,1,-0.2804878048780488,0.0,low,M,-0.8333333333333334,0.3239370814514873,0
7573,D,Ship,-0.5,5,-0.24390243902439024,0.0,low,M,-0.16666666666666666,0.04547578258838187,1
7574,F,Ship,-0.5,5,-0.7317073170731707,-1.0,medium,M,-0.16666666666666666,0.16383740850334838,1
7575,A,Ship,-0.5,5,0.6829268292682927,0.0,medium,M,-0.3333333333333333,0.21616570627628096,1
7576,B,Ship,0.0,4,0.5487804878048781,0.0,low,F,0.16666666666666666,0.023049369257125057,1
7577,C,Ship,0.5,3,-0.7073170731707317,1.0,low,F,0.3333333333333333,-0.015885376109640244,0
7578,F,Ship,0.5,3,0.2682926829268293,1.0,medium,M,0.0,0.049524996106525464,0
7579,D,Ship,0.0,4,-0.3170731707317073,0.0,low,M,0.0,0.4893318797695063,0
7580,F,Ship,1.0,3,-0.3780487804878049,1.0,medium,M,-0.6666666666666666,0.21585422831334683,0
7581,A,Ship,0.0,4,-0.7926829268292683,0.0,medium,M,-0.16666666666666666,0.4232985516274724,0
7582,B,Ship,0.5,4,-0.18292682926829268,1.0,low,F,0.0,0.4955614390281888,0
7583,C,Ship,0.0,4,0.3780487804878049,-1.0,low,F,-0.8333333333333334,0.046098738514250115,1
7584,F,Ship,-0.5,2,-0.6829268292682927,0.0,medium,F,-1.0,0.4014950942220838,0
7585,D,Ship,-0.5,5,-0.8292682926829268,2.0,low,F,-0.6666666666666666,0.41738047033172404,0
7586,F,Ship,0.5,5,0.5609756097560976,0.0,medium,M,0.16666666666666666,0.1361158698022115,1
7587,A,Ship,0.5,1,0.2926829268292683,2.5,medium,M,0.5,0.4232985516274724,0
7588,B,Ship,0.0,1,-0.15853658536585366,2.5,medium,F,0.16666666666666666,0.4298395888490889,0
7589,C,Ship,-0.5,1,0.07317073170731707,1.0,medium,M,0.0,0.5435290453200436,1
7590,F,Ship,0.0,4,-0.5121951219512195,1.0,medium,M,0.0,0.21336240460987385,0
7591,D,Ship,0.0,2,0.7317073170731707,0.0,medium,F,0.0,0.10216477184239216,1
7592,F,Ship,0.5,2,-0.5487804878048781,0.0,medium,M,-0.6666666666666666,0.4806104968073509,0
7593,A,Ship,0.5,1,0.5121951219512195,-1.0,medium,F,-1.0,0.37470798940974925,1
7594,B,Ship,0.5,3,-0.7804878048780488,1.0,medium,F,-1.0,0.330789596636038,0
7595,C,Ship,-0.5,3,-0.4634146341463415,0.0,low,F,0.5,0.3535274879302289,1
7596,F,Ship,0.5,2,0.6707317073170732,-1.0,medium,F,0.3333333333333333,0.47438093754866845,0
7597,D,Ship,-0.5,5,0.12195121951219512,-1.0,low,F,0.5,0.07195140943778228,1
7598,F,Ship,0.5,4,-0.15853658536585366,0.0,low,F,-0.3333333333333333,0.30774022737891293,0
7599,A,Ship,-0.5,1,-0.4268292682926829,-1.0,medium,M,-0.8333333333333334,-0.019934589627783834,0
7600,B,Ship,0.5,3,0.3780487804878049,1.0,low,M,-1.0,0.4964958729169911,0
7601,C,Ship,0.0,3,-0.9146341463414634,-1.0,high,F,-0.8333333333333334,-0.03363961999688522,1
7602,F,Ship,-0.5,3,0.573170731707317,1.0,medium,F,-0.5,0.04921351814359134,1
7603,D,Ship,0.0,3,-0.8170731707317073,0.0,medium,M,-1.0,0.40647874162902975,0
7604,F,Ship,0.0,1,0.3170731707317073,1.0,medium,M,0.0,0.2083787572029279,1
7605,A,Ship,-0.5,5,0.12195121951219512,0.0,low,M,-0.16666666666666666,0.3008877121943622,0
7606,B,Ship,-0.5,1,0.2682926829268293,0.0,low,M,-0.8333333333333334,0.04641021647718424,0
7607,C,Ship,0.5,2,-0.5,0.0,low,M,0.16666666666666666,0.2018377199813113,1
7608,F,Ship,-0.5,3,-0.15853658536585366,-1.0,low,F,-0.8333333333333334,0.3775112910761564,0
7609,D,Ship,0.5,5,-0.9024390243902439,0.0,high,F,0.0,0.20246067590717956,1
7610,F,Ship,-0.5,3,-0.13414634146341464,0.0,high,M,-0.6666666666666666,0.40211805014795204,0
7611,A,Ship,-0.5,4,-0.5,0.0,low,F,0.16666666666666666,0.5700046721694441,0
7612,B,Ship,-0.5,2,-0.1951219512195122,1.0,medium,F,-0.5,0.1292633546176608,0
7613,C,Ship,0.0,2,0.7195121951219512,0.0,low,M,-0.8333333333333334,0.4868400560660333,0
7614,F,Ship,0.5,4,-1.0121951219512195,2.5,low,M,0.16666666666666666,-0.044852826662513626,1
7615,D,Ship,0.5,3,-0.43902439024390244,1.0,medium,M,0.5,0.3840523282977729,1
7616,F,Ship,0.0,4,-0.47560975609756095,0.0,low,M,0.16666666666666666,0.5591029434667497,1
7617,A,Ship,0.0,5,-0.8414634146341463,-1.0,low,F,-0.8333333333333334,0.16726366609562374,1
7618,B,Ship,0.5,1,0.5121951219512195,1.0,medium,F,-0.3333333333333333,0.2557234075689145,1
7619,C,Ship,0.0,2,-0.47560975609756095,2.5,low,F,-0.3333333333333333,0.4036754399626226,1
7620,F,Ship,0.0,4,-0.5365853658536586,1.0,low,M,-0.3333333333333333,0.13237813424700204,0
7621,D,Ship,-1.0,3,-0.0975609756097561,1.0,medium,F,-0.8333333333333334,0.4030524840367544,0
7622,F,Ship,-0.5,4,-0.8414634146341463,1.0,high,M,-0.5,0.5145615947671702,0
7623,A,Ship,-0.5,5,0.6341463414634146,-1.0,high,F,-0.6666666666666666,0.32580594922909206,0
7624,B,Ship,0.5,5,-0.3780487804878049,0.0,medium,F,-0.6666666666666666,-0.024295281108861547,1
7625,C,Ship,0.5,1,-0.04878048780487805,-1.0,low,M,-0.8333333333333334,-0.021803457405388568,1
7626,F,Ship,0.5,1,-0.975609756097561,-1.0,low,F,0.0,0.4550693038467528,0
7627,D,Ship,-0.5,3,0.10975609756097561,0.0,low,M,0.5,0.34075689144992993,1
7628,F,Ship,0.5,5,0.10975609756097561,0.0,low,M,-0.3333333333333333,0.06977106369724342,1
7629,A,Ship,0.0,4,0.5,0.0,high,F,-0.6666666666666666,0.45693817162435757,0
7630,B,Ship,0.0,1,0.6829268292682927,0.0,low,F,-0.16666666666666666,0.33110107459897214,0
7631,C,Ship,0.0,2,0.5609756097560976,-1.0,low,M,0.0,0.4781186731038779,0
7632,F,Ship,0.5,4,0.13414634146341464,-1.0,low,M,0.16666666666666666,0.1794113066500545,0
7633,D,Ship,0.0,1,0.2804878048780488,1.0,low,F,-0.5,0.1706899236878991,1
7634,F,Ship,0.0,5,-1.2560975609756098,1.0,medium,M,0.0,0.5728079738358511,1
7635,A,Ship,0.5,1,0.1951219512195122,1.0,medium,M,-0.5,0.3781342470020246,0
7636,B,Ship,-1.0,4,-0.25609756097560976,-1.0,low,F,-0.3333333333333333,0.4849711882884286,0
7637,C,Ship,-0.5,4,-0.6341463414634146,1.0,medium,M,0.5,0.02678710481233453,0
7638,F,Ship,-0.5,4,-0.23170731707317074,1.0,low,M,-0.6666666666666666,0.1850179099828687,0
7639,D,Ship,0.5,2,-1.1097560975609757,2.0,low,F,-0.5,0.3535274879302289,0
7640,F,Ship,0.0,3,0.4146341463414634,-1.0,medium,F,0.5,0.330789596636038,0
7641,A,Ship,0.0,1,-0.7682926829268293,0.0,low,F,-0.5,0.4550693038467528,1
7642,B,Ship,0.0,3,0.4634146341463415,1.0,low,M,-0.8333333333333334,0.33546176608004985,0
7643,C,Ship,0.5,2,-0.975609756097561,1.0,low,M,-0.3333333333333333,0.2931007631210092,0
7644,F,Ship,-0.5,2,-0.3048780487804878,-1.0,medium,F,-0.5,0.0034262575922753466,0
7645,D,Ship,-0.5,4,-0.6707317073170732,-1.0,medium,F,-0.16666666666666666,0.26195296682759694,1
7646,F,Road,0.0,2,-0.5,0.0,medium,M,-0.16666666666666666,0.25354306182837566,0
7647,A,Road,0.5,5,0.4878048780487805,-1.0,medium,M,-0.16666666666666666,0.2445102009032861,0
7648,B,Road,0.5,3,0.32926829268292684,-1.0,medium,M,-0.3333333333333333,0.4725120697710637,0
7649,C,Road,0.0,4,0.5853658536585366,-1.0,medium,M,-1.0,0.06478741629029747,0
7650,F,Road,0.5,1,0.6219512195121951,1.0,low,F,-0.8333333333333334,0.3946425790375331,1
7651,D,Road,1.0,4,-0.15853658536585366,1.0,low,F,0.16666666666666666,0.37564242329855163,1
7652,F,Road,0.5,2,0.23170731707317074,1.0,medium,F,0.3333333333333333,0.43295436847843016,0
7653,A,Road,-0.5,1,-0.6097560975609756,2.5,medium,F,-0.16666666666666666,0.452888958106214,0
7654,B,Road,0.0,5,-0.4146341463414634,-1.0,medium,M,-1.0,0.4588070394019623,0
7655,C,Road,-0.5,4,-0.18292682926829268,0.0,medium,M,-1.0,0.10621398536053574,1
7656,F,Road,0.0,3,-0.9024390243902439,2.5,medium,M,0.16666666666666666,-0.026164148886466284,1
7657,D,Road,0.0,5,-0.9024390243902439,-1.0,medium,F,-0.3333333333333333,0.06167263666095624,1
7658,F,Road,0.5,2,-0.8292682926829268,2.5,low,F,0.3333333333333333,0.4616103410683694,0
7659,A,Road,0.5,3,0.024390243902439025,2.5,medium,M,-0.5,0.08098427036287183,1
7660,B,Road,-0.5,5,-0.6707317073170732,-1.0,high,F,0.3333333333333333,-0.01557389814670612,1
7661,C,Road,0.0,4,0.0975609756097561,0.0,medium,M,-0.5,0.532004360691481,0
7662,F,Road,0.0,3,0.3170731707317073,2.5,medium,M,0.16666666666666666,0.05295125369880081,1
7663,D,Road,-0.5,3,-0.3048780487804878,0.0,high,M,0.3333333333333333,0.04018065721850179,1
7664,F,Road,-0.5,1,0.4634146341463415,-1.0,low,M,0.3333333333333333,0.28064164460364427,0
7665,A,Road,-1.0,2,-0.7926829268292683,1.0,medium,M,0.0,0.13985360535742097,0
7666,B,Road,0.5,4,-0.18292682926829268,2.0,medium,F,-0.16666666666666666,0.0834760940663448,1
7667,C,Road,0.0,5,0.36585365853658536,0.0,low,F,0.0,0.007163993147484816,0
7668,F,Flight,1.5,2,0.7073170731707317,1.0,medium,F,0.16666666666666666,-0.7266780875253076,0
7669,D,Flight,0.5,3,0.6707317073170732,2.0,low,F,-0.6666666666666666,-0.7730883040024918,1
7670,F,Flight,0.0,1,0.5975609756097561,2.0,low,F,0.16666666666666666,-0.900794268805482,0
7671,A,Flight,1.0,4,0.8536585365853658,1.0,low,F,0.3333333333333333,-0.8450397134402741,0
7672,B,Flight,0.5,5,0.21951219512195122,2.0,medium,F,-0.16666666666666666,-0.9042205263977574,0
7673,C,Flight,1.0,5,0.06097560975609756,2.0,low,F,-0.8333333333333334,-0.8328920728858433,1
7674,F,Flight,0.0,5,-0.0975609756097561,1.0,medium,F,-1.0,-0.7961376732596169,0
7675,D,Flight,0.5,4,0.34146341463414637,2.0,medium,F,-0.8333333333333334,-0.7575144058557857,1
7676,F,Flight,0.5,1,0.43902439024390244,1.0,medium,M,-0.5,-0.8444167575144058,0
7677,A,Flight,1.5,4,0.6463414634146342,1.0,medium,F,0.3333333333333333,-0.8631054352904532,1
7678,B,Flight,1.0,3,0.6707317073170732,1.0,medium,F,-0.6666666666666666,-0.9739915900950008,0
7679,C,Flight,-0.5,2,-0.3048780487804878,-1.0,medium,F,-0.6666666666666666,0.14577168665316928,0
7680,F,Flight,-0.5,1,-0.6707317073170732,-1.0,medium,F,-0.6666666666666666,0.4802990188444168,0
7681,D,Flight,0.0,3,-0.5,0.0,medium,F,-0.8333333333333334,0.06291854851269273,0
7682,F,Flight,0.5,3,0.4878048780487805,-1.0,medium,F,-0.3333333333333333,0.19155894720448527,1
7683,A,Flight,0.5,2,0.32926829268292684,-1.0,medium,M,0.3333333333333333,0.2541660177542439,0
7684,B,Flight,0.0,3,0.5853658536585366,-1.0,medium,F,-0.6666666666666666,-0.026475626849400406,1
7685,C,Flight,0.5,2,0.6219512195121951,1.0,low,F,0.0,0.22862482479364585,0
7686,F,Flight,1.0,1,-0.15853658536585366,1.0,low,F,-0.3333333333333333,0.13798473757981622,1
7687,D,Flight,0.5,4,0.23170731707317074,1.0,medium,M,-1.0,0.03301666407101698,1
7688,F,Flight,-0.5,4,-0.6097560975609756,2.5,medium,F,0.5,-0.004672169444011836,0
7689,A,Flight,0.0,2,-0.4146341463414634,-1.0,medium,F,0.5,0.4725120697710637,1
7690,B,Ship,-0.5,2,-0.18292682926829268,0.0,medium,F,0.16666666666666666,0.004672169444011836,1
7691,C,Ship,0.0,4,-0.9024390243902439,2.5,medium,F,-0.8333333333333334,0.41488864662825103,0
7692,F,Ship,0.0,3,-0.9024390243902439,-1.0,medium,F,-0.8333333333333334,0.2781498209001713,0
7693,D,Ship,0.5,2,-0.8292682926829268,2.5,low,M,0.0,0.32860925089549914,0
7694,F,Ship,0.5,1,0.024390243902439025,2.5,medium,F,-0.8333333333333334,0.47438093754866845,0
7695,A,Ship,-0.5,5,-0.6707317073170732,-1.0,high,F,-0.16666666666666666,0.04547578258838187,0
7696,B,Ship,0.0,4,0.0975609756097561,0.0,medium,F,-0.16666666666666666,0.01557389814670612,1
7697,C,Ship,0.0,1,0.3170731707317073,2.5,medium,M,-1.0,0.15231272387478587,0
7698,F,Ship,-0.5,2,-0.3048780487804878,0.0,high,M,-1.0,0.2641333125681358,1
7699,D,Ship,-0.5,4,0.4634146341463415,-1.0,low,M,-0.16666666666666666,0.1498209001713129,1
7700,F,Ship,-1.0,1,-0.7926829268292683,1.0,medium,F,0.0,0.4002491823703473,0
7701,A,Ship,0.5,4,-0.18292682926829268,2.0,medium,M,-0.16666666666666666,0.3304781186731039,1
7702,B,Ship,0.0,3,0.36585365853658536,0.0,low,M,0.0,0.19062451331568292,0
7703,C,Ship,1.5,3,0.7073170731707317,1.0,medium,M,-0.8333333333333334,-0.7459897212272232,0
7704,F,Ship,0.5,5,0.6707317073170732,2.0,low,F,-0.16666666666666666,-0.7846129886310543,0
7705,D,Ship,0.0,1,0.5975609756097561,2.0,low,M,-1.0,-0.7923999377044074,1
7706,F,Ship,1.0,4,0.8536585365853658,1.0,low,F,0.3333333333333333,-0.717645226600218,1
7707,A,Ship,0.5,3,0.21951219512195122,2.0,medium,F,-0.8333333333333334,-0.9630898613923065,1
7708,B,Ship,1.0,3,0.06097560975609756,2.0,low,M,0.3333333333333333,-0.8304002491823703,1
7709,C,Ship,0.0,4,-0.0975609756097561,1.0,medium,F,0.3333333333333333,-0.9577947360224264,1
7710,F,Ship,0.5,3,0.34146341463414637,2.0,medium,F,-0.3333333333333333,-0.7254321756735711,0
7711,D,Ship,0.5,3,0.43902439024390244,1.0,medium,F,-0.5,-0.9462700513938639,1
7712,F,Ship,1.5,5,0.6463414634146342,1.0,medium,F,0.5,-0.9599750817629653,0
7713,A,Ship,1.0,2,0.6707317073170732,1.0,medium,F,-0.6666666666666666,-0.7737112599283601,0
7714,B,Ship,0.5,2,0.3170731707317073,2.0,medium,M,-0.6666666666666666,-0.9562373462077558,0
7715,C,Ship,0.5,2,0.17073170731707318,2.0,low,M,-0.16666666666666666,-0.7547111041893786,1
7716,F,Ship,0.5,5,0.5853658536585366,2.0,low,M,-0.16666666666666666,-0.7045631521569848,1
7717,D,Ship,1.0,2,1.1219512195121952,1.0,low,F,-1.0,-0.7269895654882417,1
7718,F,Ship,1.0,5,0.7560975609756098,1.0,low,M,-0.6666666666666666,-0.9384831023205108,0
7719,A,Ship,-0.5,3,-0.3780487804878049,2.0,low,F,-0.6666666666666666,-0.8238592119607537,0
7720,B,Ship,0.5,1,0.3048780487804878,2.0,low,M,-1.0,-0.9064008721382962,0
7721,C,Ship,1.5,1,0.8658536585365854,1.0,low,M,-0.8333333333333334,-0.8201214764055443,0
7722,F,Ship,0.5,1,0.18292682926829268,2.5,low,M,0.3333333333333333,-0.7058090640087213,1
7723,D,Ship,1.5,4,1.146341463414634,2.0,medium,F,0.0,-0.8054820121476406,1
7724,F,Ship,1.0,1,0.9634146341463414,1.0,low,F,0.5,-0.8145148730727301,1
7725,A,Ship,1.0,1,0.4024390243902439,1.0,low,F,-0.5,-0.7867933343715932,1
7726,B,Ship,1.0,2,0.5609756097560976,2.0,low,F,0.3333333333333333,-0.7730883040024918,1
7727,C,Ship,1.5,3,1.146341463414634,1.0,medium,M,-0.16666666666666666,-0.9456470954679956,0
7728,F,Ship,0.5,2,0.7317073170731707,2.5,medium,M,-0.8333333333333334,-0.7478585890048279,1
7729,D,Ship,0.5,2,0.2682926829268293,2.5,low,F,-0.16666666666666666,-0.8089082697399159,0
7730,F,Ship,1.5,4,0.9390243902439024,1.0,medium,M,-1.0,-0.7263666095623734,1
7731,A,Ship,0.0,5,0.4024390243902439,2.0,low,M,0.3333333333333333,-0.8254166017754244,0
7732,B,Ship,0.5,4,0.036585365853658534,2.0,high,F,-0.6666666666666666,-0.9786637595390126,1
7733,C,Ship,1.0,2,0.3902439024390244,1.0,low,M,-0.5,-0.8079738358511135,0
7734,F,Ship,1.0,3,1.0609756097560976,1.0,low,F,-0.8333333333333334,-0.9549914343560193,0
7735,D,Ship,0.5,4,0.5487804878048781,2.0,low,F,-0.5,-0.6721694440118362,1
7736,F,Ship,0.0,2,0.7439024390243902,2.0,low,F,-0.16666666666666666,-0.8444167575144058,0
7737,A,Ship,1.0,2,1.1585365853658536,1.0,medium,F,0.16666666666666666,-0.89082697399159,1
7738,B,Ship,0.5,2,0.21951219512195122,2.5,medium,F,-0.6666666666666666,-0.8126460052951253,0
7739,C,Ship,1.0,1,0.36585365853658536,1.0,low,F,0.0,-0.9786637595390126,0
7740,F,Ship,0.0,4,0.6463414634146342,2.0,medium,F,0.3333333333333333,-0.7578258838187198,1
7741,D,Ship,1.0,1,0.4878048780487805,1.0,low,F,-0.8333333333333334,-0.9587291699112288,0
7742,F,Ship,0.5,2,0.6829268292682927,1.0,medium,M,0.16666666666666666,-0.7843015106681203,1
7743,A,Ship,1.0,2,1.0609756097560976,1.0,medium,M,0.5,-0.748170066967762,1
7744,B,Ship,0.0,5,0.08536585365853659,2.0,low,F,-0.3333333333333333,-0.7914655038156051,1
7745,C,Ship,0.5,3,0.35365853658536583,2.0,low,F,0.3333333333333333,-0.8836629808441053,1
7746,F,Ship,1.0,4,0.6097560975609756,1.0,low,M,-1.0,-0.7593832736333904,1
7747,D,Ship,0.0,3,0.17073170731707318,2.0,low,F,0.3333333333333333,-0.96713907491045,0
7748,F,Ship,0.5,1,0.5853658536585366,2.0,low,F,-0.3333333333333333,-0.6955302912318954,1
7749,A,Ship,0.0,2,0.6829268292682927,2.0,medium,M,0.3333333333333333,-0.9288272854695531,0
7750,B,Ship,-0.5,1,-1.0121951219512195,1.0,low,M,-1.0,-0.7852359445569226,0
7751,C,Ship,1.5,1,0.524390243902439,1.0,low,M,-1.0,-0.8546955302912319,1
7752,F,Ship,0.0,1,0.3780487804878049,2.0,medium,M,-1.0,-0.8338265067746456,0
7753,D,Ship,0.5,5,0.7073170731707317,2.0,medium,F,-0.3333333333333333,-0.7104812334527332,1
7754,F,Ship,1.0,1,0.8536585365853658,1.0,low,F,0.0,-0.9331879769506307,0
7755,A,Ship,1.5,5,0.8658536585365854,1.0,low,M,-0.16666666666666666,-0.7967606291854852,1
7756,B,Ship,1.0,3,0.43902439024390244,1.0,low,M,0.3333333333333333,-0.7883507241862638,0
7757,C,Ship,1.5,3,0.7073170731707317,1.0,medium,M,0.0,-0.9599750817629653,1
7758,F,Ship,0.0,3,0.4878048780487805,2.0,low,F,-0.6666666666666666,-0.9035975704718892,0
7759,D,Ship,0.5,4,0.036585365853658534,2.0,low,F,-0.3333333333333333,-0.8687120386232674,1
7760,F,Ship,1.5,5,0.47560975609756095,1.0,low,M,0.5,-0.9291387634324871,1
7761,A,Ship,0.5,1,0.7560975609756098,2.0,low,F,-0.16666666666666666,-0.7338420806727924,0
7762,B,Ship,0.0,1,0.32926829268292684,2.0,low,F,-0.5,-0.9356798006541037,0
7763,C,Ship,1.0,2,0.5487804878048781,2.0,medium,M,-1.0,-0.8696464725120697,0
7764,F,Ship,1.0,4,0.7073170731707317,1.0,medium,F,0.5,-0.9275813736178166,1
7765,D,Ship,1.0,1,0.8048780487804879,1.0,medium,M,-0.16666666666666666,-0.7519078025229715,1
7766,F,Ship,0.5,3,0.524390243902439,2.0,low,M,0.0,-0.9528110886154805,0
7767,A,Ship,1.0,3,0.8292682926829268,1.0,low,M,0.3333333333333333,-0.8509577947360224,1
7768,B,Ship,1.0,4,0.6585365853658537,1.0,medium,M,0.3333333333333333,-0.8705809064008722,1
7769,C,Ship,0.5,3,0.2926829268292683,2.0,high,M,0.5,-0.7188911384519545,1
7770,F,Ship,1.5,4,1.170731707317073,1.0,low,M,-0.16666666666666666,-0.9799096713907491,1
7771,D,Ship,0.0,1,-0.32926829268292684,-1.0,low,M,-0.3333333333333333,0.4802990188444168,0
7772,F,Ship,-0.5,3,-0.573170731707317,1.0,medium,M,-1.0,0.358822613300109,0
7773,A,Ship,0.0,3,-0.2073170731707317,1.0,medium,M,0.3333333333333333,0.08721382962155427,0
7774,B,Ship,1.0,1,0.0,-1.0,low,M,-0.3333333333333333,0.17411618128017442,0
7775,C,Ship,0.0,2,-0.4878048780487805,-1.0,low,F,0.16666666666666666,0.04547578258838187,0
7776,F,Ship,0.0,5,0.3048780487804878,0.0,medium,M,-1.0,0.41520012459118516,1
7777,D,Ship,0.5,1,0.4268292682926829,0.0,low,F,0.16666666666666666,0.5578570316150132,0
7778,F,Ship,0.5,3,-0.8902439024390244,0.0,low,M,-0.8333333333333334,-0.00778694907335306,1
7779,A,Ship,0.5,2,-0.4268292682926829,0.0,medium,M,-0.3333333333333333,0.054820121476405546,1
7780,B,Ship,-0.5,1,0.47560975609756095,0.0,high,M,0.16666666666666666,0.27441208534496186,1
7781,C,Ship,-1.0,3,0.06097560975609756,1.0,low,F,0.3333333333333333,-0.019623111664849712,0
7782,F,Ship,0.0,1,0.4268292682926829,2.5,medium,M,-0.8333333333333334,0.4893318797695063,1
7783,D,Road,-0.5,3,-0.21951219512195122,0.0,low,M,0.3333333333333333,0.08783678554742252,0
7784,F,Road,1.0,5,0.36585365853658536,0.0,low,M,0.3333333333333333,0.4625447749571718,0
7785,A,Road,0.0,2,-0.8536585365853658,0.0,low,M,-0.8333333333333334,0.035819965737424075,0
7786,B,Road,0.0,3,0.3170731707317073,0.0,medium,M,-0.16666666666666666,0.2538545397913098,0
7787,C,Road,0.5,4,0.0975609756097561,0.0,low,M,-1.0,0.21336240460987385,1
7788,F,Road,0.0,4,0.3902439024390244,0.0,medium,M,-0.3333333333333333,0.27410060738202774,1
7789,D,Road,1.0,1,-0.3170731707317073,2.0,low,M,-0.5,0.22987073664538235,0
7790,F,Road,-0.5,3,-0.7439024390243902,0.0,low,F,-0.6666666666666666,0.21180501479520325,0
7791,A,Road,-0.5,1,-0.7682926829268293,-1.0,low,F,0.0,0.08970565332502725,0
7792,B,Road,0.0,1,0.2804878048780488,0.0,medium,F,0.16666666666666666,0.47313502569693194,1
7793,C,Road,-0.5,1,-0.24390243902439024,0.0,medium,F,-0.5,0.38436380626070704,1
7794,F,Road,-0.5,5,0.32926829268292684,0.0,low,F,-0.3333333333333333,0.22177230960909516,1
7795,D,Road,0.0,2,-0.06097560975609756,-1.0,medium,M,-0.6666666666666666,0.4541348699579505,0
7796,F,Road,-0.5,1,-0.6585365853658537,-1.0,low,F,0.5,0.4650365986606448,1
7797,A,Road,0.0,4,0.45121951219512196,-1.0,low,M,-0.8333333333333334,0.20277215387011369,0
7798,B,Road,0.5,3,-0.25609756097560976,1.0,medium,F,-0.6666666666666666,0.27316617349322536,0
7799,C,Road,0.0,4,-0.5487804878048781,0.0,medium,M,-0.3333333333333333,0.4964958729169911,0
7800,F,Road,-0.5,5,0.24390243902439024,-1.0,medium,F,-1.0,0.09531225665784146,1
7801,D,Road,0.0,5,-0.2682926829268293,-1.0,high,F,-0.5,0.11493536832269118,0
7802,F,Road,-1.0,5,-0.6585365853658537,1.0,low,F,0.0,0.4999221305092665,0
7803,A,Road,0.5,3,-0.15853658536585366,-1.0,low,F,-1.0,0.12427970721071484,1
7804,B,Road,0.0,1,0.5609756097560976,0.0,low,M,0.3333333333333333,0.028033016664071018,0
7805,C,Flight,-0.5,3,0.36585365853658536,1.0,medium,M,0.5,0.3214452577480143,0
7806,F,Flight,-0.5,2,0.06097560975609756,2.5,low,F,0.3333333333333333,0.3469864507086124,1
7807,D,Flight,0.0,2,0.06097560975609756,1.0,high,F,-0.8333333333333334,0.08503348388101542,1
7808,F,Flight,-0.5,5,-0.47560975609756095,0.0,high,F,-0.16666666666666666,0.3117894408970565,0
7809,A,Flight,0.0,2,-0.21951219512195122,0.0,medium,F,-0.8333333333333334,0.10123033795358978,0
7810,B,Flight,-0.5,5,0.1951219512195122,0.0,high,M,-0.5,0.3239370814514873,1
7811,C,Flight,0.0,3,0.5853658536585366,1.0,high,F,-0.8333333333333334,0.1974770285002336,1
7812,F,Flight,0.5,4,0.17073170731707318,1.0,high,F,0.0,0.549447126615792,0
7813,D,Flight,-0.5,2,-0.926829268292683,-1.0,medium,M,0.16666666666666666,0.48746301199190156,0
7814,F,Flight,0.0,1,0.3170731707317073,0.0,low,F,-0.5,0.1987229403519701,0
7815,A,Flight,-0.5,1,-1.3414634146341464,1.0,low,F,0.3333333333333333,0.330789596636038,1
7816,B,Flight,-0.5,2,0.573170731707317,-1.0,medium,M,0.5,-0.03550848777448996,0
7817,C,Flight,0.0,3,-0.4024390243902439,0.0,low,M,-0.5,0.0778694907335306,1
7818,F,Flight,0.5,2,-0.7560975609756098,0.0,medium,M,-0.5,0.17131287961376732,1
7819,D,Flight,-1.0,2,0.012195121951219513,2.0,medium,M,-0.6666666666666666,0.3226911695997508,1
7820,F,Flight,0.5,4,0.6341463414634146,2.5,medium,F,0.0,0.10496807350879925,0
7821,A,Flight,0.0,5,0.6219512195121951,-1.0,medium,F,0.3333333333333333,0.3071172714530447,1
7822,B,Flight,0.5,5,-0.8780487804878049,1.0,medium,M,0.16666666666666666,0.3809375486684317,0
7823,C,Flight,0.5,3,-0.5487804878048781,-1.0,low,F,-1.0,0.10932876498987697,1
7824,F,Flight,-0.5,5,0.524390243902439,0.0,medium,M,-0.5,0.3261174271920262,1
7825,D,Flight,-0.5,2,-0.8780487804878049,0.0,low,M,0.3333333333333333,0.026475626849400406,0
7826,F,Flight,-1.0,4,0.23170731707317074,1.0,medium,F,-0.5,0.39215075533406013,0
7827,A,Ship,0.0,2,-0.9512195121951219,1.0,medium,M,0.3333333333333333,0.2769039090484348,0
7828,B,Ship,-1.0,2,-0.5,0.0,low,F,0.5,0.18283756424232986,0
7829,C,Ship,-0.5,4,0.08536585365853659,0.0,low,M,0.5,0.24232985516274724,1
7830,F,Ship,0.5,3,-0.12195121951219512,0.0,low,M,0.5,0.4550693038467528,1
7831,D,Ship,0.0,5,-0.7926829268292683,-1.0,low,M,-0.8333333333333334,0.4905777916212428,1
7832,F,Ship,-1.0,1,-0.5853658536585366,0.0,medium,F,0.0,0.5734309297617194,1
7833,A,Ship,0.5,4,0.6219512195121951,-1.0,low,F,-0.8333333333333334,0.3161501323781343,1
7834,B,Ship,-0.5,1,-0.9024390243902439,-1.0,low,F,0.16666666666666666,0.34387167107927114,1
7835,C,Ship,0.0,3,0.24390243902439024,0.0,medium,F,0.3333333333333333,0.22395265534963402,1
7836,F,Ship,-0.5,5,-0.9146341463414634,-1.0,low,F,-0.16666666666666666,0.3214452577480143,0
7837,D,Ship,-0.5,4,0.21951219512195122,-1.0,low,F,0.16666666666666666,0.46098738514250115,1
7838,F,Ship,-0.5,5,-0.32926829268292684,1.0,medium,F,-0.5,0.46441364273477653,0
7839,A,Ship,-0.5,4,-0.2073170731707317,2.5,medium,M,-0.6666666666666666,0.2308051705341847,1
7840,B,Ship,-0.5,4,0.7195121951219512,-1.0,medium,F,-0.3333333333333333,0.3345273321912475,0
7841,C,Ship,-0.5,2,-0.15853658536585366,0.0,medium,M,0.0,0.2308051705341847,0
7842,F,Ship,-1.0,2,-0.15853658536585366,0.0,high,M,-0.8333333333333334,0.22301822146083164,1
7843,D,Ship,0.0,3,0.15853658536585366,0.0,medium,M,0.5,0.5086435134714219,1
7844,F,Ship,-0.5,5,-0.524390243902439,-1.0,medium,M,-1.0,0.1974770285002336,1
7845,A,Ship,-0.5,5,-0.2682926829268293,-1.0,low,F,0.0,0.2865597258993926,1
7846,B,Ship,-0.5,1,0.14634146341463414,0.0,high,M,-0.8333333333333334,0.21242797072107147,1
7847,C,Ship,-0.5,4,0.4634146341463415,-1.0,medium,F,-0.16666666666666666,-0.03395109795981934,1
7848,F,Ship,0.0,5,-0.45121951219512196,0.0,medium,F,0.0,0.029278928515807507,1
7849,D,Ship,-0.5,5,-0.036585365853658534,0.0,medium,M,-0.3333333333333333,-0.02834449462700514,1
7850,F,Ship,1.0,3,-0.5365853658536586,1.0,low,M,-1.0,0.2376576857187354,0
7851,A,Ship,-1.0,3,-1.170731707317073,1.0,medium,M,0.0,0.4239215075533406,0
7852,B,Ship,0.0,4,-0.8292682926829268,0.0,low,M,-0.6666666666666666,0.3351502881171157,1
7853,C,Ship,-0.5,5,-0.7804878048780488,0.0,high,M,-0.16666666666666666,0.12957483258059493,0
7854,F,Ship,0.5,5,0.35365853658536583,0.0,medium,M,-0.6666666666666666,0.48310232051082386,1
7855,D,Ship,0.0,4,-0.9634146341463414,0.0,medium,M,-0.16666666666666666,0.05793490110574677,1
7856,F,Ship,0.0,5,-0.06097560975609756,0.0,low,F,-0.16666666666666666,0.5450864351347142,1
7857,A,Ship,0.0,5,0.036585365853658534,0.0,medium,M,-0.8333333333333334,0.40865908736956863,1
7858,B,Ship,-1.0,2,0.8902439024390244,1.0,medium,M,0.5,0.5678243264289051,0
7859,C,Ship,-1.0,3,0.3048780487804878,2.5,medium,M,-0.5,-0.03955770129263354,0
7860,F,Ship,0.5,2,-0.3048780487804878,-1.0,medium,M,-0.8333333333333334,0.15168976794891761,1
7861,D,Ship,0.0,2,-0.9146341463414634,0.0,medium,M,0.5,0.1554275035041271,0
7862,F,Ship,0.0,2,0.5,0.0,low,F,0.16666666666666666,0.534496184394954,0
7863,A,Ship,0.5,1,-1.0,1.0,medium,F,-0.5,0.40865908736956863,0
7864,B,Ship,0.0,1,-0.9512195121951219,0.0,medium,F,-0.5,0.2837564242329855,1
7865,C,Ship,0.5,3,-0.8658536585365854,0.0,low,M,-0.16666666666666666,0.19062451331568292,1
7866,F,Ship,-0.5,4,-0.15853658536585366,-1.0,low,F,0.16666666666666666,0.07631210091886,0
7867,D,Ship,1.0,5,0.7804878048780488,2.0,medium,F,-0.8333333333333334,0.06603332814203396,1
7868,F,Ship,0.0,3,-0.012195121951219513,0.0,medium,M,-0.5,0.06790219591963868,0
7869,A,Ship,-1.0,1,-0.14634146341463414,-1.0,medium,F,-0.3333333333333333,0.09562373462077559,0
7870,B,Ship,0.0,5,0.3170731707317073,-1.0,medium,M,-0.16666666666666666,0.2790842547889737,1
7871,C,Ship,0.5,4,0.10975609756097561,0.0,low,M,0.0,0.1625914966516119,1
7872,F,Ship,0.0,4,-0.25609756097560976,0.0,low,M,-0.8333333333333334,0.5687587603177076,1
7873,D,Ship,-0.5,1,0.12195121951219512,0.0,low,M,0.16666666666666666,0.2364117738669989,0
7874,F,Ship,-0.5,1,-0.14634146341463414,0.0,medium,F,0.0,0.5198567201370503,0
7875,A,Ship,0.0,5,0.2682926829268293,1.0,medium,M,-1.0,-0.0208690235165862,0
7876,B,Ship,-0.5,3,0.024390243902439025,1.0,low,F,0.3333333333333333,0.29839588849088927,1
7877,C,Ship,-0.5,1,0.18292682926829268,0.0,medium,M,0.0,0.36598660644759384,1
7878,F,Ship,0.0,5,0.7439024390243902,0.0,medium,M,-1.0,0.3877900638529824,1
7879,D,Ship,-0.5,3,0.43902439024390244,-1.0,medium,F,0.16666666666666666,0.28593676997352435,0
7880,F,Ship,0.0,3,-0.21951219512195122,0.0,low,M,0.5,0.08845974147329076,1
7881,A,Ship,-1.0,2,0.07317073170731707,0.0,low,M,-1.0,0.35508487774489955,0
7882,B,Ship,0.0,4,-0.7560975609756098,0.0,low,M,0.16666666666666666,0.0875253075844884,0
7883,C,Ship,-0.5,2,-0.34146341463414637,-1.0,low,M,0.0,0.4276592431085501,0
7884,F,Ship,-0.5,1,-0.3048780487804878,0.0,low,F,-0.6666666666666666,0.5348076623578881,1
7885,D,Ship,-0.5,1,0.0975609756097561,0.0,low,M,-1.0,0.3778227690390905,1
7886,F,Ship,0.0,1,-0.9146341463414634,0.0,low,F,0.0,0.36380626070705496,0
7887,A,Ship,0.5,1,-0.5487804878048781,1.0,low,M,-0.16666666666666666,0.032393708145148734,1
7888,B,Ship,0.0,3,-0.9390243902439024,0.0,medium,M,0.3333333333333333,0.2700513938638841,0
7889,C,Ship,-0.5,1,-0.024390243902439025,2.5,low,M,-0.3333333333333333,0.3706587758916057,0
7890,F,Ship,-0.5,5,0.1951219512195122,1.0,low,F,-0.3333333333333333,0.09375486684317084,1
7891,D,Ship,-0.5,2,0.5853658536585366,-1.0,low,M,0.0,0.30898613923064944,1
7892,F,Ship,0.0,4,-0.5853658536585366,-1.0,low,M,0.16666666666666666,0.3248715153402897,0
7893,A,Ship,1.0,2,-1.4024390243902438,0.0,low,M,0.16666666666666666,0.5366765301354929,0
7894,B,Ship,0.0,2,0.5975609756097561,0.0,low,F,0.0,0.38810154181591655,1
7895,C,Ship,0.5,4,0.10975609756097561,0.0,low,M,0.16666666666666666,0.05014795203239371,1
7896,F,Ship,-0.5,1,0.07317073170731707,-1.0,low,F,0.0,0.4684628562529201,0
7897,D,Ship,-0.5,3,0.34146341463414637,0.0,medium,F,0.16666666666666666,0.5500700825416602,1
7898,F,Ship,-0.5,4,-0.6219512195121951,0.0,high,F,-0.16666666666666666,0.5491356486528578,0
7899,A,Ship,-0.5,4,0.7195121951219512,-1.0,medium,M,-0.8333333333333334,0.021803457405388568,1
7900,B,Ship,0.5,5,0.573170731707317,2.0,medium,M,0.3333333333333333,0.3849867621865753,0
7901,C,Ship,0.5,1,-0.4268292682926829,-1.0,low,M,0.16666666666666666,0.3267403831178944,1
7902,F,Ship,0.5,2,-0.3902439024390244,0.0,low,F,0.5,-0.006541037221616571,1
7903,D,Ship,-0.5,4,-0.14634146341463414,-1.0,medium,F,-0.16666666666666666,0.27441208534496186,0
7904,F,Ship,0.5,2,-0.7317073170731707,1.0,low,F,0.16666666666666666,0.20900171312879615,0
7905,A,Ship,0.0,4,0.12195121951219512,-1.0,low,F,0.16666666666666666,0.4999221305092665,1
7906,B,Ship,-0.5,2,-0.9146341463414634,0.0,medium,M,-0.5,0.43046254477495716,0
7907,C,Ship,-0.5,5,0.5121951219512195,-1.0,medium,F,-0.16666666666666666,0.3818719825572341,0
7908,F,Ship,-0.5,2,0.45121951219512196,1.0,high,F,0.0,-0.034574053885687586,0
7909,D,Ship,0.0,5,0.4878048780487805,0.0,medium,F,0.5,-0.0003114779629341224,0
7910,F,Ship,0.5,1,-0.4024390243902439,0.0,low,F,-0.16666666666666666,0.39682292477807196,0
7911,A,Ship,0.0,4,0.4878048780487805,0.0,low,M,0.0,0.46347920884597416,0
7912,B,Ship,-0.5,3,0.3048780487804878,0.0,medium,M,0.0,0.24700202460675907,0
7913,C,Ship,-0.5,3,-0.573170731707317,-1.0,low,M,-0.16666666666666666,0.2965270207132845,0
7914,F,Ship,0.0,2,-0.2682926829268293,-1.0,low,M,0.3333333333333333,-0.0028033016664071016,0
7915,D,Ship,-0.5,2,-0.6219512195121951,-1.0,low,F,-0.3333333333333333,0.27160878367855473,0
7916,F,Ship,-0.5,1,-0.012195121951219513,-1.0,low,M,-0.16666666666666666,0.18626382183460521,0
7917,A,Ship,-0.5,3,0.1951219512195122,0.0,low,M,-0.5,-0.04080361314437004,1
7918,B,Ship,-0.5,3,0.6097560975609756,0.0,low,M,-0.6666666666666666,0.2557234075689145,0
7919,C,Ship,0.5,1,-0.3902439024390244,-1.0,low,M,-0.16666666666666666,-0.008721382962155428,1
7920,F,Road,0.5,1,0.10975609756097561,0.0,medium,F,-0.5,0.23547733997819653,1
7921,D,Road,0.0,1,0.573170731707317,-1.0,medium,F,0.3333333333333333,0.0028033016664071016,0
7922,F,Road,0.0,2,0.4146341463414634,-1.0,low,F,0.5,0.5089549914343561,0
7923,A,Road,0.0,5,-0.5487804878048781,1.0,low,M,-0.3333333333333333,0.3731505995950786,0
7924,B,Road,-0.5,4,-0.3170731707317073,2.5,medium,F,-0.16666666666666666,-0.036754399626226446,1
7925,C,Road,-0.5,4,-0.8780487804878049,1.0,medium,M,-0.3333333333333333,0.08721382962155427,0
7926,F,Road,0.0,1,-0.07317073170731707,-1.0,low,F,-0.3333333333333333,0.48528266625136274,1
7927,D,Road,0.0,5,0.3048780487804878,-1.0,medium,F,-1.0,0.030524840367543996,0
7928,F,Road,0.5,5,0.04878048780487805,2.0,low,M,-0.3333333333333333,0.04796760629185485,1
7929,A,Road,0.0,1,-0.9390243902439024,0.0,medium,F,-0.6666666666666666,0.25323158386544153,1
7930,B,Road,0.0,4,-1.4268292682926829,2.5,low,M,-0.5,0.5145615947671702,0
7931,C,Road,-0.5,1,0.34146341463414637,2.5,high,M,0.3333333333333333,0.31210091885999064,1
7932,F,Road,0.0,3,-0.7439024390243902,2.5,medium,F,-0.5,0.10901728702694284,1
7933,D,Road,-0.5,3,-0.3170731707317073,2.0,low,F,-0.16666666666666666,0.48715153402896744,0
7934,F,Road,0.0,1,0.7073170731707317,-1.0,low,F,0.16666666666666666,0.36723251829933035,1
7935,A,Road,-1.0,2,-0.5975609756097561,0.0,medium,F,0.5,-0.021491979442454446,1
7936,B,Road,0.0,4,0.04878048780487805,-1.0,medium,F,-0.6666666666666666,0.4806104968073509,1
7937,C,Road,0.0,3,-0.7439024390243902,1.0,low,M,-0.5,0.3152156984893319,0
7938,F,Road,1.0,1,0.43902439024390244,-1.0,medium,M,-0.5,-0.041426569070238284,0
7939,D,Road,0.0,1,-0.12195121951219512,2.5,low,F,0.0,0.37688833515028813,0
7940,F,Road,0.0,1,-0.7317073170731707,2.5,high,M,0.5,0.4750038934745367,1
7941,A,Road,0.0,2,0.23170731707317074,2.5,medium,F,-0.3333333333333333,0.3775112910761564,0
7942,B,Flight,0.0,3,0.13414634146341464,2.5,low,M,0.16666666666666666,0.17723096090951565,1
7943,C,Flight,0.0,4,0.6707317073170732,2.5,high,F,-0.6666666666666666,0.1055910294346675,0
7944,F,Flight,0.0,5,-0.5,1.0,low,M,0.0,0.2582152312723875,1
7945,D,Flight,0.0,1,-0.8414634146341463,0.0,low,M,0.16666666666666666,0.30462544774957173,0
7946,F,Flight,0.0,4,0.34146341463414637,-1.0,medium,M,-0.16666666666666666,0.5348076623578881,0
7947,A,Flight,-0.5,5,0.5,2.5,medium,M,0.16666666666666666,-0.0180657218501791,1
7948,B,Flight,0.0,1,0.4878048780487805,2.5,low,M,-0.3333333333333333,-0.014016508332035509,1
7949,C,Flight,0.0,3,-0.7804878048780488,0.0,high,F,-0.8333333333333334,0.07288584332658464,0
7950,F,Flight,0.0,2,-0.15853658536585366,2.5,medium,F,-0.16666666666666666,0.30493692571250586,0
7951,D,Flight,0.5,2,0.5853658536585366,2.0,low,M,-0.3333333333333333,-0.7469241551160255,0
7952,F,Flight,1.0,4,1.1219512195121952,1.0,low,F,0.16666666666666666,-0.8360068525151846,0
7953,A,Flight,1.0,5,0.7560975609756098,1.0,low,M,0.3333333333333333,-0.8814826351035664,0
7954,B,Flight,-0.5,2,-0.3780487804878049,2.0,low,M,-0.6666666666666666,-0.8761875097336863,1
7955,C,Flight,0.5,1,0.3048780487804878,2.0,low,F,0.0,-0.7132845351191404,1
7956,F,Flight,1.5,3,0.8658536585365854,1.0,low,M,0.5,-0.689612209936147,1
7957,D,Flight,0.5,5,0.18292682926829268,2.5,low,F,-0.16666666666666666,-0.7139074910450086,0
7958,F,Flight,1.5,5,1.146341463414634,2.0,medium,M,-0.16666666666666666,-0.9328764989876966,0
7959,A,Flight,1.0,2,0.9634146341463414,1.0,low,F,0.0,-0.8322691169599751,0
7960,B,Flight,1.0,4,0.4024390243902439,1.0,low,M,0.0,-0.7220059180812958,0
7961,C,Flight,1.0,1,0.5609756097560976,2.0,low,F,-0.6666666666666666,-0.8456626693661423,0
7962,F,Flight,1.5,1,1.146341463414634,1.0,medium,M,-0.3333333333333333,-0.7612521414109952,0
7963,D,Flight,0.5,3,0.7317073170731707,2.5,medium,M,0.0,-0.8895810621398536,0
7964,F,Ship,0.5,1,0.2682926829268293,2.5,low,M,-0.5,-0.9425323158386544,1
7965,A,Ship,1.5,1,0.9390243902439024,1.0,medium,F,-1.0,-0.73290764678399,0
7966,B,Ship,0.5,4,0.10975609756097561,0.0,medium,M,0.0,0.4949384831023205,0
7967,C,Ship,0.0,4,0.573170731707317,-1.0,medium,M,0.16666666666666666,0.2669366142345429,1
7968,F,Ship,0.0,1,0.4146341463414634,-1.0,low,F,-0.16666666666666666,0.4584955614390282,0
7969,D,Ship,0.0,5,-0.5487804878048781,1.0,low,F,-0.16666666666666666,0.019934589627783834,0
7970,F,Ship,-0.5,2,-0.3170731707317073,2.5,medium,F,-1.0,0.22021491979442454,0
7971,A,Ship,-0.5,1,-0.8780487804878049,1.0,medium,M,0.0,0.19654259461143125,0
7972,B,Ship,0.0,1,-0.07317073170731707,-1.0,low,M,-0.16666666666666666,0.3479208845974147,0
7973,C,Ship,0.0,3,0.3048780487804878,-1.0,medium,F,0.0,0.38467528422364117,0
7974,F,Ship,0.5,3,0.04878048780487805,2.0,low,F,0.3333333333333333,0.08908269739915901,1
7975,D,Ship,0.0,5,-0.9390243902439024,0.0,medium,M,-1.0,0.22177230960909516,0
7976,F,Ship,0.0,3,-1.4268292682926829,2.5,low,F,-0.5,0.07039401962311166,0
7977,A,Ship,-0.5,4,0.34146341463414637,2.5,high,M,-0.3333333333333333,-0.006852515184550693,0
7978,B,Ship,0.0,1,-0.7439024390243902,2.5,medium,F,-0.5,0.5021024762498053,1
7979,C,Ship,-0.5,4,-0.3170731707317073,2.0,low,F,-0.6666666666666666,0.21367388257280798,1
7980,F,Ship,0.0,4,0.7073170731707317,-1.0,low,M,0.0,-0.0333281420339511,1
7981,D,Ship,-1.0,4,-0.5975609756097561,0.0,medium,M,0.0,0.531692882728547,0
7982,F,Ship,0.0,4,0.04878048780487805,-1.0,medium,M,-0.6666666666666666,0.27721538701136894,0
7983,A,Ship,0.0,4,-0.7439024390243902,1.0,low,M,-0.3333333333333333,0.315527176452266,0
7984,B,Ship,1.0,3,0.43902439024390244,-1.0,medium,F,-1.0,0.18626382183460521,0
7985,C,Ship,0.0,2,-0.12195121951219512,2.5,low,F,-1.0,-0.034574053885687586,1
7986,F,Ship,0.0,3,-0.7317073170731707,2.5,high,M,0.0,0.36380626070705496,0
7987,D,Ship,0.0,1,0.23170731707317074,2.5,medium,M,0.0,0.038311789440897054,1
7988,F,Ship,0.0,2,0.13414634146341464,2.5,low,F,0.16666666666666666,0.45911851736489645,0
7989,A,Ship,0.0,2,0.6707317073170732,2.5,high,M,-0.8333333333333334,0.45693817162435757,1
7990,B,Ship,0.0,1,-0.5,1.0,low,F,-1.0,0.5108238592119607,0
7991,C,Ship,0.0,3,-0.8414634146341463,0.0,low,F,-0.3333333333333333,0.5148730727301043,1
7992,F,Ship,0.0,5,0.34146341463414637,-1.0,medium,F,-0.8333333333333334,0.2046410216477184,1
7993,D,Ship,-0.5,2,0.5,2.5,medium,M,-0.8333333333333334,0.35290453200436067,0
7994,F,Ship,0.0,2,0.4878048780487805,2.5,low,F,-0.16666666666666666,0.302756579971967,0
7995,A,Ship,0.0,5,-0.7804878048780488,0.0,high,F,0.5,0.5039713440274101,1
7996,B,Ship,0.0,1,-0.15853658536585366,2.5,medium,M,-0.5,0.04547578258838187,0
7997,C,Ship,0.5,3,0.5853658536585366,2.0,low,F,0.16666666666666666,-0.8272854695530292,1
7998,F,Ship,1.0,1,1.1219512195121952,1.0,low,F,-0.5,-0.8409904999221305,1
7999,D,Ship,1.0,4,0.7560975609756098,1.0,low,F,-0.8333333333333334,-0.9434667497274568,1
8000,F,Ship,-0.5,2,-0.3780487804878049,2.0,low,F,-0.8333333333333334,-0.9316305871359601,1
8001,A,Ship,0.5,2,0.3048780487804878,2.0,low,M,-1.0,-0.8194985204796761,1
8002,B,Ship,1.5,2,0.8658536585365854,1.0,low,M,-0.8333333333333334,-0.8279084254788973,1
8003,C,Ship,0.5,4,0.18292682926829268,2.5,low,F,0.3333333333333333,-0.7525307584488398,0
8004,F,Ship,1.5,3,1.146341463414634,2.0,medium,M,0.5,-0.9334994549135649,1
8005,D,Ship,1.0,4,0.9634146341463414,1.0,low,F,0.16666666666666666,-0.9356798006541037,1
8006,F,Ship,1.0,3,0.4024390243902439,1.0,low,F,-0.16666666666666666,-0.8135804391839278,0
8007,A,Ship,1.0,3,0.5609756097560976,2.0,low,M,0.16666666666666666,-0.8799252452888958,1
8008,B,Ship,1.5,1,1.146341463414634,1.0,medium,M,0.0,-0.7188911384519545,1
8009,C,Ship,1.0,2,0.8292682926829268,1.0,low,M,-1.0,-0.7139074910450086,1
8010,F,Ship,1.0,4,0.6585365853658537,1.0,medium,F,-0.6666666666666666,-0.7983180190001558,0
8011,D,Ship,0.5,3,0.2926829268292683,2.0,high,M,0.0,-0.7167107927114157,0
8012,F,Ship,0.5,3,0.4878048780487805,2.5,low,M,0.0,-0.9609095156517676,0
8013,A,Ship,0.5,3,0.4634146341463415,2.0,low,M,-0.6666666666666666,-0.8332035508487774,0
8014,B,Ship,1.0,4,0.4878048780487805,1.0,low,M,0.3333333333333333,-0.7958261952966827,0
8015,C,Ship,0.0,1,0.5975609756097561,2.0,low,M,0.16666666666666666,-0.8481544930696153,1
8016,F,Ship,0.5,4,0.5121951219512195,2.0,low,M,-0.16666666666666666,-0.80921974770285,0
8017,D,Ship,1.0,5,0.6097560975609756,1.0,medium,M,0.16666666666666666,-0.745678243264289,0
8018,F,Ship,0.0,5,0.2804878048780488,2.0,low,M,-0.8333333333333334,-0.8696464725120697,1
8019,A,Ship,0.0,1,0.14634146341463414,2.0,medium,M,-0.16666666666666666,-0.8219903441831491,1
8020,B,Ship,1.5,5,0.9146341463414634,1.0,low,M,-0.6666666666666666,-0.7765145615947672,1
8021,C,Ship,1.5,4,0.8170731707317073,1.0,low,M,0.3333333333333333,-0.6787104812334527,0
8022,F,Ship,0.5,1,0.5365853658536586,2.0,low,F,-0.5,-0.9708768104656595,0
8023,D,Ship,1.0,2,0.5975609756097561,1.0,low,F,0.16666666666666666,-0.7830555988163838,0
8024,F,Ship,0.5,3,0.3780487804878049,2.0,low,F,-0.8333333333333334,-0.6889892540102788,0
8025,A,Ship,1.5,3,1.0,1.0,medium,M,0.16666666666666666,-0.7235633078959663,1
8026,B,Ship,1.5,3,0.8780487804878049,1.0,low,F,-0.3333333333333333,-0.7111041893786014,1
8027,C,Ship,1.0,3,0.4634146341463415,-1.0,low,M,-1.0,-0.7453667653013549,0
8028,F,Ship,1.0,5,1.0609756097560976,1.0,low,F,0.0,-0.8584332658464414,1
8029,D,Ship,1.5,1,0.926829268292683,1.0,low,M,-0.5,-0.8288428593676997,0
8030,F,Ship,1.5,1,0.4024390243902439,1.0,medium,M,-0.16666666666666666,-0.8883351502881172,1
8031,A,Ship,0.5,5,0.2926829268292683,2.5,low,F,-0.6666666666666666,-0.6802678710481234,1
8032,B,Ship,0.5,2,0.5975609756097561,2.0,medium,F,0.5,-0.9624669054664382,0
8033,C,Ship,0.5,2,0.5975609756097561,1.0,low,M,-0.6666666666666666,-0.7503504127083009,1
8034,F,Ship,0.5,2,0.4146341463414634,2.0,low,F,-0.6666666666666666,-0.9665161189845819,1
8035,D,Ship,1.5,2,0.9146341463414634,2.0,low,M,-1.0,-0.9254010278772777,0
8036,F,Ship,0.0,4,0.5121951219512195,2.0,high,M,-1.0,-0.69210403363962,1
8037,A,Ship,1.0,2,0.8902439024390244,1.0,low,F,0.0,-0.720137050303691,1
8038,B,Ship,0.0,2,0.43902439024390244,2.0,medium,M,0.5,-0.9727456782432643,1
8039,C,Ship,1.5,3,1.0609756097560976,1.0,medium,M,-1.0,-0.6799563930851892,1
8040,F,Ship,0.0,1,0.3780487804878049,2.0,low,F,-0.6666666666666666,-0.8135804391839278,0
8041,D,Ship,0.0,5,0.14634146341463414,2.0,medium,M,0.16666666666666666,-0.9394175362093132,0
8042,F,Ship,1.0,2,0.7073170731707317,2.0,low,M,0.16666666666666666,-0.966827596947516,0
8043,A,Ship,-0.5,3,1.1341463414634145,2.0,low,F,-0.6666666666666666,-0.8008098427036288,1
8044,B,Ship,1.0,1,-0.926829268292683,0.0,low,M,-0.16666666666666666,-0.7927114156673415,0
8045,C,Ship,0.5,1,0.4146341463414634,2.0,low,F,0.16666666666666666,-0.7285469553029124,0
8046,F,Ship,0.5,1,1.1341463414634145,1.0,low,M,0.16666666666666666,-0.8216788662202149,1
8047,D,Ship,1.0,2,0.5121951219512195,1.0,low,F,-0.16666666666666666,-0.8229247780719514,0
8048,F,Ship,1.0,5,1.0609756097560976,2.0,low,M,0.16666666666666666,-0.8428593676997352,0
8049,A,Ship,1.5,3,0.3780487804878049,1.0,medium,F,0.5,-0.7908425478897368,1
8050,B,Ship,-1.0,2,-0.5609756097560976,-1.0,medium,F,-0.8333333333333334,-0.9101386076935056,1
8051,C,Ship,1.0,1,0.9878048780487805,1.0,low,M,0.5,-0.793957327519078,0
8052,F,Ship,1.0,4,1.0365853658536586,1.0,low,M,0.3333333333333333,-0.816695218813269,0
8053,D,Ship,1.0,4,0.47560975609756095,1.0,medium,M,0.3333333333333333,-0.8288428593676997,0
8054,F,Ship,1.5,4,0.6707317073170732,1.0,medium,M,-0.3333333333333333,-0.9581062139853606,0
8055,A,Ship,0.5,1,0.6463414634146342,2.0,medium,F,0.5,-0.7260551315994394,0
8056,B,Ship,-0.5,5,-0.024390243902439025,0.0,medium,M,0.0,0.08160722628874008,1
8057,C,Road,0.5,3,0.5365853658536586,0.0,medium,F,-1.0,0.4890204018065722,0
8058,F,Road,0.0,3,-0.9512195121951219,0.0,low,M,-0.16666666666666666,0.2373462077558013,1
8059,D,Road,-0.5,1,-1.3780487804878048,-1.0,medium,F,-1.0,0.43949540570004675,0
8060,F,Road,0.5,2,-0.2804878048780488,1.0,low,F,-0.6666666666666666,0.4451020090328609,0
8061,A,Road,0.5,5,-0.34146341463414637,1.0,low,M,-0.6666666666666666,0.04298395888490889,0
8062,B,Road,0.0,4,-1.3414634146341464,2.0,low,F,0.0,0.4488397445880704,0
8063,C,Road,0.0,3,-0.15853658536585366,1.0,medium,F,-0.6666666666666666,0.2018377199813113,0
8064,F,Road,-0.5,2,0.25609756097560976,-1.0,medium,F,0.5,0.007163993147484816,0
8065,D,Road,0.0,4,0.6951219512195121,2.5,high,M,-0.6666666666666666,0.32860925089549914,0
8066,F,Road,-1.0,3,-0.9878048780487805,1.0,low,F,-0.3333333333333333,0.5731194517987852,1
8067,A,Road,-0.5,1,0.5121951219512195,1.0,low,M,-0.16666666666666666,0.2071328453511914,1
8068,B,Road,-0.5,1,0.13414634146341464,-1.0,low,F,-0.8333333333333334,0.09001713128796138,1
8069,C,Road,0.5,3,-0.14634146341463414,0.0,low,M,-0.5,-0.004672169444011836,1
8070,F,Road,0.0,4,0.0,0.0,medium,F,-1.0,0.17691948294658152,0
8071,D,Road,1.0,3,0.036585365853658534,2.5,medium,M,-0.6666666666666666,0.018688677776047345,0
8072,F,Road,0.0,1,0.32926829268292684,-1.0,low,M,-0.6666666666666666,0.47438093754866845,0
8073,A,Road,-1.0,3,0.5975609756097561,0.0,low,M,0.5,0.5756112755022582,0
8074,B,Road,0.0,2,0.7195121951219512,-1.0,low,F,0.3333333333333333,0.022426413331256813,0
8075,C,Road,0.0,4,-0.18292682926829268,0.0,low,F,0.3333333333333333,0.2700513938638841,0
8076,F,Road,0.0,1,-0.1951219512195122,1.0,medium,F,0.3333333333333333,0.3840523282977729,0
8077,D,Road,-1.0,4,-1.3780487804878048,2.5,low,F,-0.16666666666666666,0.289985983491668,1
8078,F,Road,0.0,4,-0.7195121951219512,1.0,low,F,0.5,0.4155116025541193,1
8079,A,Flight,-1.0,1,-0.7195121951219512,-1.0,low,M,-0.8333333333333334,0.47095467995639306,1
8080,B,Flight,0.0,3,-1.1829268292682926,0.0,medium,F,-0.5,0.16103410683694128,0
8081,C,Flight,-0.5,2,0.5853658536585366,-1.0,low,M,-0.3333333333333333,0.4977417847687276,1
8082,F,Flight,0.5,4,-0.8780487804878049,0.0,low,F,0.16666666666666666,0.41083943311010745,1
8083,D,Flight,0.0,4,-1.2073170731707317,0.0,medium,M,0.0,0.1432798629496963,0
8084,F,Flight,0.0,4,-0.47560975609756095,0.0,low,F,-0.16666666666666666,0.1404765612832892,1
8085,A,Flight,-1.0,5,0.3048780487804878,-1.0,low,F,0.3333333333333333,0.3781342470020246,1
8086,B,Flight,0.0,1,-0.524390243902439,-1.0,low,M,-0.6666666666666666,0.038000311477962935,0
8087,C,Flight,0.0,4,-0.4878048780487805,0.0,low,M,0.16666666666666666,0.06198411462389036,0
8088,F,Flight,0.0,1,-0.6097560975609756,0.0,high,F,-1.0,0.4183149042205264,0
8089,D,Flight,-0.5,2,0.5853658536585366,-1.0,medium,M,-0.5,0.4949384831023205,0
8090,F,Flight,-0.5,5,0.5853658536585366,-1.0,medium,F,0.0,0.08503348388101542,1
8091,A,Flight,-0.5,1,0.3780487804878049,0.0,low,F,-0.5,0.4049213518143591,0
8092,B,Flight,-0.5,4,-0.36585365853658536,0.0,low,F,-0.8333333333333334,0.22613300109017287,0
8093,C,Flight,0.5,1,0.2073170731707317,-1.0,low,M,0.5,0.23142812646005295,1
8094,F,Flight,0.5,1,0.14634146341463414,1.0,high,F,-0.8333333333333334,0.4519545242174116,0
8095,D,Flight,0.0,1,-0.036585365853658534,0.0,medium,F,-0.8333333333333334,0.5301354929138763,0
8096,F,Flight,0.0,2,0.6341463414634146,2.0,medium,M,-0.6666666666666666,0.1336240460987385,0
8097,A,Flight,0.0,2,0.024390243902439025,0.0,low,M,-0.5,0.04983647406945958,1
8098,B,Flight,0.0,3,-0.7439024390243902,0.0,low,M,-0.3333333333333333,0.4964958729169911,1
8099,C,Flight,-1.0,2,0.34146341463414637,0.0,high,M,0.3333333333333333,0.17691948294658152,0
8100,F,Flight,0.5,1,0.8292682926829268,2.0,low,M,-0.16666666666666666,0.3217567357109484,1
8101,D,Ship,0.0,1,-0.5975609756097561,0.0,medium,F,0.5,0.13237813424700204,0
8102,F,Ship,-0.5,1,-0.8292682926829268,0.0,medium,M,0.3333333333333333,0.24762498053262733,1
8103,A,Ship,0.5,3,-1.2317073170731707,0.0,medium,F,-0.3333333333333333,0.1850179099828687,0
8104,B,Ship,-0.5,2,-0.6463414634146342,0.0,medium,F,-1.0,0.5008565643980688,0
8105,C,Ship,-1.0,2,0.06097560975609756,-1.0,medium,M,0.16666666666666666,0.11493536832269118,0
8106,F,Ship,0.0,2,0.2804878048780488,-1.0,low,F,-1.0,0.34636349478274414,0
8107,D,Ship,0.0,3,0.3902439024390244,0.0,low,M,-0.3333333333333333,0.07319732128951877,0
8108,F,Ship,-0.5,4,0.18292682926829268,2.5,medium,F,-0.6666666666666666,0.41177386699890983,0
8109,A,Ship,-0.5,3,-0.23170731707317074,0.0,low,M,-1.0,0.02336084722005918,0
8110,B,Ship,0.0,3,-0.6585365853658537,-1.0,low,M,-0.3333333333333333,0.11618128017442766,1
8111,C,Ship,-0.5,5,-0.8536585365853658,-1.0,medium,M,-0.16666666666666666,0.5712505840211805,0
8112,F,Ship,-0.5,3,0.036585365853658534,1.0,medium,F,-0.6666666666666666,0.45257748014327986,0
8113,D,Ship,-0.5,4,0.3170731707317073,0.0,high,F,-0.16666666666666666,0.08191870425167419,0
8114,F,Ship,-0.5,2,-0.04878048780487805,0.0,medium,M,0.16666666666666666,-0.04298395888490889,0
8115,A,Ship,0.0,2,0.4268292682926829,0.0,low,F,0.3333333333333333,0.4080361314437004,1
8116,B,Ship,0.0,1,-0.43902439024390244,0.0,high,M,-0.6666666666666666,0.42703628718268183,1
8117,C,Ship,1.0,4,0.12195121951219512,1.0,low,F,-0.16666666666666666,0.10714841924933811,0
8118,F,Ship,-0.5,1,-0.8780487804878049,0.0,medium,F,0.5,0.23859211960753776,1
8119,D,Ship,0.0,5,-0.6219512195121951,-1.0,medium,F,0.5,0.4298395888490889,1
8120,F,Ship,0.0,1,0.573170731707317,1.0,medium,F,0.5,0.1504438560971811,0
8121,A,Ship,-0.5,4,-0.7682926829268293,0.0,medium,M,-0.3333333333333333,0.19249338109328765,1
8122,B,Ship,0.0,2,-0.2073170731707317,-1.0,medium,M,-0.6666666666666666,0.17629652702071327,1
8123,C,Ship,1.0,3,-0.7195121951219512,-1.0,medium,F,-1.0,0.01027877277682604,1
8124,F,Ship,-0.5,5,-0.7560975609756098,1.0,medium,M,-0.8333333333333334,0.2055754555365208,0
8125,D,Ship,0.0,5,0.7439024390243902,2.5,low,M,-0.6666666666666666,0.26755957016041115,0
8126,F,Ship,-0.5,1,-1.3658536585365855,1.0,medium,F,-0.5,0.5566111197632767,1
8127,A,Ship,0.0,1,0.8658536585365854,-1.0,low,M,-0.5,0.07849244665939885,0
8128,B,Ship,0.0,5,0.4146341463414634,-1.0,medium,M,0.5,0.06759071795670456,1
8129,C,Ship,-0.5,4,0.7317073170731707,0.0,low,F,0.0,0.27628095312256656,1
8130,F,Ship,0.0,4,-1.3414634146341464,1.0,low,M,-0.16666666666666666,0.0541971655505373,1
8131,D,Ship,0.5,4,-0.4634146341463415,0.0,medium,M,0.5,0.407101697554898,0
8132,F,Ship,0.5,4,0.2804878048780488,0.0,medium,F,-1.0,0.06852515184550693,0
8133,A,Ship,0.0,4,0.4024390243902439,-1.0,medium,M,0.3333333333333333,0.2946581529356798,0
8134,B,Ship,0.5,5,-0.024390243902439025,2.0,low,F,-0.16666666666666666,0.09780408036131444,0
8135,C,Ship,0.0,5,0.14634146341463414,-1.0,low,M,-1.0,0.11929605980376888,0
8136,F,Ship,1.0,2,-0.012195121951219513,-1.0,medium,F,0.0,0.39433110107459896,0
8137,D,Ship,0.0,3,-0.45121951219512196,0.0,low,M,-1.0,0.35290453200436067,0
8138,F,Ship,0.0,5,0.25609756097560976,1.0,medium,M,-0.16666666666666666,0.15075533406011524,1
8139,A,Ship,-0.5,4,0.5975609756097561,0.0,medium,F,-0.8333333333333334,0.4958729169911229,1
8140,B,Ship,-0.5,3,-0.4024390243902439,0.0,low,F,0.5,0.3700358199657374,0
8141,C,Ship,-0.5,2,-0.43902439024390244,-1.0,medium,F,-0.8333333333333334,-0.008409904999221306,0
8142,F,Ship,-0.5,5,0.35365853658536583,0.0,medium,F,-0.5,-0.0059180812957483255,1
8143,D,Ship,-0.5,3,0.1951219512195122,0.0,medium,F,-0.8333333333333334,0.18470643201993459,1
8144,F,Ship,0.0,3,-1.3170731707317074,-1.0,medium,F,-0.16666666666666666,0.5351191403208223,0
8145,A,Ship,0.0,5,0.6341463414634146,0.0,medium,F,-0.8333333333333334,0.2236411773866999,0
8146,B,Ship,0.5,2,0.8536585365853658,1.0,low,M,-1.0,0.006852515184550693,1
8147,C,Ship,-1.0,5,0.23170731707317074,0.0,low,M,0.3333333333333333,0.1875097336863417,1
8148,F,Ship,-0.5,3,-0.17073170731707318,0.0,high,F,-0.8333333333333334,0.19560816072262888,1
8149,D,Ship,-0.5,2,-0.4634146341463415,-1.0,medium,F,-1.0,0.35601931163370193,0
8150,F,Ship,0.5,1,0.7926829268292683,2.0,medium,M,-0.5,0.07973835851113534,1
8151,A,Ship,-0.5,3,-0.6097560975609756,0.0,high,M,0.3333333333333333,0.28687120386232673,0
8152,B,Ship,0.0,3,-0.6219512195121951,0.0,low,F,0.5,0.2656907023828064,1
8153,C,Ship,0.0,5,0.4878048780487805,0.0,medium,F,-0.6666666666666666,0.07942688054820121,0
8154,F,Ship,0.5,4,0.24390243902439024,0.0,low,F,-0.8333333333333334,0.03737735555209469,0
8155,D,Ship,0.0,1,-0.2804878048780488,0.0,low,F,0.16666666666666666,-0.03986917925556767,1
8156,F,Ship,-0.5,3,0.12195121951219512,0.0,medium,F,-0.3333333333333333,0.020246067590717957,1
8157,A,Ship,-0.5,1,0.43902439024390244,-1.0,low,F,-0.3333333333333333,0.02585267092353216,0
8158,B,Ship,0.0,5,-1.3780487804878048,2.5,medium,M,0.16666666666666666,-0.0009344338888023672,0
8159,C,Ship,-0.5,2,0.15853658536585366,0.0,medium,M,-0.16666666666666666,0.2831334683071173,0
8160,F,Ship,-0.5,1,-0.5,-1.0,medium,F,-0.5,0.42734776514561595,0
8161,D,Ship,0.0,3,-0.06097560975609756,2.0,medium,M,-0.16666666666666666,0.07319732128951877,0
8162,F,Ship,-0.5,5,0.32926829268292684,0.0,low,F,-0.5,-0.005295125369880081,0
8163,A,Ship,0.5,5,0.524390243902439,0.0,medium,F,0.3333333333333333,0.5678243264289051,0
8164,B,Ship,0.5,1,-0.8292682926829268,0.0,high,F,-0.6666666666666666,0.06104968073508799,1
8165,C,Ship,-1.0,3,-1.0365853658536586,2.0,medium,M,-0.6666666666666666,0.40336396199968855,1
8166,F,Ship,-0.5,4,0.8658536585365854,0.0,low,M,0.3333333333333333,0.19280485905622177,1
8167,D,Ship,-0.5,1,-0.9878048780487805,0.0,low,F,-0.3333333333333333,0.33141255256190627,1
8168,F,Ship,0.0,2,-0.35365853658536583,0.0,low,M,-1.0,0.19841146238903598,0
8169,A,Ship,0.5,5,-0.25609756097560976,1.0,medium,M,0.16666666666666666,0.48746301199190156,0
8170,B,Ship,0.5,4,0.17073170731707318,2.5,medium,M,-0.3333333333333333,0.256969319420651,1
8171,C,Ship,-0.5,3,-0.4268292682926829,-1.0,low,M,-0.3333333333333333,0.2831334683071173,0
8172,F,Ship,0.0,2,0.12195121951219512,0.0,low,F,0.3333333333333333,0.23267403831178943,0
8173,D,Ship,-0.5,2,0.7926829268292683,2.5,medium,M,-1.0,0.5313814047656128,0
8174,F,Ship,0.0,2,-0.4024390243902439,0.0,medium,M,-0.5,0.48839744588070394,0
8175,A,Ship,0.5,5,-0.1951219512195122,-1.0,medium,M,0.3333333333333333,0.11742719202616415,0
8176,B,Ship,-0.5,5,-0.25609756097560976,0.0,medium,F,-0.5,0.5195452421741161,0
8177,C,Ship,0.5,4,-0.36585365853658536,0.0,low,F,-1.0,0.018377199813113223,1
8178,F,Ship,0.5,2,-0.9146341463414634,0.0,low,M,0.3333333333333333,0.5516274723563308,0
8179,D,Ship,0.5,3,-0.04878048780487805,0.0,low,M,-0.3333333333333333,0.1280174427659243,1
8180,F,Ship,0.0,3,0.13414634146341464,-1.0,low,M,-0.8333333333333334,0.11555832424855941,1
8181,A,Ship,-0.5,1,-0.3048780487804878,-1.0,low,F,-0.3333333333333333,0.1834605201681981,0
8182,B,Ship,0.0,5,-0.6097560975609756,1.0,low,F,-0.5,0.4943155271764523,0
8183,C,Ship,-0.5,5,-0.21951219512195122,0.0,low,M,-1.0,0.35944556922597726,1
8184,F,Ship,0.5,3,0.3902439024390244,-1.0,medium,F,-1.0,0.119607537766703,0
8185,D,Ship,0.0,4,-0.3170731707317073,1.0,low,F,0.5,0.13144370035819966,1
8186,F,Ship,-0.5,3,0.43902439024390244,-1.0,medium,F,-0.5,0.07195140943778228,0
8187,A,Ship,0.0,2,-0.7073170731707317,1.0,medium,F,-0.8333333333333334,0.5126927269895655,1
8188,B,Ship,-0.5,1,0.04878048780487805,1.0,low,M,-0.16666666666666666,0.4145771686653169,1
8189,C,Ship,0.5,5,-0.5121951219512195,-1.0,low,M,-0.3333333333333333,0.511446815137829,0
8190,F,Ship,-0.5,1,0.5487804878048781,-1.0,low,F,-0.6666666666666666,0.07195140943778228,0
8191,D,Ship,-0.5,3,0.2073170731707317,0.0,medium,F,0.3333333333333333,0.14764055443077403,1
8192,F,Ship,0.5,2,0.12195121951219512,0.0,high,M,-0.5,0.038000311477962935,0
8193,A,Ship,0.0,5,-0.15853658536585366,0.0,low,M,0.0,-0.03145927425634636,0
8194,B,Road,0.0,2,-0.3048780487804878,-1.0,medium,M,-0.3333333333333333,0.07008254166017754,0
8195,C,Road,0.5,4,0.6219512195121951,0.0,medium,M,0.5,0.12957483258059493,0
8196,F,Road,-0.5,5,-0.8170731707317073,0.0,medium,M,-0.3333333333333333,0.3762653792244199,1
8197,D,Road,0.0,4,-0.23170731707317074,0.0,low,F,-0.16666666666666666,0.5089549914343561,0
8198,F,Road,0.0,5,0.024390243902439025,0.0,medium,F,0.0,0.5425946114312412,0
8199,A,Road,0.0,2,-0.8048780487804879,-1.0,low,M,-0.3333333333333333,-0.036754399626226446,0
8200,B,Road,0.5,4,-0.4146341463414634,1.0,medium,F,0.0,0.015885376109640244,1
8201,C,Road,-0.5,3,-0.5487804878048781,0.0,low,F,0.0,0.5690702382806416,0
8202,F,Road,-0.5,4,-0.17073170731707318,0.0,low,F,0.0,0.3896589316305871,0
8203,D,Road,-0.5,3,0.5,-1.0,low,F,0.5,0.4619218190313035,0
8204,F,Road,0.0,3,0.2926829268292683,-1.0,low,F,-1.0,-0.030524840367543996,0
8205,A,Road,-0.5,4,-0.6219512195121951,0.0,medium,M,-0.3333333333333333,0.29247780719514094,1
8206,B,Road,0.0,5,-0.45121951219512196,0.0,medium,M,0.0,-0.036754399626226446,1
8207,C,Road,0.0,5,-0.0975609756097561,0.0,medium,M,-0.3333333333333333,0.5095779473602242,1
8208,F,Road,-0.5,4,-0.47560975609756095,0.0,low,F,-0.8333333333333334,0.34978975237501947,0
8209,D,Road,0.5,5,0.4024390243902439,-1.0,medium,M,-0.3333333333333333,0.03145927425634636,0
8210,F,Road,0.0,3,-0.7560975609756098,1.0,medium,F,-0.5,0.5170534184706432,0
8211,A,Road,0.0,4,-0.6341463414634146,0.0,low,F,0.16666666666666666,0.3877900638529824,0
8212,B,Road,-0.5,4,-0.0975609756097561,0.0,medium,F,-0.3333333333333333,0.5500700825416602,0
8213,C,Road,-0.5,4,-0.34146341463414637,1.0,low,F,-0.16666666666666666,0.4332658464413643,0
8214,F,Road,0.0,5,-0.4268292682926829,0.0,low,F,-0.5,0.10527955147173337,0
8215,D,Road,-0.5,5,-0.5121951219512195,0.0,medium,F,0.0,0.24295281108861547,0
8216,F,Flight,-0.5,3,-0.6829268292682927,-1.0,medium,M,0.0,0.22301822146083164,0
8217,A,Flight,1.0,5,-0.8658536585365854,2.0,high,M,0.3333333333333333,-0.027721538701136895,0
8218,B,Flight,0.5,3,-0.524390243902439,0.0,medium,F,0.0,0.26319887867933345,0
8219,C,Flight,0.0,2,-0.47560975609756095,0.0,high,M,-0.5,0.08627939573275191,0
8220,F,Flight,0.0,5,-0.5,0.0,medium,F,0.16666666666666666,-0.03395109795981934,1
8221,D,Flight,0.0,4,0.6585365853658537,0.0,medium,M,0.5,0.11898458184083475,0
8222,F,Flight,0.0,5,0.21951219512195122,0.0,low,F,0.16666666666666666,0.5525619062451331,0
8223,A,Flight,0.0,2,-0.13414634146341464,1.0,medium,F,0.3333333333333333,0.021180501479520324,0
8224,B,Flight,-0.5,4,-0.9024390243902439,0.0,low,M,-0.6666666666666666,0.3585111353371749,0
8225,C,Flight,-0.5,4,-0.926829268292683,0.0,medium,F,0.5,0.05544307740227379,1
8226,F,Flight,0.5,1,0.5853658536585366,0.0,medium,M,0.3333333333333333,0.31054352904532007,0
8227,D,Flight,0.0,1,0.3780487804878049,0.0,low,F,0.3333333333333333,-0.0389347453667653,1
8228,F,Flight,-0.5,4,0.12195121951219512,0.0,low,F,0.5,0.2046410216477184,1
8229,A,Flight,-0.5,4,-0.34146341463414637,-1.0,low,F,-0.5,0.13580439183927737,0
8230,B,Flight,0.0,2,0.8292682926829268,1.0,medium,M,-0.3333333333333333,0.39651144681513784,1
8231,C,Flight,0.5,1,0.6341463414634146,0.0,low,M,0.16666666666666666,0.19841146238903598,1
8232,F,Flight,0.0,2,0.5121951219512195,1.0,low,F,0.0,0.4429216632923221,0
8233,D,Flight,-0.5,3,-0.7195121951219512,0.0,medium,F,0.0,0.40959352125837095,0
8234,F,Flight,-1.0,4,-0.8780487804878049,0.0,high,M,-0.8333333333333334,0.48310232051082386,0
8235,A,Flight,1.0,3,0.18292682926829268,2.5,medium,M,-0.16666666666666666,0.1404765612832892,0
8236,B,Flight,0.0,3,-0.036585365853658534,2.5,medium,F,-0.16666666666666666,0.44665939884753153,0
8237,C,Flight,0.5,1,0.6097560975609756,2.5,high,F,-0.5,0.3700358199657374,0
8238,F,Ship,1.0,1,0.036585365853658534,1.0,medium,M,-0.6666666666666666,0.4429216632923221,0
8239,D,Ship,0.5,3,-0.8414634146341463,0.0,low,M,-0.6666666666666666,-0.022426413331256813,1
8240,F,Ship,-0.5,2,-0.35365853658536583,1.0,low,M,-0.16666666666666666,0.5310699268026787,0
8241,A,Ship,0.0,4,0.08536585365853659,2.5,high,M,-0.16666666666666666,0.4463479208845974,1
8242,B,Ship,0.0,5,-0.07317073170731707,0.0,low,F,0.16666666666666666,0.1504438560971811,0
8243,C,Ship,0.0,5,0.5609756097560976,-1.0,medium,M,-0.8333333333333334,0.3796916368166952,0
8244,F,Ship,0.0,4,-0.45121951219512196,2.5,low,F,-0.6666666666666666,0.46628251051238123,1
8245,D,Ship,0.0,1,-0.8536585365853658,1.0,low,F,0.5,0.008098427036287183,0
8246,F,Ship,-0.5,5,-0.4878048780487805,-1.0,low,F,-0.5,0.4806104968073509,0
8247,A,Ship,-0.5,2,0.012195121951219513,1.0,high,M,-1.0,0.0028033016664071016,0
8248,B,Ship,0.0,5,0.6829268292682927,2.5,medium,M,0.3333333333333333,0.29154337330633856,1
8249,C,Ship,-0.5,4,-0.06097560975609756,-1.0,high,M,0.5,0.12178788350724186,0
8250,F,Ship,0.5,1,-1.353658536585366,2.0,low,F,0.5,0.3937081451487307,1
8251,D,Ship,0.5,1,-0.36585365853658536,0.0,low,F,0.5,0.16352593054041425,1
8252,F,Ship,0.5,3,0.14634146341463414,-1.0,high,F,-0.16666666666666666,0.2753465192337642,0
8253,A,Ship,0.5,2,-0.6829268292682927,0.0,low,M,-0.5,0.05450864351347142,0
8254,B,Ship,-0.5,2,0.7317073170731707,-1.0,high,M,-0.8333333333333334,0.27410060738202774,0
8255,C,Ship,-0.5,4,0.3780487804878049,0.0,medium,F,0.0,0.39869179255567666,0
8256,F,Ship,0.5,3,0.4878048780487805,2.5,low,M,0.16666666666666666,-0.6905466438249493,0
8257,D,Ship,0.5,3,0.4634146341463415,2.0,low,M,-0.8333333333333334,-0.8836629808441053,1
8258,F,Ship,1.0,4,0.4878048780487805,1.0,low,M,-0.8333333333333334,-0.9266469397290141,0
8259,A,Ship,0.0,3,0.5975609756097561,2.0,low,F,0.5,-0.7434978975237502,0
8260,B,Ship,0.5,1,0.5121951219512195,2.0,low,F,-0.3333333333333333,-0.6787104812334527,0
8261,C,Ship,1.0,5,0.6097560975609756,1.0,medium,F,0.3333333333333333,-0.6936614234542906,1
8262,F,Ship,0.0,2,0.2804878048780488,2.0,low,M,-0.16666666666666666,-0.7522192804859056,1
8263,D,Ship,0.0,1,0.14634146341463414,2.0,medium,F,-0.8333333333333334,-0.6967762030836319,0
8264,F,Ship,1.5,1,0.9146341463414634,1.0,low,F,-0.5,-0.811711571406323,1
8265,A,Ship,1.5,1,0.8170731707317073,1.0,low,F,0.3333333333333333,-0.9076467839900327,0
8266,B,Ship,0.5,5,0.5365853658536586,2.0,low,M,-0.16666666666666666,-0.9596636038000311,1
8267,C,Ship,1.0,4,0.5975609756097561,1.0,low,M,-0.6666666666666666,-0.8948761875097336,0
8268,F,Ship,0.5,3,0.3780487804878049,2.0,low,F,-1.0,-0.7923999377044074,0
8269,D,Ship,1.5,3,1.0,1.0,medium,F,0.0,-0.8478430151066813,0
8270,F,Ship,1.5,4,0.8780487804878049,1.0,low,M,-0.6666666666666666,-0.8992368789908114,1
8271,A,Ship,1.0,3,0.4634146341463415,-1.0,low,M,-0.16666666666666666,-0.8344494627005139,1
8272,B,Ship,1.0,5,1.0609756097560976,1.0,low,F,-0.5,-0.7606291854851269,1
8273,C,Ship,1.5,4,0.926829268292683,1.0,low,F,0.5,-0.704874630119919,1
8274,F,Ship,1.5,2,0.4024390243902439,1.0,medium,F,0.3333333333333333,-0.9509422208378757,1
8275,D,Ship,-0.5,1,-0.926829268292683,0.0,medium,F,-0.8333333333333334,0.19218190313035352,1
8276,F,Ship,0.5,4,0.5853658536585366,0.0,medium,F,-0.16666666666666666,0.08690235165862015,0
8277,A,Ship,0.0,2,0.3780487804878049,0.0,low,F,-0.3333333333333333,0.33546176608004985,0
8278,B,Ship,-0.5,1,0.12195121951219512,0.0,low,F,-1.0,0.2220837875720293,1
8279,C,Ship,-0.5,1,-0.34146341463414637,-1.0,low,F,-1.0,0.28188755645538077,1
8280,F,Ship,0.0,1,0.8292682926829268,1.0,medium,M,0.5,0.28531381404765616,0
8281,D,Ship,0.5,4,0.6341463414634146,0.0,low,M,-0.8333333333333334,0.34605201681981,1
8282,F,Ship,0.0,5,0.5121951219512195,1.0,low,F,0.16666666666666666,0.34106836941286406,1
8283,A,Ship,-0.5,1,-0.7195121951219512,0.0,medium,F,0.0,0.48590562217723093,0
8284,B,Ship,-1.0,5,-0.8780487804878049,0.0,high,M,0.5,0.3192649120074755,0
8285,C,Ship,1.0,5,0.18292682926829268,2.5,medium,F,-0.8333333333333334,0.038000311477962935,1
8286,F,Ship,0.0,3,-0.036585365853658534,2.5,medium,F,-0.6666666666666666,0.12490266313658309,0
8287,D,Ship,0.5,5,0.6097560975609756,2.5,high,M,0.16666666666666666,0.1541815916523906,1
8288,F,Ship,1.0,4,0.036585365853658534,1.0,medium,F,-0.5,0.030524840367543996,1
8289,A,Ship,0.5,4,-0.8414634146341463,0.0,low,M,-0.8333333333333334,0.10683694128640399,1
8290,B,Ship,-0.5,5,-0.35365853658536583,1.0,low,M,0.3333333333333333,0.48434823236256036,0
8291,C,Ship,0.0,5,0.08536585365853659,2.5,high,M,0.3333333333333333,0.15480454757825884,0
8292,F,Ship,0.0,2,-0.07317073170731707,0.0,low,M,0.16666666666666666,0.06011524684628562,0
8293,D,Ship,0.0,4,0.5609756097560976,-1.0,medium,M,-0.16666666666666666,0.10123033795358978,0
8294,F,Ship,0.0,5,-0.45121951219512196,2.5,low,F,-0.8333333333333334,0.04672169444011836,0
8295,A,Ship,0.0,1,-0.8536585365853658,1.0,low,M,0.16666666666666666,0.2557234075689145,0
8296,B,Ship,-0.5,3,-0.4878048780487805,-1.0,low,F,-1.0,0.43824949384831025,0
8297,C,Ship,-0.5,2,0.012195121951219513,1.0,high,M,-0.8333333333333334,0.16321445257748016,1
8298,F,Ship,0.0,1,0.6829268292682927,2.5,medium,F,-0.3333333333333333,0.41893786014639467,1
8299,D,Ship,-0.5,4,-0.06097560975609756,-1.0,high,F,-0.3333333333333333,0.0666562840679022,0
8300,F,Ship,0.5,1,-1.353658536585366,2.0,low,M,-0.6666666666666666,0.25447749571717804,0
8301,A,Ship,0.5,2,-0.36585365853658536,0.0,low,F,-0.5,0.12552561906245133,0
8302,B,Ship,0.5,3,0.14634146341463414,-1.0,high,F,-0.8333333333333334,0.021803457405388568,0
8303,C,Ship,0.5,4,-0.6829268292682927,0.0,low,F,0.5,0.16228001868867778,1
8304,F,Ship,-0.5,1,0.7317073170731707,-1.0,high,M,-0.8333333333333334,0.06323002647562685,0
8305,D,Ship,-0.5,2,0.3780487804878049,0.0,medium,F,0.0,-0.008721382962155428,0
8306,F,Ship,0.5,4,0.4878048780487805,2.5,low,M,-0.5,-0.7160878367855474,1
8307,A,Ship,0.5,4,0.4634146341463415,2.0,low,M,0.3333333333333333,-0.9394175362093132,1
8308,B,Ship,1.0,2,0.4878048780487805,1.0,low,F,0.3333333333333333,-0.7858589004827908,0
8309,C,Ship,0.0,1,0.5975609756097561,2.0,low,M,-0.6666666666666666,-0.7388257280797383,0
8310,F,Ship,0.5,5,0.5121951219512195,2.0,low,F,0.5,-0.8771219436224887,1
8311,D,Ship,1.0,3,0.6097560975609756,1.0,medium,M,-0.3333333333333333,-0.8571873539947049,0
8312,F,Ship,0.0,1,0.2804878048780488,2.0,low,F,-0.3333333333333333,-0.9680735087992525,0
8313,A,Ship,0.0,1,0.14634146341463414,2.0,medium,M,-0.16666666666666666,-0.755645538078181,0
8314,B,Ship,1.5,4,0.9146341463414634,1.0,low,M,-1.0,-0.7762030836318331,0
8315,C,Ship,1.5,2,0.8170731707317073,1.0,low,F,-0.16666666666666666,-0.9440897056533251,1
8316,F,Ship,0.5,5,0.5365853658536586,2.0,low,F,0.5,-0.7568914499299174,1
8317,D,Ship,1.0,5,0.5975609756097561,1.0,low,M,0.5,-0.7724653480766236,0
8318,F,Ship,0.5,3,0.3780487804878049,2.0,low,F,0.5,-0.9459585734309298,0
8319,A,Ship,1.5,3,1.0,1.0,medium,F,-0.8333333333333334,-0.8861548045475782,1
8320,B,Ship,1.5,3,0.8780487804878049,1.0,low,M,-0.8333333333333334,-0.7590717956704564,1
8321,C,Ship,1.0,5,1.0365853658536586,1.0,low,F,-1.0,-0.7849244665939885,1
8322,F,Ship,1.0,4,0.47560975609756095,1.0,medium,M,0.5,-0.9035975704718892,0
8323,D,Ship,1.5,5,0.6707317073170732,1.0,medium,F,0.3333333333333333,-0.7207600062295593,0
8324,F,Ship,0.5,1,0.6463414634146342,2.0,medium,F,-0.6666666666666666,-0.9204173804703317,1
8325,A,Ship,0.5,4,0.14634146341463414,2.0,medium,F,-0.5,-0.8194985204796761,0
8326,B,Ship,1.0,4,0.7804878048780488,1.0,low,M,-0.6666666666666666,-0.9369257125058402,1
8327,C,Ship,0.0,4,0.21951219512195122,2.0,medium,M,-0.8333333333333334,-0.8606136115869802,0
8328,F,Ship,1.0,4,0.8902439024390244,1.0,low,F,-0.3333333333333333,-0.6780875253075845,1
8329,D,Ship,0.0,2,0.17073170731707318,2.0,low,M,-0.16666666666666666,-0.7572029278928516,0
8330,F,Ship,0.5,1,0.21951219512195122,2.0,low,M,-0.5,-0.7391372060426725,0
8331,A,Road,1.0,5,1.146341463414634,1.0,low,M,0.16666666666666666,-0.8036131443700358,1
8332,B,Road,1.5,5,0.8902439024390244,1.0,low,F,0.16666666666666666,-0.7478585890048279,0
8333,C,Road,1.0,3,0.3902439024390244,1.0,medium,F,0.16666666666666666,-0.7500389347453668,0
8334,F,Road,0.0,1,0.5853658536585366,2.5,low,M,-1.0,-0.7855474225198568,1
8335,D,Road,1.0,4,0.7439024390243902,1.0,low,M,0.5,-0.9792867154648809,0
8336,F,Road,0.5,4,0.2682926829268293,2.0,medium,F,-0.8333333333333334,-0.7740227378912942,1
8337,A,Road,0.5,2,0.08536585365853659,2.5,medium,M,-0.8333333333333334,-0.7375798162280018,1
8338,B,Road,0.5,4,0.6951219512195121,2.0,low,M,-0.5,-0.8811711571406323,0
8339,C,Road,0.0,4,0.18292682926829268,2.0,low,M,0.3333333333333333,-0.8684005606603333,0
8340,F,Road,0.5,1,0.9390243902439024,1.0,low,F,-0.6666666666666666,-0.7743342158542283,1
8341,D,Road,0.5,5,0.573170731707317,2.5,medium,F,-1.0,-0.9553029123189535,0
8342,F,Road,1.0,4,0.8658536585365854,1.0,medium,F,0.5,-0.8494004049213518,0
8343,A,Road,1.0,4,0.5853658536585366,2.0,low,M,0.3333333333333333,-0.8659087369568603,0
8344,B,Road,0.0,5,0.06097560975609756,2.0,low,M,-0.8333333333333334,-0.8998598349166796,0
8345,C,Road,1.0,1,1.0731707317073171,1.0,low,F,-1.0,-0.7871048123345273,1
8346,F,Road,0.0,4,0.6707317073170732,2.0,medium,F,-0.8333333333333334,-0.8335150288117116,0
8347,D,Road,0.5,4,0.5609756097560976,2.0,low,M,0.5,-0.7603177075221929,1
8348,F,Road,1.5,2,1.0121951219512195,1.0,low,F,0.0,-0.8615480454757826,1
8349,A,Road,1.0,1,0.7804878048780488,1.0,medium,M,-0.16666666666666666,-0.801432798629497,0
8350,B,Road,0.5,3,0.6219512195121951,2.0,low,F,-0.6666666666666666,-0.9792867154648809,1
8351,C,Road,1.0,2,0.8780487804878049,1.0,low,F,-0.3333333333333333,-0.9035975704718892,1
8352,F,Road,1.0,2,0.4146341463414634,1.0,low,F,0.5,-0.8054820121476406,1
8353,D,Flight,1.0,5,1.0731707317073171,1.0,low,F,0.0,-0.796449151222551,0
8354,F,Flight,1.0,1,0.7073170731707317,1.0,low,F,-0.8333333333333334,-0.9752375019467373,0
8355,A,Flight,1.0,4,0.7926829268292683,1.0,low,F,0.5,-0.8369412864039869,1
8356,B,Flight,0.0,2,0.5,2.0,medium,M,-0.8333333333333334,-0.9014172247313502,0
8357,C,Flight,0.5,4,0.3780487804878049,2.0,medium,F,-0.5,-0.7406945958573431,1
8358,F,Flight,0.0,5,0.4024390243902439,2.0,medium,M,-0.16666666666666666,-0.7512848465971033,0
8359,D,Flight,1.0,4,0.7439024390243902,1.0,medium,F,-0.3333333333333333,-0.6727923999377045,0
8360,F,Flight,1.0,3,0.5,1.0,medium,F,0.16666666666666666,-0.7301043451175829,0
8361,A,Flight,1.0,2,0.35365853658536583,1.0,high,M,-0.8333333333333334,-0.7737112599283601,1
8362,B,Flight,0.0,1,0.24390243902439024,2.5,low,M,0.0,-0.7593832736333904,0
8363,C,Flight,0.5,2,0.7560975609756098,2.5,medium,F,-0.16666666666666666,-0.9674505528733842,0
8364,F,Flight,0.5,1,0.17073170731707318,2.0,low,F,0.0,-0.7260551315994394,0
8365,D,Flight,0.5,5,0.21951219512195122,2.5,low,M,-0.8333333333333334,-0.8095312256657842,1
8366,F,Flight,0.5,1,0.4146341463414634,1.0,low,F,-0.16666666666666666,-0.68680890826974,1
8367,A,Flight,0.5,4,-0.9512195121951219,1.0,low,M,0.3333333333333333,0.4111509110730416,0
8368,B,Flight,0.0,3,0.3170731707317073,0.0,low,F,0.16666666666666666,0.08534496184394955,0
8369,C,Flight,0.0,4,-0.8170731707317073,0.0,medium,M,0.3333333333333333,0.11991901572963713,1
8370,F,Flight,0.0,1,0.0975609756097561,-1.0,low,F,0.5,0.17598504905777917,1
8371,D,Flight,-0.5,3,-0.6219512195121951,0.0,medium,M,-0.3333333333333333,0.3778227690390905,0
8372,F,Flight,0.5,4,0.4878048780487805,0.0,low,F,-0.5,0.45538078180968694,1
8373,A,Flight,0.0,2,0.3902439024390244,0.0,medium,M,-1.0,0.300264756268494,0
8374,B,Flight,-1.0,1,-0.5609756097560976,1.0,low,M,-0.16666666666666666,0.20277215387011369,0
8375,C,Ship,0.0,1,-0.8414634146341463,0.0,medium,M,0.16666666666666666,0.23859211960753776,0
8376,F,Ship,0.5,2,0.12195121951219512,-1.0,medium,M,0.16666666666666666,-0.03177075221928049,1
8377,D,Ship,0.0,5,0.4146341463414634,1.0,low,F,-0.8333333333333334,0.08659087369568604,0
8378,F,Ship,-0.5,3,-0.024390243902439025,-1.0,low,M,-0.8333333333333334,0.3040024918237035,0
8379,A,Ship,0.5,5,0.6585365853658537,0.0,low,F,0.16666666666666666,0.4145771686653169,0
8380,B,Ship,0.0,1,-0.17073170731707318,0.0,medium,F,-0.3333333333333333,-0.00903286092508955,1
8381,C,Ship,0.5,2,0.3902439024390244,0.0,low,F,0.3333333333333333,0.5126927269895655,0
8382,F,Ship,0.0,3,-0.8780487804878049,0.0,medium,M,-1.0,0.23391995016352593,0
8383,D,Ship,0.0,3,-0.5,1.0,low,M,0.3333333333333333,0.47438093754866845,0
8384,F,Ship,0.5,3,-0.7073170731707317,1.0,medium,F,0.16666666666666666,0.5354306182837564,0
8385,A,Ship,-0.5,1,0.10975609756097561,-1.0,low,M,0.16666666666666666,0.4890204018065722,1
8386,B,Ship,0.0,5,0.2073170731707317,0.0,low,F,-0.5,0.3192649120074755,1
8387,C,Ship,-1.0,4,0.6097560975609756,0.0,low,F,-1.0,0.40118361625914967,1
8388,F,Ship,0.0,4,-0.47560975609756095,2.0,low,M,0.5,0.10870580906400872,1
8389,D,Ship,-1.0,4,-0.7926829268292683,2.0,medium,F,0.0,0.4335773244042984,0
8390,F,Ship,-0.5,1,0.14634146341463414,-1.0,low,M,0.0,0.17255879146550382,0
8391,A,Ship,-0.5,1,-0.9878048780487805,0.0,medium,F,-0.3333333333333333,0.12116492758137362,0
8392,B,Ship,0.5,2,-0.2926829268292683,-1.0,low,M,-1.0,0.2666251362716088,0
8393,C,Ship,-0.5,5,0.2926829268292683,-1.0,high,M,-0.3333333333333333,-0.030213362404609874,0
8394,F,Ship,1.0,4,-0.7560975609756098,0.0,low,M,0.5,0.07070549758604579,1
8395,D,Ship,-0.5,4,0.4268292682926829,0.0,high,F,0.5,0.46098738514250115,1
8396,F,Ship,0.0,3,-0.4024390243902439,-1.0,low,F,-0.5,0.4588070394019623,1
8397,A,Ship,-0.5,3,0.3048780487804878,-1.0,medium,F,-0.8333333333333334,0.4597414732907647,0
8398,B,Ship,-0.5,1,-0.573170731707317,0.0,medium,M,0.5,0.0598037688833515,1
8399,C,Ship,-0.5,5,0.3902439024390244,0.0,medium,M,-1.0,0.46752842236411774,1
8400,F,Ship,0.5,1,-0.9146341463414634,0.0,medium,F,-1.0,0.5619062451331568,1
8401,D,Ship,0.5,1,-0.7804878048780488,1.0,low,F,-1.0,0.2955925868244822,0
8402,F,Ship,-0.5,3,-0.7682926829268293,0.0,medium,F,-1.0,0.3575767014483725,0
8403,A,Ship,0.0,1,-0.34146341463414637,0.0,low,F,-0.16666666666666666,0.18969007942688054,0
8404,B,Ship,-0.5,4,0.43902439024390244,0.0,low,M,-0.16666666666666666,0.4410527955147173,0
8405,C,Ship,0.0,1,-0.6341463414634146,0.0,medium,M,-0.16666666666666666,0.06042672480921975,1
8406,F,Ship,0.5,3,-0.9634146341463414,0.0,medium,F,-0.3333333333333333,0.10434511758293101,0
8407,D,Ship,-0.5,1,0.2926829268292683,-1.0,medium,M,-0.3333333333333333,0.06416446036442922,1
8408,F,Ship,1.0,5,-0.573170731707317,-1.0,low,M,0.5,-0.04236100295904065,1
8409,A,Ship,0.0,1,0.6707317073170732,2.0,medium,M,-0.6666666666666666,0.11991901572963713,1
8410,B,Ship,0.0,2,-0.32926829268292684,-1.0,medium,M,0.0,0.09998442610185329,1
8411,C,Ship,-0.5,3,0.32926829268292684,-1.0,high,M,-0.8333333333333334,0.2139853605357421,1
8412,F,Ship,-0.5,2,-0.5609756097560976,0.0,medium,M,0.5,0.2585267092353216,1
8413,D,Ship,0.0,4,0.7195121951219512,-1.0,low,M,-1.0,0.5014795203239371,1
8414,F,Ship,0.0,3,0.524390243902439,0.0,low,M,0.16666666666666666,0.09282043295436848,1
8415,A,Ship,0.5,1,-0.10975609756097561,-1.0,low,F,-0.6666666666666666,0.47749571717800965,1
8416,B,Ship,0.0,1,0.5609756097560976,2.0,low,M,-1.0,0.4391839277371126,1
8417,C,Ship,-1.0,1,-0.08536585365853659,0.0,medium,F,0.5,0.3877900638529824,0
8418,F,Ship,-0.5,1,-0.14634146341463414,-1.0,medium,M,0.0,0.13985360535742097,0
8419,D,Ship,0.5,1,0.12195121951219512,0.0,low,M,0.0,0.5360535742096246,1
8420,F,Ship,0.5,1,-0.25609756097560976,-1.0,low,M,0.16666666666666666,0.3223796916368167,0
8421,A,Ship,0.5,3,-0.18292682926829268,0.0,low,F,-0.6666666666666666,0.2292477807195141,1
8422,B,Ship,0.0,3,-0.32926829268292684,1.0,low,M,0.3333333333333333,0.48279084254788973,1
8423,C,Ship,0.5,2,-0.07317073170731707,0.0,low,M,-0.16666666666666666,0.18532938794580284,1
8424,F,Ship,-0.5,5,0.17073170731707318,-1.0,medium,F,-0.6666666666666666,0.32985516274723564,0
8425,D,Ship,-0.5,3,-0.6585365853658537,1.0,medium,F,0.0,0.3108550070082542,0
8426,F,Ship,-0.5,1,-0.23170731707317074,0.0,medium,F,-0.6666666666666666,0.5643980688366298,0
8427,A,Ship,-0.5,4,0.3170731707317073,-1.0,medium,F,-0.8333333333333334,0.47095467995639306,0
8428,B,Ship,-1.0,2,0.6951219512195121,1.0,medium,M,0.3333333333333333,-0.02585267092353216,0
8429,C,Ship,0.0,1,0.2682926829268293,0.0,low,F,0.16666666666666666,-0.010901728702694284,0
8430,F,Ship,-0.5,2,-0.18292682926829268,1.0,medium,F,-1.0,0.47064320199345894,0
8431,D,Ship,-0.5,1,0.3902439024390244,-1.0,low,F,0.3333333333333333,0.24855941442142968,0
8432,F,Ship,-0.5,1,0.43902439024390244,1.0,low,F,0.16666666666666666,-0.03768883351502881,1
8433,A,Ship,0.0,1,-0.3170731707317073,-1.0,low,M,0.5,0.29154337330633856,1
8434,B,Ship,-0.5,2,0.5121951219512195,0.0,low,M,-1.0,0.24388724497741784,0
8435,C,Ship,-0.5,5,-0.8170731707317073,0.0,medium,M,0.16666666666666666,0.34978975237501947,1
8436,F,Ship,-0.5,3,0.24390243902439024,0.0,low,F,-0.16666666666666666,0.468151378289986,0
8437,D,Ship,-0.5,1,0.4024390243902439,1.0,low,F,0.16666666666666666,0.3821834605201682,1
8438,F,Ship,0.5,1,0.6463414634146342,1.0,low,M,-0.3333333333333333,0.5117582931007632,0
8439,A,Ship,1.0,5,0.3902439024390244,2.0,high,F,-0.6666666666666666,0.15916523905933655,1
8440,B,Ship,0.0,1,0.8536585365853658,1.0,low,F,-0.5,0.20121476405544308,1
8441,C,Ship,-0.5,3,-0.8780487804878049,2.5,medium,F,-0.8333333333333334,0.49805326273166173,1
8442,F,Ship,-0.5,1,-1.0,-1.0,medium,M,-0.8333333333333334,-0.006229559258682448,0
8443,D,Ship,-0.5,5,0.4634146341463415,-1.0,high,M,-0.5,-0.015885376109640244,1
8444,F,Ship,0.0,1,0.35365853658536583,0.0,high,F,-0.3333333333333333,0.5731194517987852,0
8445,A,Ship,1.0,4,0.8170731707317073,0.0,low,F,0.0,0.32113377978508023,0
8446,B,Ship,-0.5,5,-0.8780487804878049,-1.0,low,M,-0.16666666666666666,0.5684472823547734,1
8447,C,Ship,-0.5,1,-0.06097560975609756,-1.0,low,F,-0.8333333333333334,0.2199034418314904,0
8448,F,Ship,-0.5,3,-0.6951219512195121,1.0,medium,F,0.0,0.10527955147173337,1
8449,D,Ship,0.5,1,0.6463414634146342,0.0,low,M,0.0,0.5108238592119607,1
8450,F,Ship,0.5,5,-0.45121951219512196,2.0,low,F,-1.0,0.07163993147484815,1
8451,A,Ship,0.0,3,0.0,-1.0,medium,F,-0.16666666666666666,0.06104968073508799,0
8452,B,Ship,0.0,3,0.4024390243902439,0.0,low,F,-0.5,0.25323158386544153,1
8453,C,Ship,-0.5,1,0.6585365853658537,1.0,low,M,0.5,0.33546176608004985,1
8454,F,Ship,0.5,3,0.34146341463414637,0.0,medium,F,-0.16666666666666666,0.2691169599750818,1
8455,D,Ship,-1.0,4,-0.4634146341463415,0.0,low,M,-1.0,0.11213206665628407,0
8456,F,Ship,0.5,5,0.2073170731707317,0.0,medium,F,0.5,0.3775112910761564,0
8457,A,Ship,-0.5,5,-1.0975609756097562,-1.0,medium,M,-1.0,0.48590562217723093,1
8458,B,Ship,-0.5,2,-0.4268292682926829,0.0,low,M,-0.5,-0.014639464257903754,1
8459,C,Ship,0.0,3,-0.08536585365853659,0.0,low,F,0.0,0.02211493536832269,1
8460,F,Ship,0.0,2,-1.048780487804878,0.0,medium,M,0.0,0.4753153714374708,1
8461,D,Ship,-0.5,5,-0.573170731707317,-1.0,medium,F,0.16666666666666666,0.2909204173804703,0
8462,F,Ship,-0.5,2,0.35365853658536583,1.0,medium,M,-0.3333333333333333,0.16228001868867778,1
8463,A,Ship,0.0,5,0.4634146341463415,1.0,low,F,-0.16666666666666666,0.25977262108705806,0
8464,B,Ship,0.0,1,-0.14634146341463414,-1.0,medium,M,0.5,0.3983803145927426,1
8465,C,Ship,0.0,3,0.32926829268292684,-1.0,medium,M,-0.6666666666666666,0.15168976794891761,1
8466,F,Ship,0.0,5,-0.3902439024390244,-1.0,medium,F,0.5,0.2955925868244822,1
8467,D,Ship,-1.0,2,-0.7073170731707317,0.0,low,F,-0.3333333333333333,0.460675907179567,1
8468,F,Road,0.0,4,0.6341463414634146,0.0,low,F,-0.16666666666666666,0.501168042361003,1
8469,A,Road,0.0,1,0.17073170731707318,0.0,low,F,0.3333333333333333,0.16477184239215076,0
8470,B,Road,0.0,5,-0.04878048780487805,1.0,low,M,-0.6666666666666666,0.39962622644447904,1
8471,C,Road,-0.5,5,-0.9634146341463414,-1.0,medium,M,0.0,0.36816695218813267,0
8472,F,Road,0.0,5,0.4146341463414634,-1.0,medium,M,-0.5,0.19934589627783833,1
8473,D,Road,-0.5,3,0.15853658536585366,0.0,medium,M,-0.6666666666666666,0.465659554586513,0
8474,F,Road,-0.5,2,0.524390243902439,0.0,medium,M,-0.8333333333333334,0.41644603644292166,1
8475,A,Road,0.0,5,-0.18292682926829268,0.0,low,M,-0.8333333333333334,0.09749260239838031,0
8476,B,Road,0.0,3,0.21951219512195122,-1.0,low,M,-1.0,0.3890359757047189,0
8477,C,Road,0.5,1,0.5365853658536586,2.5,low,F,0.0,0.06073820277215387,0
8478,F,Road,0.5,1,0.6585365853658537,0.0,medium,F,-0.3333333333333333,0.4715776358822613,0
8479,D,Road,-0.5,4,0.5609756097560976,2.0,low,M,-0.8333333333333334,0.09718112443544619,0
8480,F,Road,0.0,2,-0.2926829268292683,-1.0,medium,F,-1.0,-0.04018065721850179,1
8481,A,Road,0.5,5,-0.4634146341463415,0.0,medium,F,0.16666666666666666,0.36941286403986917,1
8482,B,Road,-0.5,2,0.15853658536585366,-1.0,low,M,0.5,0.38997040959352125,0
8483,C,Road,1.0,4,-0.7804878048780488,2.0,medium,F,0.16666666666666666,0.17442765924310855,0
8484,F,Road,-0.5,2,-0.6585365853658537,-1.0,high,M,-0.5,0.07070549758604579,0
8485,D,Road,1.0,3,-1.2317073170731707,-1.0,medium,F,-0.5,0.3055598816383741,1
8486,F,Road,0.5,1,-0.8414634146341463,0.0,low,F,-0.3333333333333333,0.2709858277526865,0
8487,A,Road,0.0,4,-0.0975609756097561,0.0,low,M,-0.8333333333333334,0.4432331412552562,1
8488,B,Road,-0.5,1,-0.08536585365853659,0.0,low,F,-0.3333333333333333,0.15387011368945647,1
8489,C,Road,-0.5,3,-0.9878048780487805,-1.0,medium,M,0.16666666666666666,0.028655972589939262,0
8490,F,Flight,-0.5,5,0.573170731707317,0.0,low,F,0.5,0.02336084722005918,1
8491,D,Flight,0.0,1,-0.24390243902439024,-1.0,medium,F,-1.0,0.015262420183771998,0
8492,F,Flight,-0.5,1,0.36585365853658536,0.0,medium,M,-0.16666666666666666,-0.02709858277526865,1
8493,A,Flight,0.0,5,-0.7804878048780488,0.0,low,M,-0.3333333333333333,0.11306650054508643,0
8494,B,Flight,-0.5,1,0.6463414634146342,-1.0,low,M,0.0,0.10496807350879925,1
8495,C,Flight,-0.5,2,0.45121951219512196,-1.0,medium,F,-0.5,-0.02336084722005918,0
8496,F,Flight,0.0,2,-0.35365853658536583,0.0,low,M,0.16666666666666666,0.053885687587603176,1
8497,D,Flight,-1.0,1,-1.2439024390243902,2.0,low,F,-1.0,0.12272231739604424,0
8498,F,Flight,-0.5,2,0.6097560975609756,1.0,medium,M,-1.0,0.22675595701604112,0
8499,A,Flight,0.5,4,0.7317073170731707,0.0,low,M,-1.0,0.27036287182681823,1
8500,B,Flight,0.0,5,0.24390243902439024,0.0,medium,F,0.5,0.017131287961376734,1
8501,C,Flight,-0.5,1,-0.6951219512195121,-1.0,medium,M,0.0,0.43949540570004675,0
8502,F,Flight,1.0,1,0.4024390243902439,2.5,medium,F,-0.16666666666666666,0.16882105591029434,0
8503,D,Flight,0.5,1,-0.4268292682926829,-1.0,high,M,0.16666666666666666,0.358822613300109,1
8504,F,Flight,-0.5,1,-0.14634146341463414,-1.0,medium,F,0.5,0.08191870425167419,1
8505,A,Flight,0.0,2,-0.8048780487804879,-1.0,medium,M,-0.6666666666666666,0.15636193739292945,0
8506,B,Flight,0.5,1,-0.3780487804878049,2.5,medium,F,-0.8333333333333334,0.2906089394175362,0
8507,C,Flight,-0.5,2,0.18292682926829268,0.0,medium,M,0.3333333333333333,0.10652546332346986,1
8508,F,Flight,-0.5,4,-0.21951219512195122,1.0,low,M,-0.3333333333333333,0.18688677776047344,1
8509,D,Flight,-0.5,3,0.6097560975609756,0.0,low,F,-0.16666666666666666,0.41520012459118516,1
8510,F,Flight,-0.5,2,0.23170731707317074,1.0,medium,M,-1.0,0.5410372216165706,0
8511,A,Flight,-0.5,1,-0.5853658536585366,-1.0,low,F,0.0,0.07039401962311166,0
8512,B,Ship,0.5,3,-0.35365853658536583,-1.0,low,M,-0.8333333333333334,0.3958884908892696,0
8513,C,Ship,-0.5,5,-0.36585365853658536,0.0,low,F,-0.8333333333333334,0.06478741629029747,1
8514,F,Ship,1.0,3,-1.4146341463414633,2.5,low,M,0.3333333333333333,0.1987229403519701,1
8515,D,Ship,-0.5,2,-0.45121951219512196,-1.0,high,F,0.0,0.19155894720448527,1
8516,F,Ship,-0.5,5,-0.25609756097560976,-1.0,low,F,0.5,0.5067746456938171,0
8517,A,Ship,-0.5,3,-0.5975609756097561,-1.0,medium,M,-1.0,0.19280485905622177,0
8518,B,Ship,0.0,4,-0.3780487804878049,1.0,low,F,-0.16666666666666666,0.12864039869179256,1
8519,C,Ship,0.0,4,-0.6463414634146342,0.0,low,M,-0.8333333333333334,0.34511758293100764,0
8520,F,Ship,-1.0,1,0.2926829268292683,-1.0,low,F,-0.5,0.2625759227534652,0
8521,D,Ship,-0.5,5,-0.2804878048780488,1.0,low,M,-0.5,-0.04391839277371126,1
8522,F,Ship,-0.5,2,-0.5975609756097561,0.0,low,M,-0.16666666666666666,0.4650365986606448,0
8523,A,Ship,-0.5,5,0.23170731707317074,-1.0,medium,M,-1.0,0.2379691636816695,0
8524,B,Ship,0.0,1,0.24390243902439024,-1.0,medium,M,-0.5,0.2856252920105902,1
8525,C,Ship,0.0,1,0.4634146341463415,0.0,medium,M,-0.5,0.4332658464413643,0
8526,F,Ship,-0.5,1,-0.7195121951219512,0.0,low,F,0.3333333333333333,0.43295436847843016,0
8527,D,Ship,-0.5,5,0.6707317073170732,2.5,medium,M,0.16666666666666666,0.09749260239838031,0
8528,F,Ship,0.0,5,0.12195121951219512,-1.0,low,M,0.16666666666666666,0.5363650521725588,0
8529,A,Ship,0.5,3,0.1951219512195122,0.0,medium,F,0.0,0.21647718423921508,0
8530,B,Ship,0.0,5,0.47560975609756095,0.0,low,F,0.3333333333333333,0.017442765924310856,0
8531,C,Ship,0.5,2,-0.4024390243902439,0.0,low,M,-0.5,0.0541971655505373,0
8532,F,Ship,0.0,2,0.23170731707317074,1.0,high,F,-1.0,0.05201681980999844,0
8533,D,Ship,0.0,1,0.35365853658536583,2.0,medium,F,-1.0,0.14795203239370813,1
8534,F,Ship,0.5,4,0.6951219512195121,-1.0,medium,F,-0.16666666666666666,0.2030836318330478,1
8535,A,Ship,0.0,3,-0.975609756097561,1.0,low,F,-0.3333333333333333,0.11150911073041582,1
8536,B,Ship,-0.5,5,-0.7317073170731707,2.5,high,F,0.5,0.35290453200436067,1
8537,C,Ship,1.0,1,0.0975609756097561,2.5,low,M,-0.8333333333333334,0.23828064164460364,0
8538,F,Ship,-0.5,4,0.45121951219512196,2.5,medium,F,-0.8333333333333334,0.05824637906868089,1
8539,D,Ship,0.0,3,0.3048780487804878,0.0,low,M,0.5,-0.04018065721850179,0
8540,F,Ship,0.5,4,-0.036585365853658534,0.0,low,M,0.3333333333333333,0.2364117738669989,0
8541,A,Ship,-0.5,4,-0.23170731707317074,2.5,low,M,-0.3333333333333333,0.5609718112443545,1
8542,B,Ship,0.0,4,0.12195121951219512,2.5,medium,F,0.3333333333333333,0.0,0
8543,C,Ship,0.0,5,-0.8536585365853658,2.5,medium,F,-0.8333333333333334,0.2513627160878368,1
8544,F,Ship,0.0,2,-0.573170731707317,1.0,high,M,-0.3333333333333333,0.34293723719046876,0
8545,D,Ship,-0.5,1,-0.3170731707317073,1.0,medium,F,0.16666666666666666,0.5404142656907024,1
8546,F,Ship,-1.0,4,0.3780487804878049,-1.0,medium,F,-0.6666666666666666,0.5298240149509422,1
8547,A,Ship,-1.0,5,-0.024390243902439025,-1.0,high,F,-0.6666666666666666,0.07475471110418938,0
8548,B,Ship,-0.5,3,0.3170731707317073,0.0,low,F,-0.3333333333333333,0.23018221460831645,1
8549,C,Ship,0.5,2,0.14634146341463414,2.0,medium,M,-0.3333333333333333,-0.8802367232518299,0
8550,F,Ship,1.0,5,0.7804878048780488,1.0,low,M,-0.8333333333333334,-0.9288272854695531,1
8551,D,Ship,0.0,2,0.21951219512195122,2.0,medium,F,-0.5,-0.7369568603021336,0
8552,F,Ship,1.0,3,0.8902439024390244,1.0,low,M,-0.6666666666666666,-0.7241862638218346,0
8553,A,Ship,0.0,4,0.17073170731707318,2.0,low,F,-1.0,-0.735399470487463,1
8554,B,Ship,0.5,4,0.21951219512195122,2.0,low,M,0.5,-0.8213673882572808,0
8555,C,Ship,1.0,5,1.146341463414634,1.0,low,M,0.16666666666666666,-0.9297617193583554,1
8556,F,Ship,1.5,4,0.8902439024390244,1.0,low,M,0.3333333333333333,-0.7730883040024918,1
8557,D,Ship,1.0,4,0.3902439024390244,1.0,medium,M,-0.6666666666666666,-0.7154648808596792,0
8558,F,Ship,0.0,5,0.5853658536585366,2.5,low,M,0.5,-0.9322535430618284,0
8559,A,Ship,1.0,1,0.7439024390243902,1.0,low,M,0.0,-0.7419405077090796,0
8560,B,Ship,0.5,1,0.2682926829268293,2.0,medium,F,-0.6666666666666666,-0.7631210091885999,0
8561,C,Ship,0.5,4,0.08536585365853659,2.5,medium,M,-0.16666666666666666,-0.8288428593676997,1
8562,F,Ship,0.5,1,0.6951219512195121,2.0,low,F,-0.3333333333333333,-0.7101697554897991,1
8563,D,Ship,0.0,4,0.18292682926829268,2.0,low,M,0.0,-0.9655816850957795,1
8564,F,Ship,-0.5,2,-0.45121951219512196,-1.0,high,M,0.3333333333333333,0.1554275035041271,0
8565,A,Ship,-0.5,2,-0.25609756097560976,-1.0,low,M,-0.6666666666666666,0.20246067590717956,1
8566,B,Ship,-0.5,4,-0.5975609756097561,-1.0,medium,M,-1.0,0.49711882884285935,0
8567,C,Ship,0.0,5,-0.3780487804878049,1.0,low,M,-0.6666666666666666,0.5394798318019001,0
8568,F,Ship,0.0,2,-0.6463414634146342,0.0,low,F,0.16666666666666666,0.07257436536365053,0
8569,D,Ship,-1.0,5,0.2926829268292683,-1.0,low,F,-0.16666666666666666,0.36629808441052797,1
8570,F,Ship,-0.5,5,-0.2804878048780488,1.0,low,M,-0.8333333333333334,0.32019934589627785,1
8571,A,Ship,-0.5,1,-0.5975609756097561,0.0,low,M,0.5,0.5214141099517209,0
8572,B,Ship,-0.5,5,0.23170731707317074,-1.0,medium,F,-0.8333333333333334,0.013705030369101387,0
8573,C,Ship,0.0,4,0.24390243902439024,-1.0,medium,F,0.16666666666666666,0.4968073508799252,0
8574,F,Ship,0.0,3,0.4634146341463415,0.0,medium,F,0.5,0.5148730727301043,1
8575,D,Ship,-0.5,2,-0.7195121951219512,0.0,low,M,-1.0,0.49275813736178165,1
8576,F,Ship,-0.5,1,0.6707317073170732,2.5,medium,F,-0.5,0.04391839277371126,0
8577,A,Ship,0.0,1,0.12195121951219512,-1.0,low,F,-0.16666666666666666,0.09500077869490733,1
8578,B,Ship,0.5,4,0.1951219512195122,0.0,medium,M,-0.16666666666666666,0.03363961999688522,0
8579,C,Ship,0.0,5,0.47560975609756095,0.0,low,F,-1.0,0.3902818875564554,0
8580,F,Ship,0.5,1,-0.4024390243902439,0.0,low,F,-0.6666666666666666,0.3018221460831646,0
8581,D,Ship,0.0,2,0.23170731707317074,1.0,high,F,-0.16666666666666666,0.3448061049680735,0
8582,F,Ship,0.0,4,0.35365853658536583,2.0,medium,M,0.5,0.06447593832736334,0
8583,A,Ship,0.5,5,0.6951219512195121,-1.0,medium,M,-0.16666666666666666,0.19903441831490423,1
8584,B,Ship,0.0,3,-0.975609756097561,1.0,low,M,0.16666666666666666,0.22737891294190937,1
8585,C,Ship,-0.5,2,-0.7317073170731707,2.5,high,F,0.16666666666666666,0.5176763743965115,1
8586,F,Ship,1.0,4,0.0975609756097561,2.5,low,F,-1.0,0.516741940507709,1
8587,D,Ship,-0.5,5,0.45121951219512196,2.5,medium,M,0.3333333333333333,0.564709546799564,0
8588,F,Ship,0.0,5,0.3048780487804878,0.0,low,M,-0.16666666666666666,0.313035352748793,1
8589,A,Ship,0.5,1,-0.036585365853658534,0.0,low,M,0.0,0.45008565643980686,1
8590,B,Ship,-0.5,2,-0.23170731707317074,2.5,low,F,0.3333333333333333,0.0333281420339511,0
8591,C,Ship,0.0,5,0.12195121951219512,2.5,medium,F,0.0,0.11586980221149354,1
8592,F,Ship,0.0,4,-0.8536585365853658,2.5,medium,M,-0.16666666666666666,0.0750661890671235,1
8593,D,Ship,0.0,1,-0.573170731707317,1.0,high,M,0.0,0.34729792867154646,0
8594,F,Ship,-0.5,3,-0.3170731707317073,1.0,medium,M,-1.0,0.045787260551315996,1
8595,A,Ship,-1.0,4,0.3780487804878049,-1.0,medium,F,0.5,0.3862326740383118,0
8596,B,Ship,-1.0,1,-0.024390243902439025,-1.0,high,F,0.16666666666666666,-0.006541037221616571,0
8597,C,Ship,-0.5,5,0.3170731707317073,0.0,low,F,-0.16666666666666666,0.4650365986606448,0
8598,F,Ship,0.5,1,0.14634146341463414,2.0,medium,M,-0.6666666666666666,-0.8534496184394954,0
8599,D,Ship,1.0,3,0.7804878048780488,1.0,low,F,0.3333333333333333,-0.8662202149197944,0
8600,F,Ship,0.0,1,0.21951219512195122,2.0,medium,M,0.16666666666666666,-0.687120386232674,0
8601,A,Ship,1.0,5,0.8902439024390244,1.0,low,M,0.16666666666666666,-0.8360068525151846,0
8602,B,Ship,0.0,5,0.17073170731707318,2.0,low,M,-0.3333333333333333,-0.8646628251051238,1
8603,C,Ship,0.5,5,0.21951219512195122,2.0,low,M,-1.0,-0.9412864039869179,0
8604,F,Ship,1.0,5,1.146341463414634,1.0,low,M,-0.5,-0.9179255567668587,0
8605,D,Road,1.5,1,0.8902439024390244,1.0,low,M,-1.0,-0.7752686497430307,0
8606,F,Road,1.0,5,0.3902439024390244,1.0,medium,M,-0.8333333333333334,-0.7998754088148263,0
8607,A,Road,0.0,1,0.5853658536585366,2.5,low,F,-0.6666666666666666,-0.7223173960442298,1
8608,B,Road,1.0,5,0.7439024390243902,1.0,low,F,-0.16666666666666666,-0.7092353216009968,0
8609,C,Road,0.5,3,0.2682926829268293,2.0,medium,M,0.5,-0.7846129886310543,0
8610,F,Road,0.5,2,0.08536585365853659,2.5,medium,M,-0.5,-0.6843170845662669,1
8611,D,Road,0.5,4,0.17073170731707318,2.0,low,F,0.3333333333333333,-0.8098427036287182,1
8612,F,Road,0.0,5,0.24390243902439024,2.0,low,F,-1.0,-0.6721694440118362,1
8613,A,Road,0.5,1,0.34146341463414637,2.0,low,M,0.3333333333333333,-0.7419405077090796,0
8614,B,Road,1.5,1,1.1341463414634145,1.0,low,F,0.16666666666666666,-0.875253075844884,0
8615,C,Road,1.0,3,0.5609756097560976,1.0,low,M,-0.5,-0.8693349945491357,0
8616,F,Road,0.0,5,0.3048780487804878,2.0,low,M,0.0,-0.862482479364585,0
8617,D,Road,1.0,4,1.1097560975609757,1.0,low,F,-1.0,-0.8612365675128485,0
8618,F,Road,0.5,2,0.4878048780487805,2.5,low,F,-0.3333333333333333,-0.684628562529201,0
8619,A,Road,-1.0,1,0.5365853658536586,2.0,low,F,0.3333333333333333,-0.8101541815916524,1
8620,B,Road,0.5,3,0.6463414634146342,2.5,low,M,0.5,-0.9724342002803301,0
8621,C,Road,0.0,2,0.3902439024390244,2.0,low,F,0.5,-0.7565799719669833,0
8622,F,Road,0.0,2,0.3902439024390244,2.0,low,M,0.3333333333333333,-0.9166796449151222,1
8623,D,Road,0.0,2,0.573170731707317,2.0,medium,M,-0.3333333333333333,-0.9581062139853606,1
8624,F,Road,0.5,1,0.3048780487804878,2.0,low,F,-0.16666666666666666,-0.7269895654882417,0
8625,A,Road,0.5,3,0.3780487804878049,2.0,low,M,0.16666666666666666,-0.8341379847375798,0
8626,B,Road,0.5,3,0.2804878048780488,2.0,medium,F,-0.8333333333333334,-0.7101697554897991,1
8627,C,Flight,1.5,3,1.1341463414634145,1.0,low,M,-1.0,-0.7338420806727924,1
8628,F,Flight,0.5,2,0.4634146341463415,2.0,low,F,0.5,-0.8039246223329699,0
8629,D,Flight,0.5,5,0.13414634146341464,2.0,low,M,0.0,-0.9285158075066189,0
8630,F,Flight,1.0,4,0.5365853658536586,1.0,low,F,0.0,-0.7547111041893786,1
8631,A,Flight,1.5,1,0.4878048780487805,1.0,medium,M,-0.16666666666666666,-0.8939417536209313,1
8632,B,Flight,0.5,3,0.21951219512195122,2.0,low,F,-1.0,-0.7207600062295593,1
8633,C,Flight,1.5,1,0.5,1.0,medium,F,-0.6666666666666666,-0.8406790219591964,0
8634,F,Flight,0.5,1,0.25609756097560976,2.0,low,F,0.5,-0.6942843793801589,0
8635,D,Flight,1.5,5,0.6707317073170732,1.0,medium,M,-0.8333333333333334,-0.796449151222551,0
8636,F,Flight,1.0,2,0.35365853658536583,1.0,low,M,-0.5,-0.7416290297461454,0
8637,A,Flight,1.5,2,0.47560975609756095,1.0,low,M,-1.0,-0.8892695841769195,1
8638,B,Flight,0.5,1,0.6341463414634146,2.0,medium,F,-0.8333333333333334,-0.7322846908581218,0
8639,C,Flight,0.5,3,-0.7317073170731707,1.0,low,F,-0.6666666666666666,-0.9602865597258994,1
8640,F,Flight,0.0,3,0.3780487804878049,2.0,low,M,-0.5,-0.8344494627005139,0
8641,D,Flight,0.0,5,0.7439024390243902,2.0,medium,F,0.16666666666666666,-0.951876654726678,1
8642,F,Flight,1.0,1,0.573170731707317,1.0,medium,M,0.5,-0.890515496028656,1
8643,A,Flight,0.0,5,0.7195121951219512,2.0,low,M,-0.8333333333333334,-0.8434823236256035,0
8644,B,Flight,1.0,4,1.0853658536585367,2.0,low,M,-0.3333333333333333,-0.9201059025073977,1
8645,C,Flight,0.5,1,0.5,2.0,low,M,-0.6666666666666666,-0.8020557545553653,1
8646,F,Flight,0.0,4,0.13414634146341464,2.0,low,F,-1.0,-0.8325805949229093,1
8647,D,Flight,0.0,5,0.23170731707317074,2.5,low,M,0.16666666666666666,-0.9260239838031459,0
8648,F,Flight,1.0,1,0.8658536585365854,1.0,low,F,-0.6666666666666666,-0.8413019778850647,1
8649,A,Ship,0.5,5,0.7073170731707317,1.0,medium,M,0.5,-0.8615480454757826,1
8650,B,Ship,1.5,5,0.7195121951219512,1.0,medium,M,0.3333333333333333,-0.8783678554742252,1
8651,C,Ship,0.0,3,0.47560975609756095,2.5,low,F,-0.5,-0.735399470487463,1
8652,F,Ship,1.0,2,0.7926829268292683,1.0,medium,F,-0.5,-0.9347453667653014,0
8653,D,Ship,0.0,2,0.25609756097560976,2.0,low,M,0.16666666666666666,-0.9743030680579349,0
8654,F,Ship,0.0,1,0.5,2.0,low,F,0.3333333333333333,-0.7338420806727924,1
8655,A,Ship,1.5,5,1.0609756097560976,1.0,low,F,0.0,-0.7543996262264445,0
8656,B,Ship,1.5,1,0.3780487804878049,1.0,medium,M,-0.5,-0.7774489954835695,1
8657,C,Ship,1.5,5,0.6219512195121951,1.0,low,F,-1.0,-0.7936458495561439,0
8658,F,Ship,0.0,4,0.4634146341463415,2.0,medium,M,-0.8333333333333334,-0.6709235321600997,1
8659,D,Ship,1.0,1,0.8170731707317073,1.0,medium,M,-0.8333333333333334,-0.796449151222551,0
8660,F,Ship,1.0,2,0.6707317073170732,1.0,medium,F,0.5,-0.9291387634324871,0
8661,A,Ship,0.0,2,0.6951219512195121,2.0,medium,M,-0.5,-0.783678554742252,1
8662,B,Ship,0.5,2,0.3048780487804878,2.0,medium,F,-0.16666666666666666,-0.8671546488085968,1
8663,C,Ship,1.5,5,0.9634146341463414,1.0,low,F,-0.8333333333333334,-0.9559258682448217,1
8664,F,Ship,0.0,1,-0.5975609756097561,2.0,medium,F,-1.0,0.006541037221616571,1
8665,D,Ship,-0.5,3,-0.14634146341463414,1.0,low,F,0.3333333333333333,0.239215075533406,0
8666,F,Ship,0.0,4,-0.15853658536585366,0.0,low,F,-0.8333333333333334,0.3849867621865753,0
8667,A,Ship,0.5,5,-0.6463414634146342,0.0,low,F,-0.3333333333333333,0.1722473135025697,0
8668,B,Ship,0.5,5,-0.25609756097560976,0.0,low,F,-0.6666666666666666,0.2765924310855007,0
8669,C,Ship,-0.5,1,-0.7560975609756098,0.0,low,M,-1.0,0.24918237034729793,1
8670,F,Ship,0.0,4,-0.3048780487804878,-1.0,medium,M,-0.6666666666666666,0.5257748014327986,1
8671,D,Ship,-0.5,1,-0.6707317073170732,0.0,low,M,0.5,0.19778850646316773,1
8672,F,Ship,0.5,1,0.5487804878048781,0.0,low,M,-1.0,0.49088926958417695,0
8673,A,Ship,-0.5,2,0.12195121951219512,0.0,medium,M,0.16666666666666666,0.5357420962466906,0
8674,B,Ship,0.0,4,-0.5121951219512195,-1.0,medium,F,-0.6666666666666666,0.43264289051549604,1
8675,C,Ship,0.0,5,-0.8048780487804879,0.0,medium,F,-0.3333333333333333,0.3323469864507086,0
8676,F,Ship,0.0,3,0.7317073170731707,0.0,medium,F,0.16666666666666666,0.03955770129263354,0
8677,D,Ship,-0.5,1,-0.08536585365853659,1.0,low,F,0.3333333333333333,0.541971655505373,0
8678,F,Ship,0.0,5,-0.6707317073170732,2.0,medium,F,-0.8333333333333334,0.46877433421585424,1
8679,A,Ship,-0.5,1,-0.1951219512195122,0.0,low,M,-0.6666666666666666,0.2541660177542439,1
8680,B,Ship,0.0,5,-0.21951219512195122,-1.0,medium,F,-0.6666666666666666,0.42236411773867,0
8681,C,Ship,0.5,1,-0.9390243902439024,-1.0,low,M,0.3333333333333333,0.13424700202460677,1
8682,F,Ship,-0.5,3,-0.2682926829268293,0.0,medium,M,-0.5,0.4142656907023828,0
8683,D,Ship,-0.5,4,0.0,0.0,low,F,-1.0,0.48995483569537457,0
8684,F,Ship,1.0,3,0.6463414634146342,1.0,medium,M,-0.8333333333333334,0.5506930384675284,1
8685,A,Ship,-0.5,5,-0.10975609756097561,0.0,medium,F,0.3333333333333333,0.12957483258059493,1
8686,B,Ship,-1.0,4,-1.3658536585365855,1.0,medium,F,-0.16666666666666666,0.3961999688522037,0
8687,C,Ship,-0.5,2,-0.7804878048780488,-1.0,medium,M,-0.3333333333333333,0.34729792867154646,0
8688,F,Ship,0.5,1,-0.4634146341463415,0.0,low,M,-0.6666666666666666,0.5513159943933966,0
8689,D,Ship,-0.5,3,-0.5487804878048781,0.0,high,M,-1.0,0.15511602554119297,0
8690,F,Ship,0.0,4,-0.7682926829268293,0.0,medium,F,-0.3333333333333333,0.18159165239059336,0
8691,A,Ship,-0.5,5,0.35365853658536583,0.0,low,M,-1.0,0.14764055443077403,0
8692,B,Ship,0.0,2,-0.7804878048780488,-1.0,low,F,-0.8333333333333334,0.358822613300109,0
8693,C,Ship,0.0,3,0.18292682926829268,-1.0,low,M,-0.16666666666666666,0.023983803145927424,1
8694,F,Ship,1.0,2,-0.6097560975609756,1.0,low,M,-0.16666666666666666,0.34729792867154646,0
8695,D,Ship,-0.5,5,0.07317073170731707,0.0,low,F,0.3333333333333333,0.47438093754866845,1
8696,F,Ship,-0.5,1,-0.32926829268292684,0.0,medium,M,0.0,0.14265690702382808,0
8697,A,Ship,0.5,4,0.5,0.0,low,F,-1.0,0.5064631677308831,1
8698,B,Ship,0.5,4,0.4634146341463415,0.0,medium,M,-0.8333333333333334,0.004049213518143592,0
8699,C,Ship,0.5,5,0.34146341463414637,1.0,medium,F,-0.8333333333333334,0.37688833515028813,0
8700,F,Ship,-0.5,1,-0.6341463414634146,0.0,low,M,0.0,0.2878056377511291,0
8701,D,Ship,-0.5,2,0.06097560975609756,0.0,medium,M,-1.0,0.23952655349634014,1
8702,F,Ship,0.0,2,0.4146341463414634,0.0,low,M,-0.8333333333333334,0.2737891294190936,1
8703,A,Ship,0.0,3,0.17073170731707318,0.0,medium,F,-1.0,0.39215075533406013,1
8704,B,Ship,0.0,4,-0.7926829268292683,-1.0,medium,F,-0.8333333333333334,0.5394798318019001,0
8705,C,Ship,-0.5,5,-0.0975609756097561,0.0,medium,F,0.3333333333333333,0.4989876966204641,0
8706,F,Ship,-0.5,1,-0.12195121951219512,0.0,medium,M,-0.5,0.14639464257903753,1
8707,D,Ship,0.5,3,0.0975609756097561,1.0,medium,M,-0.8333333333333334,-0.027721538701136895,0
8708,F,Ship,-0.5,5,0.4146341463414634,-1.0,medium,M,-1.0,-0.01277059648029902,1
8709,A,Ship,-0.5,3,0.13414634146341464,0.0,medium,F,0.0,0.2529201059025074,1
8710,B,Ship,-0.5,2,0.36585365853658536,-1.0,high,F,0.3333333333333333,-0.002180345740538857,0
8711,C,Ship,-1.0,3,-0.36585365853658536,1.0,medium,M,-0.6666666666666666,0.17754243887244978,0
8712,F,Ship,0.0,5,0.10975609756097561,0.0,low,M,0.3333333333333333,0.4672169444011836,1
8713,D,Ship,0.0,2,-0.9878048780487805,2.5,medium,F,0.3333333333333333,0.22737891294190937,0
8714,F,Ship,0.0,3,-0.6097560975609756,1.0,medium,M,-1.0,0.03363961999688522,0
8715,A,Ship,-0.5,5,0.0975609756097561,1.0,medium,F,0.3333333333333333,0.030524840367543996,0
8716,B,Ship,-1.0,1,-0.1951219512195122,-1.0,low,M,0.16666666666666666,0.0541971655505373,0
8717,C,Ship,0.5,5,-0.1951219512195122,0.0,low,F,-0.3333333333333333,0.18844416757514407,1
8718,F,Ship,0.5,1,-0.25609756097560976,2.5,medium,F,-0.5,0.5653325027254322,0
8719,D,Ship,0.5,1,-0.7926829268292683,0.0,low,F,0.3333333333333333,0.31895343404454135,1
8720,F,Ship,0.0,4,0.6219512195121951,1.0,medium,F,-0.16666666666666666,0.14265690702382808,1
8721,A,Ship,-0.5,3,-0.32926829268292684,-1.0,low,F,0.0,0.2211493536832269,0
8722,B,Ship,0.0,5,-0.1951219512195122,-1.0,medium,F,0.3333333333333333,-0.01277059648029902,0
8723,C,Ship,-0.5,4,-0.45121951219512196,0.0,medium,F,-1.0,0.2541660177542439,0
8724,F,Ship,0.5,3,0.5,1.0,low,F,-0.3333333333333333,0.5360535742096246,0
8725,D,Ship,-0.5,2,-0.8902439024390244,-1.0,medium,F,0.0,0.3370191558947204,0
8726,F,Ship,-0.5,2,-0.4146341463414634,-1.0,medium,F,-0.5,0.18969007942688054,1
8727,A,Ship,-0.5,4,0.4878048780487805,0.0,high,M,-0.5,0.5235944556922598,1
8728,B,Ship,-1.0,3,-0.036585365853658534,-1.0,medium,M,-0.8333333333333334,0.14390281887556455,0
8729,C,Ship,-0.5,4,0.2926829268292683,-1.0,medium,M,0.0,0.5684472823547734,0
8730,F,Ship,0.0,4,0.3048780487804878,0.0,medium,M,-0.16666666666666666,0.4619218190313035,0
8731,D,Ship,0.0,3,-0.47560975609756095,-1.0,medium,M,-0.6666666666666666,0.2529201059025074,1
8732,F,Ship,0.5,2,0.2926829268292683,-1.0,low,M,-0.3333333333333333,0.48403675439962623,0
8733,A,Ship,1.0,4,0.6585365853658537,1.0,medium,M,-0.3333333333333333,-0.007163993147484816,1
8734,B,Ship,0.0,5,-0.8780487804878049,-1.0,medium,M,0.5,0.3983803145927426,1
8735,C,Ship,-0.5,2,-0.34146341463414637,-1.0,medium,M,-0.6666666666666666,0.4868400560660333,0
8736,F,Ship,0.0,3,-0.7317073170731707,0.0,medium,F,-0.5,0.2236411773866999,1
8737,D,Ship,0.0,4,0.18292682926829268,-1.0,low,F,0.3333333333333333,0.47438093754866845,1
8738,F,Ship,-0.5,4,0.6097560975609756,0.0,low,M,0.16666666666666666,0.13268961220993614,1
8739,A,Ship,0.0,3,-0.21951219512195122,0.0,medium,F,0.16666666666666666,0.4335773244042984,0
8740,B,Ship,0.5,2,-0.5487804878048781,-1.0,medium,M,-0.5,0.5765457093910605,1
8741,C,Ship,-0.5,5,-0.5609756097560976,0.0,low,M,0.16666666666666666,0.5382339199501636,0
8742,F,Road,-0.5,4,0.14634146341463414,-1.0,high,F,0.16666666666666666,0.5120697710636972,0
8743,D,Road,0.5,4,-0.3048780487804878,-1.0,low,F,-0.5,0.4441675751440586,1
8744,F,Road,0.0,4,-0.3780487804878049,-1.0,low,F,0.0,0.1317551783211338,1
8745,A,Road,-0.5,1,0.17073170731707318,-1.0,low,F,0.0,0.25790375330945337,0
8746,B,Road,-0.5,2,0.5609756097560976,-1.0,low,M,0.0,0.43731505995950787,1
8747,C,Road,0.0,2,-1.2439024390243902,-1.0,medium,F,0.16666666666666666,0.14016508332035507,0
8748,F,Road,0.5,5,0.08536585365853659,0.0,medium,M,0.3333333333333333,0.3569537455225043,0
8749,D,Road,0.0,5,0.5365853658536586,0.0,low,M,0.16666666666666666,-0.03208223018221461,1
8750,F,Road,0.0,2,-0.9878048780487805,0.0,medium,F,-0.3333333333333333,0.5609718112443545,0
8751,A,Road,-0.5,1,-0.9146341463414634,0.0,low,F,-0.5,0.16103410683694128,0
8752,B,Road,0.5,1,0.45121951219512196,1.0,medium,M,0.5,0.5550537299486061,0
8753,C,Road,0.5,1,0.5365853658536586,0.0,high,M,-0.6666666666666666,0.2364117738669989,0
8754,F,Road,0.0,2,0.18292682926829268,-1.0,medium,F,0.0,0.2199034418314904,1
8755,D,Road,1.0,4,0.07317073170731707,1.0,low,M,-0.3333333333333333,0.4099049992213051,1
8756,F,Road,0.5,3,-0.6585365853658537,0.0,low,F,0.5,0.08316461610341068,1
8757,A,Road,-0.5,1,-0.7317073170731707,0.0,medium,M,-0.5,0.150132378134247,0
8758,B,Road,0.5,3,-0.2073170731707317,2.0,low,F,-1.0,0.4460364429216633,0
8759,C,Road,0.0,4,-0.8902439024390244,0.0,low,M,0.5,0.043606914810777136,0
8760,F,Road,-0.5,2,-0.18292682926829268,-1.0,medium,F,0.0,0.43046254477495716,1
8761,D,Road,0.0,3,-0.32926829268292684,2.5,low,F,0.3333333333333333,0.5366765301354929,0
8762,F,Road,-0.5,4,-0.9512195121951219,0.0,medium,M,-0.16666666666666666,0.150132378134247,0
8763,A,Road,-0.5,4,0.21951219512195122,2.0,medium,M,0.3333333333333333,0.5014795203239371,0
8764,B,Flight,-0.5,2,0.524390243902439,-1.0,low,F,0.3333333333333333,0.29154337330633856,1
8765,C,Flight,0.0,1,-0.7073170731707317,-1.0,medium,M,-0.5,0.3351502881171157,0
8766,F,Flight,-0.5,5,-0.4268292682926829,0.0,low,M,-0.8333333333333334,0.2379691636816695,0
8767,D,Flight,0.5,5,-0.3902439024390244,0.0,low,F,0.3333333333333333,0.38592119607537767,0
8768,F,Flight,0.0,4,-0.06097560975609756,2.5,low,F,0.0,0.21896900794268806,0
8769,A,Flight,0.5,5,-0.9390243902439024,0.0,medium,F,-0.3333333333333333,0.2071328453511914,0
8770,B,Flight,0.5,2,-0.4878048780487805,2.0,medium,M,0.16666666666666666,0.15791932720760007,0
8771,C,Flight,-0.5,4,0.45121951219512196,0.0,medium,M,-0.3333333333333333,0.4544463479208846,1
8772,F,Flight,0.5,4,0.07317073170731707,-1.0,medium,M,0.16666666666666666,0.2878056377511291,0
8773,D,Flight,-0.5,3,-0.21951219512195122,1.0,low,F,0.3333333333333333,0.4616103410683694,1
8774,F,Flight,-0.5,1,-0.6341463414634146,0.0,medium,F,0.5,0.491200747547111,0
8775,A,Flight,0.0,2,0.34146341463414637,-1.0,medium,F,0.16666666666666666,0.34075689144992993,1
8776,B,Flight,0.0,3,0.14634146341463414,0.0,medium,M,0.5,0.3600685251518455,0
8777,C,Flight,-0.5,1,-1.3780487804878048,0.0,medium,M,0.0,0.039246223329699424,1
8778,F,Flight,0.5,2,0.14634146341463414,0.0,medium,F,-1.0,0.40554430774022737,0
8779,D,Flight,0.5,3,0.8048780487804879,2.5,high,M,-0.3333333333333333,0.13580439183927737,0
8780,F,Flight,0.0,2,0.524390243902439,-1.0,high,M,-0.6666666666666666,-0.01277059648029902,1
8781,A,Flight,0.5,5,-0.35365853658536583,2.0,low,M,-0.3333333333333333,-0.02211493536832269,0
8782,B,Flight,-0.5,2,-0.18292682926829268,0.0,low,F,0.16666666666666666,0.3993147484815449,0
8783,C,Flight,-0.5,2,0.7195121951219512,0.0,high,M,0.16666666666666666,0.4999221305092665,1
8784,F,Flight,0.0,5,0.18292682926829268,1.0,medium,F,-0.16666666666666666,0.0024918237034729793,0
8785,D,Flight,-0.5,3,-0.18292682926829268,0.0,medium,F,-1.0,-0.04454134869957951,1
8786,F,Ship,-0.5,1,-0.7682926829268293,0.0,low,F,0.0,-0.023983803145927424,0
8787,A,Ship,0.5,1,-0.012195121951219513,-1.0,high,F,0.5,0.4541348699579505,1
8788,B,Ship,-0.5,4,-0.7682926829268293,0.0,medium,F,-0.6666666666666666,0.24575611275502257,0
8789,C,Ship,0.0,2,-0.024390243902439025,0.0,low,M,-0.3333333333333333,0.3937081451487307,0
8790,F,Ship,0.0,3,-0.47560975609756095,0.0,low,F,0.3333333333333333,0.21523127238747858,1
8791,D,Ship,-0.5,3,-0.3902439024390244,1.0,low,F,-0.8333333333333334,0.1859523438716711,1
8792,F,Ship,0.5,2,-0.036585365853658534,-1.0,medium,F,-0.8333333333333334,0.2890515496028656,0
8793,A,Ship,-0.5,1,-0.6585365853658537,0.0,medium,F,-0.3333333333333333,0.42828219903441833,0
8794,B,Ship,-0.5,5,0.6585365853658537,-1.0,medium,F,0.5,0.5438405232829777,0
8795,C,Ship,-0.5,5,-0.3170731707317073,1.0,medium,M,-0.6666666666666666,-0.0361314437003582,0
8796,F,Ship,-0.5,2,0.24390243902439024,0.0,medium,M,-0.3333333333333333,0.18937860146394642,1
8797,D,Ship,0.5,1,-0.7682926829268293,1.0,low,M,-0.3333333333333333,0.12459118517364896,0
8798,F,Ship,-0.5,3,-0.7804878048780488,-1.0,medium,M,0.3333333333333333,-0.015262420183771998,0
8799,A,Ship,-0.5,5,0.6585365853658537,0.0,low,F,-0.16666666666666666,0.007163993147484816,1
8800,B,Ship,-1.0,4,0.4146341463414634,0.0,low,F,0.0,-0.002180345740538857,0
8801,C,Ship,-0.5,3,0.21951219512195122,-1.0,medium,F,0.16666666666666666,0.43451175829310074,1
8802,F,Ship,0.5,2,-0.6097560975609756,0.0,medium,F,-0.16666666666666666,0.04765612832892073,0
8803,D,Ship,-0.5,3,-0.036585365853658534,0.0,medium,M,-0.6666666666666666,0.38311789440897054,1
8804,F,Ship,-0.5,5,-0.23170731707317074,-1.0,medium,F,0.3333333333333333,0.5242174116181281,0
8805,A,Ship,0.0,5,-0.07317073170731707,-1.0,low,F,-0.5,0.5239059336551939,0
8806,B,Ship,-0.5,1,-0.4634146341463415,-1.0,medium,F,-0.5,0.491200747547111,0
8807,C,Ship,0.5,2,0.5365853658536586,0.0,medium,F,0.16666666666666666,0.2404609873851425,0
8808,F,Ship,0.0,4,0.12195121951219512,0.0,medium,F,-1.0,0.02554119296059804,0
8809,D,Ship,0.0,4,0.5975609756097561,0.0,medium,M,-1.0,0.3532160099672948,1
8810,F,Ship,-0.5,1,-0.13414634146341464,2.5,medium,F,0.0,0.5506930384675284,1
8811,A,Ship,0.0,4,0.6341463414634146,2.5,medium,F,0.5,0.5457093910605825,0
8812,B,Ship,1.0,1,-0.3048780487804878,0.0,medium,F,0.3333333333333333,0.36349478274412084,0
8813,C,Ship,-0.5,1,0.34146341463414637,2.5,medium,F,0.16666666666666666,0.38997040959352125,0
8814,F,Ship,0.0,2,0.6219512195121951,1.0,medium,F,-0.6666666666666666,-0.00903286092508955,1
8815,D,Ship,-0.5,2,-0.926829268292683,2.5,low,M,-1.0,0.48964335773244044,1
8816,F,Ship,0.0,4,0.6585365853658537,0.0,low,F,0.3333333333333333,-0.009655816850957795,1
8817,A,Ship,0.0,3,-0.036585365853658534,2.5,high,M,0.3333333333333333,0.468151378289986,1
8818,B,Ship,1.0,3,-0.9390243902439024,2.5,low,F,-0.16666666666666666,0.5740538856875876,1
8819,C,Ship,0.0,5,0.24390243902439024,2.0,low,F,-0.8333333333333334,-0.9537455225042828,1
8820,F,Ship,0.5,4,0.34146341463414637,2.0,low,M,-1.0,-0.8029901884441676,1
8821,D,Ship,1.5,2,1.1341463414634145,1.0,low,M,0.16666666666666666,-0.80921974770285,0
8822,F,Ship,1.0,1,0.5609756097560976,1.0,low,F,-0.16666666666666666,-0.7422519856720137,0
8823,A,Ship,0.0,4,0.3048780487804878,2.0,low,F,-0.16666666666666666,-0.9064008721382962,0
8824,B,Ship,1.0,2,1.1097560975609757,1.0,low,F,0.3333333333333333,-0.8042361002959041,0
8825,C,Ship,0.5,2,0.4878048780487805,2.5,low,M,-0.3333333333333333,-0.7051861080828531,0
8826,F,Ship,-1.0,1,0.5365853658536586,2.0,low,M,0.5,-0.9120074754711104,1
8827,D,Ship,0.5,3,0.6463414634146342,2.5,low,F,0.16666666666666666,-0.8497118828842859,1
8828,F,Ship,0.0,3,0.3902439024390244,2.0,low,M,0.0,-0.939106058246379,0
8829,A,Ship,0.0,3,0.3902439024390244,2.0,low,F,-1.0,-0.7712194362248871,1
8830,B,Ship,0.0,4,0.573170731707317,2.0,medium,F,-0.8333333333333334,-0.765924310855007,1
8831,C,Ship,0.5,5,0.3048780487804878,2.0,low,M,-0.16666666666666666,-0.7045631521569848,1
8832,F,Ship,0.5,5,0.3780487804878049,2.0,low,M,-0.3333333333333333,-0.8621710014016508,1
8833,D,Ship,0.5,1,0.2804878048780488,2.0,medium,F,0.16666666666666666,-0.9341224108394331,1
8834,F,Ship,1.5,3,1.1341463414634145,1.0,low,F,-1.0,-0.7973835851113533,1
8835,A,Ship,0.5,4,0.4634146341463415,2.0,low,M,-0.8333333333333334,-0.7170222706743498,1
8836,B,Ship,0.5,2,0.13414634146341464,2.0,low,M,-0.3333333333333333,-0.9761719358355396,0
8837,C,Ship,1.0,4,0.5365853658536586,1.0,low,M,0.3333333333333333,-0.9484503971344027,0
8838,F,Ship,1.5,5,0.4878048780487805,1.0,medium,F,-0.16666666666666666,-0.8279084254788973,1
8839,D,Ship,0.5,1,0.21951219512195122,2.0,low,M,-0.16666666666666666,-0.8478430151066813,0
8840,F,Ship,1.5,1,0.5,1.0,medium,F,0.16666666666666666,-0.9534340445413487,1
8841,A,Ship,0.5,3,0.25609756097560976,2.0,low,M,-0.5,-0.6724809219747703,0
8842,B,Ship,1.5,1,0.6707317073170732,1.0,medium,M,-0.5,-0.9440897056533251,1
8843,C,Ship,-0.5,1,-0.036585365853658534,0.0,medium,M,-1.0,0.23049369257125057,1
8844,F,Ship,-0.5,4,-0.23170731707317074,-1.0,medium,F,0.5,-0.036754399626226446,0
8845,D,Ship,0.0,5,-0.07317073170731707,-1.0,low,M,-1.0,-0.03426257592275347,0
8846,F,Ship,-0.5,5,-0.4634146341463415,-1.0,medium,F,0.16666666666666666,0.45102009032860924,1
8847,A,Ship,0.5,1,0.5365853658536586,0.0,medium,F,0.16666666666666666,0.4812334527332191,0
8848,B,Ship,0.0,3,0.12195121951219512,0.0,medium,F,-0.16666666666666666,0.28188755645538077,1
8849,C,Ship,0.0,3,0.5975609756097561,0.0,medium,M,-0.6666666666666666,0.16446036442921663,0
8850,F,Ship,-0.5,5,-0.13414634146341464,2.5,medium,F,-1.0,0.2638218346052017,0
8851,D,Ship,0.0,4,0.6341463414634146,2.5,medium,M,-0.6666666666666666,0.47438093754866845,1
8852,F,Ship,1.0,3,-0.3048780487804878,0.0,medium,F,-0.6666666666666666,0.2843793801588538,0
8853,A,Ship,-0.5,1,0.34146341463414637,2.5,medium,M,-0.5,0.2473135025696932,0
8854,B,Ship,0.0,2,0.6219512195121951,1.0,medium,F,0.5,0.13268961220993614,1
8855,C,Ship,-0.5,1,-0.926829268292683,2.5,low,F,-0.5,0.10808285313814048,1
8856,F,Ship,0.0,3,0.6585365853658537,0.0,low,F,0.5,0.5759227534651923,0
8857,D,Ship,0.0,1,-0.036585365853658534,2.5,high,M,-0.5,0.10185329387945803,1
8858,F,Ship,1.0,4,-0.9390243902439024,2.5,low,F,0.3333333333333333,0.07008254166017754,1
8859,A,Ship,0.0,5,0.24390243902439024,2.0,low,F,-0.6666666666666666,-0.8347609406634481,1
8860,B,Ship,0.5,1,0.34146341463414637,2.0,low,F,0.16666666666666666,-0.7269895654882417,0
8861,C,Ship,1.5,1,1.1341463414634145,1.0,low,M,-0.5,-0.8652857810309921,1
8862,F,Ship,1.0,3,0.5609756097560976,1.0,low,F,-1.0,-0.7394486840056066,0
8863,D,Ship,0.0,5,0.3048780487804878,2.0,low,M,-0.16666666666666666,-0.8761875097336863,0
8864,F,Ship,1.0,2,1.1097560975609757,1.0,low,M,-0.8333333333333334,-0.9197944245444635,0
8865,A,Ship,0.5,1,0.4878048780487805,2.5,low,M,-1.0,-0.9743030680579349,0
8866,B,Ship,-1.0,3,0.5365853658536586,2.0,low,F,-0.16666666666666666,-0.7543996262264445,0
8867,C,Ship,0.5,1,0.6463414634146342,2.5,low,M,-0.6666666666666666,-0.7307273010434512,0
8868,F,Ship,0.0,5,0.3902439024390244,2.0,low,F,-0.8333333333333334,-0.9733686341691326,1
8869,D,Ship,0.0,3,0.3902439024390244,2.0,low,M,-0.3333333333333333,-0.8578103099205732,0
8870,F,Ship,0.0,4,0.573170731707317,2.0,medium,F,-0.8333333333333334,-0.722628874007164,0
8871,A,Ship,0.5,3,0.3048780487804878,2.0,low,M,0.5,-0.7366453823391995,0
8872,B,Ship,0.5,5,0.3780487804878049,2.0,low,M,0.5,-0.89082697399159,1
8873,C,Ship,0.5,3,0.2804878048780488,2.0,medium,F,-0.5,-0.8042361002959041,0
8874,F,Ship,1.5,1,1.1341463414634145,1.0,low,M,-0.8333333333333334,-0.6746612677153091,0
8875,D,Ship,0.5,1,0.4634146341463415,2.0,low,M,-0.5,-0.8849088926958417,0
8876,F,Ship,0.5,4,0.13414634146341464,2.0,low,F,-0.16666666666666666,-0.669366142345429,0
8877,A,Ship,1.0,3,0.8170731707317073,1.0,medium,F,0.16666666666666666,-0.7054975860457873,0
8878,B,Ship,1.0,5,0.6707317073170732,1.0,medium,F,0.0,-0.903286092508955,1
8879,C,Road,0.0,1,0.6951219512195121,2.0,medium,F,-0.6666666666666666,-0.8786793334371593,0
8880,F,Road,0.5,2,0.3048780487804878,2.0,medium,F,-0.16666666666666666,-0.8842859367699736,1
8881,D,Road,1.5,5,1.146341463414634,1.0,medium,M,-1.0,-0.8322691169599751,1
8882,F,Road,1.0,1,0.5121951219512195,1.0,low,F,0.0,-0.8649743030680579,1
8883,A,Road,0.0,5,0.45121951219512196,2.0,medium,F,0.0,-0.9590406478741629,1
8884,B,Road,0.5,3,0.6829268292682927,2.0,medium,M,0.3333333333333333,-0.7428749415978819,1
8885,C,Road,1.0,4,0.9146341463414634,1.0,low,F,-1.0,-0.7765145615947672,0
8886,F,Road,1.0,4,0.47560975609756095,1.0,medium,F,-0.16666666666666666,-0.6815137828998599,0
8887,D,Road,1.5,3,1.1097560975609757,1.0,medium,F,-0.3333333333333333,-0.9191714686185952,0
8888,F,Road,-0.5,4,0.06097560975609756,2.5,low,F,-0.8333333333333334,-0.720137050303691,0
8889,A,Road,0.0,1,0.2073170731707317,2.0,medium,F,0.5,-0.9359912786170378,0
8890,B,Road,1.0,4,1.024390243902439,1.0,medium,F,0.16666666666666666,-0.84472823547734,1
8891,C,Road,1.0,5,0.8292682926829268,1.0,low,M,-0.5,-0.9699423765768572,0
8892,F,Road,0.5,3,0.3170731707317073,2.0,low,M,-0.5,-0.8596791776981778,0
8893,D,Road,0.5,2,0.10975609756097561,2.0,medium,F,-0.16666666666666666,-0.7058090640087213,0
8894,F,Road,0.0,1,0.14634146341463414,2.0,low,M,0.3333333333333333,-0.8157607849244666,0
8895,A,Road,0.5,5,0.47560975609756095,2.0,low,F,-0.5,-0.8307117271453045,0
8896,B,Road,1.0,4,0.4268292682926829,1.0,low,M,-0.8333333333333334,-0.8201214764055443,0
8897,C,Road,1.0,4,0.975609756097561,1.0,medium,M,-0.3333333333333333,-0.9266469397290141,0
8898,F,Road,0.5,1,0.13414634146341464,2.0,low,M,-0.8333333333333334,-0.7279239993770441,0
8899,D,Road,1.0,5,0.47560975609756095,1.0,low,M,-0.8333333333333334,-0.7026942843793802,1
8900,F,Road,0.5,1,0.2682926829268293,2.0,medium,M,0.5,-0.6815137828998599,0
8901,A,Flight,1.5,2,0.8536585365853658,1.0,low,F,-1.0,-0.954368478430151,1
8902,B,Flight,0.5,2,0.36585365853658536,2.0,low,M,-1.0,-0.7083008877121943,1
8903,C,Flight,1.0,3,0.6707317073170732,1.0,low,F,-0.5,-0.6855629964180034,1
8904,F,Flight,1.0,5,1.146341463414634,1.0,low,F,0.0,-0.9565488241706899,0
8905,D,Flight,1.0,4,0.6829268292682927,1.0,low,F,0.5,-0.763432487151534,0
8906,F,Flight,0.5,3,0.2926829268292683,2.0,low,M,-1.0,-0.7095467995639309,1
8907,A,Flight,0.0,5,0.9878048780487805,0.0,low,F,-0.8333333333333334,-0.7649898769662047,0
8908,B,Flight,-1.0,2,1.170731707317073,0.0,low,M,-1.0,-0.8098427036287182,1
8909,C,Flight,1.0,2,0.926829268292683,1.0,medium,M,-1.0,-0.9462700513938639,0
8910,F,Flight,1.5,2,0.9024390243902439,1.0,high,M,-0.5,-0.8808596791776981,0
8911,D,Flight,1.0,5,1.0365853658536586,1.0,low,M,-0.8333333333333334,-0.9210403363962,0
8912,F,Flight,1.0,5,0.35365853658536583,1.0,low,F,-0.16666666666666666,-0.7011368945647095,1
8913,A,Flight,0.5,3,0.18292682926829268,2.0,low,F,-1.0,-0.9197944245444635,0
8914,B,Flight,1.0,2,0.9024390243902439,1.0,medium,M,0.3333333333333333,-0.8546955302912319,1
8915,C,Flight,1.0,3,0.7560975609756098,1.0,low,M,-0.16666666666666666,-0.7721538701136894,1
8916,F,Flight,1.5,4,0.6829268292682927,1.0,medium,F,-0.3333333333333333,-0.7519078025229715,0
8917,D,Flight,0.0,3,0.3902439024390244,2.0,medium,M,0.5,-0.7796293412241084,1
8918,F,Flight,0.5,5,0.6707317073170732,2.0,low,M,-0.3333333333333333,-0.7497274567824327,0
8919,A,Flight,0.5,3,0.32926829268292684,2.0,low,F,-0.8333333333333334,-0.7210714841924933,1
8920,B,Flight,0.0,4,0.4146341463414634,2.0,medium,M,-0.8333333333333334,-0.7780719514094377,0
8921,C,Flight,1.0,2,0.6951219512195121,1.0,medium,M,-0.6666666666666666,-0.7827441208534496,0
8922,F,Flight,0.0,5,0.43902439024390244,2.0,medium,M,-0.16666666666666666,-0.7746456938171624,0
8923,D,Ship,0.5,5,0.18292682926829268,2.0,medium,M,-0.8333333333333334,-0.6771530914187821,1
8924,F,Ship,1.5,3,1.0,1.0,low,M,-0.5,-0.8587447438093755,0
8925,A,Ship,1.0,1,1.1341463414634145,1.0,low,F,-0.6666666666666666,-0.6765301354929139,0
8926,B,Ship,1.5,1,0.5365853658536586,1.0,low,F,-0.6666666666666666,-0.8307117271453045,0
8927,C,Ship,1.0,2,0.5,1.0,medium,F,-0.6666666666666666,-0.870269428437938,0
8928,F,Ship,0.5,3,-0.6219512195121951,0.0,medium,M,-1.0,-0.7204485282666251,0
8929,D,Ship,0.5,5,0.6219512195121951,2.5,low,M,-0.5,-0.6889892540102788,1
8930,F,Ship,0.0,3,0.6707317073170732,2.0,low,M,-0.8333333333333334,-0.8958106213985361,1
8931,A,Ship,1.0,3,0.7195121951219512,2.0,low,M,0.16666666666666666,-0.7484815449306962,1
8932,B,Ship,0.5,5,0.524390243902439,2.0,low,M,-0.3333333333333333,-0.7762030836318331,0
8933,C,Ship,1.0,3,0.5365853658536586,1.0,medium,M,0.3333333333333333,-0.6930384675284224,0
8934,F,Ship,0.5,3,-0.9024390243902439,2.0,medium,F,-0.16666666666666666,-0.7244977417847688,0
8935,D,Ship,0.5,2,0.6585365853658537,2.0,medium,F,-0.8333333333333334,-0.96184394954057,1
8936,F,Ship,1.0,4,0.7926829268292683,1.0,low,F,-0.3333333333333333,-0.905777916212428,0
8937,A,Ship,0.0,3,0.13414634146341464,2.0,medium,M,-0.6666666666666666,-0.9110730415823081,0
8938,B,Ship,1.0,4,1.0,1.0,medium,M,-0.3333333333333333,-0.7372683382650678,1
8939,C,Ship,0.5,3,-0.6341463414634146,1.0,low,F,-0.16666666666666666,-0.6793334371593209,0
8940,F,Ship,0.0,3,-0.07317073170731707,0.0,medium,F,0.0,0.11711571406323003,1
8941,D,Ship,0.0,2,-0.35365853658536583,-1.0,medium,F,-0.6666666666666666,0.37595390126148576,0
8942,F,Ship,0.0,4,0.6829268292682927,-1.0,medium,F,-0.16666666666666666,0.3339043762653792,0
8943,A,Ship,-0.5,1,0.6341463414634146,0.0,low,F,0.16666666666666666,0.13237813424700204,0
8944,B,Ship,0.0,5,-0.8048780487804879,-1.0,low,M,-0.8333333333333334,0.22862482479364585,1
8945,C,Ship,0.0,5,-0.15853658536585366,0.0,low,F,-1.0,0.5447749571717801,1
8946,F,Ship,0.0,1,-0.524390243902439,-1.0,medium,F,-1.0,0.48839744588070394,0
8947,D,Ship,0.0,3,0.2682926829268293,0.0,low,M,-1.0,0.18782121164927582,0
8948,F,Ship,0.0,4,0.07317073170731707,0.0,low,F,-0.5,0.4588070394019623,0
8949,A,Ship,0.0,2,-0.6463414634146342,1.0,low,F,0.3333333333333333,0.17567357109484505,1
8950,B,Ship,0.5,1,0.32926829268292684,0.0,low,M,0.0,0.37159320978040805,0
8951,C,Ship,0.5,4,-0.07317073170731707,-1.0,low,M,0.3333333333333333,0.1308207444323314,0
8952,F,Ship,1.0,5,-0.7804878048780488,0.0,medium,M,-0.6666666666666666,0.4977417847687276,0
8953,D,Ship,0.0,3,0.23170731707317074,-1.0,medium,F,-0.6666666666666666,0.1865752997975393,0
8954,F,Ship,-1.0,2,-1.4146341463414633,2.0,medium,M,0.5,0.06821367388257281,0
8955,A,Ship,-0.5,2,0.6951219512195121,2.0,low,M,-0.3333333333333333,0.22769039090484347,0
8956,B,Ship,-1.0,2,0.4024390243902439,0.0,low,F,-0.5,0.16726366609562374,1
8957,C,Ship,-0.5,5,0.04878048780487805,1.0,low,M,-0.5,0.36785547422519854,0
8958,F,Ship,0.5,3,-0.3902439024390244,1.0,medium,M,-0.3333333333333333,0.19342781498209002,1
8959,D,Ship,0.0,2,0.573170731707317,-1.0,medium,F,-0.5,0.5534963401339356,1
8960,F,Ship,0.5,1,-0.573170731707317,0.0,low,M,0.3333333333333333,0.15916523905933655,0
8961,A,Ship,-0.5,3,-0.0975609756097561,0.0,low,F,-0.6666666666666666,0.4974303068057935,1
8962,B,Ship,1.0,4,0.524390243902439,2.5,low,F,0.0,0.0361314437003582,0
8963,C,Ship,0.0,3,-0.35365853658536583,2.0,low,F,0.3333333333333333,0.4669054664382495,0
8964,F,Ship,0.5,2,-0.3780487804878049,2.0,high,F,0.16666666666666666,0.20900171312879615,0
8965,D,Ship,0.5,1,-0.35365853658536583,0.0,medium,F,0.0,0.2199034418314904,1
8966,F,Ship,-0.5,5,-0.43902439024390244,0.0,low,F,0.0,-0.004360691481077714,0
8967,A,Ship,0.0,4,0.5365853658536586,0.0,high,M,0.5,0.25198567201370503,1
8968,B,Ship,0.0,1,0.2926829268292683,1.0,medium,F,0.5,0.22146083164616104,0
8969,C,Ship,-0.5,2,-0.06097560975609756,-1.0,low,M,0.3333333333333333,0.328297772932565,0
8970,F,Ship,-1.0,3,0.5609756097560976,-1.0,low,F,-1.0,0.12396822924778073,0
8971,D,Ship,0.0,5,0.4024390243902439,-1.0,medium,F,0.3333333333333333,0.15791932720760007,0
8972,F,Ship,-0.5,3,0.573170731707317,0.0,low,M,-0.8333333333333334,0.46098738514250115,1
8973,A,Ship,0.0,5,0.35365853658536583,1.0,low,F,-1.0,0.36723251829933035,0
8974,B,Ship,0.5,1,-0.6585365853658537,1.0,medium,M,-0.3333333333333333,0.5270207132845351,0
8975,C,Ship,0.5,2,-0.13414634146341464,-1.0,medium,F,-0.8333333333333334,0.17536209313191092,1
8976,F,Ship,-0.5,5,0.07317073170731707,1.0,low,F,-0.3333333333333333,0.475938327363339,0
8977,D,Ship,-0.5,2,0.23170731707317074,0.0,medium,M,0.0,0.5260862793957327,0
8978,F,Ship,0.0,4,-1.3780487804878048,2.0,low,F,0.16666666666666666,0.013393552406167264,0
8979,A,Ship,0.5,4,-0.2804878048780488,1.0,low,M,0.16666666666666666,0.12988631054352903,1
8980,B,Ship,-0.5,3,0.6219512195121951,0.0,low,F,0.5,-0.017442765924310856,1
8981,C,Ship,0.0,3,0.4268292682926829,0.0,low,M,-0.5,0.20619841146238904,0
8982,F,Ship,0.0,4,-0.36585365853658536,0.0,low,F,0.5,0.4846597103254945,1
8983,D,Ship,0.5,5,-0.3902439024390244,0.0,medium,F,0.5,0.2837564242329855,0
8984,F,Ship,0.5,5,-0.1951219512195122,-1.0,high,M,-0.6666666666666666,0.34262575922753463,0
8985,A,Ship,-0.5,1,-1.2682926829268293,1.0,medium,F,-0.16666666666666666,0.4127083008877122,1
8986,B,Ship,0.0,3,0.6585365853658537,-1.0,low,F,-0.5,0.3522815760784924,1
8987,C,Ship,0.0,3,-0.8292682926829268,0.0,medium,F,0.5,0.3809375486684317,0
8988,F,Ship,0.5,2,0.25609756097560976,-1.0,low,F,0.5,0.24575611275502257,0
8989,D,Ship,0.5,2,0.6829268292682927,0.0,low,M,-0.6666666666666666,0.3479208845974147,1
8990,F,Ship,0.0,4,-0.4878048780487805,-1.0,low,F,-1.0,0.12209936147017598,1
8991,A,Ship,0.0,2,0.3048780487804878,1.0,low,F,0.5,0.4295281108861548,1
8992,B,Ship,-0.5,4,0.2682926829268293,1.0,high,F,0.3333333333333333,0.18532938794580284,0
8993,C,Ship,0.0,5,-0.6341463414634146,-1.0,medium,F,0.3333333333333333,0.37252764366921043,1
8994,F,Ship,-0.5,4,0.5609756097560976,0.0,low,F,0.16666666666666666,0.33203550848777447,0
8995,D,Ship,-0.5,1,0.036585365853658534,0.0,low,F,-1.0,0.008721382962155428,1
8996,F,Ship,0.5,3,0.21951219512195122,0.0,medium,M,-0.6666666666666666,0.11742719202616415,0
8997,A,Ship,0.0,5,0.5609756097560976,0.0,medium,F,-0.16666666666666666,0.022426413331256813,0
8998,B,Ship,0.0,2,-0.36585365853658536,0.0,medium,F,-0.3333333333333333,0.5550537299486061,1
8999,C,Ship,0.5,4,-0.8414634146341463,1.0,low,M,-0.5,0.19965737424077246,0
9000,F,Ship,0.5,1,-0.3048780487804878,-1.0,medium,M,0.5,0.3423142812646005,0
9001,D,Ship,0.5,3,-0.7804878048780488,-1.0,high,F,0.3333333333333333,0.09250895499143436,0
9002,F,Ship,-0.5,3,-0.17073170731707318,0.0,low,M,-0.6666666666666666,0.49524996106525465,0
9003,A,Ship,0.5,1,-0.9878048780487805,-1.0,medium,M,-1.0,0.15387011368945647,0
9004,B,Ship,0.0,2,0.5609756097560976,0.0,low,M,-0.5,0.42205263977573587,1
9005,C,Ship,0.0,2,-0.23170731707317074,-1.0,medium,M,0.5,0.15293567980065412,0
9006,F,Ship,0.0,3,0.3780487804878049,1.0,medium,M,-0.5,0.5578570316150132,0
9007,D,Ship,1.0,3,-0.5853658536585366,1.0,low,M,0.5,0.5089549914343561,1
9008,F,Ship,-0.5,5,0.3780487804878049,1.0,low,M,0.16666666666666666,0.4519545242174116,0
9009,A,Ship,1.0,2,-1.024390243902439,2.0,low,M,-0.6666666666666666,0.46877433421585424,0
9010,B,Ship,-0.5,5,-0.12195121951219512,1.0,low,M,-0.16666666666666666,0.22737891294190937,1
9011,C,Ship,0.0,2,-0.04878048780487805,0.0,low,M,0.16666666666666666,0.47438093754866845,1
9012,F,Ship,-0.5,5,0.6097560975609756,1.0,medium,F,0.16666666666666666,0.05450864351347142,0
9013,D,Ship,0.5,2,-0.8902439024390244,-1.0,medium,F,-1.0,0.04298395888490889,0
9014,F,Ship,-0.5,5,-0.6341463414634146,0.0,medium,F,-1.0,0.08814826351035664,0
9015,A,Ship,0.0,5,-0.9390243902439024,-1.0,low,M,-0.16666666666666666,-0.029278928515807507,1
9016,B,Road,0.0,3,-0.8902439024390244,-1.0,low,F,0.16666666666666666,0.05668898925401028,0
9017,C,Road,1.0,3,-1.0609756097560976,0.0,medium,F,0.0,0.44385609718112445,1
9018,F,Road,-1.0,2,0.6829268292682927,1.0,low,M,-0.16666666666666666,0.4472823547733998,0
9019,D,Road,-0.5,4,-0.35365853658536583,1.0,medium,F,-0.16666666666666666,0.3653636505217256,0
9020,F,Road,0.0,1,0.32926829268292684,0.0,low,M,-0.16666666666666666,0.5254633234698645,0
9021,A,Road,-0.5,2,-1.0975609756097562,2.0,medium,M,0.5,0.37346207755801275,0
9022,B,Road,-0.5,4,0.17073170731707318,1.0,medium,M,-0.16666666666666666,0.24855941442142968,0
9023,C,Road,0.5,4,-0.9024390243902439,0.0,medium,M,-0.5,0.14764055443077403,0
9024,F,Road,1.0,3,-0.2682926829268293,1.0,low,M,0.3333333333333333,0.33951097959819343,1
9025,D,Road,0.0,2,0.47560975609756095,2.0,low,F,-0.6666666666666666,0.1641488864662825,1
9026,F,Road,-0.5,4,0.8902439024390244,2.0,medium,F,0.3333333333333333,0.3610029590406479,0
9027,A,Road,-0.5,4,-0.6341463414634146,2.0,low,F,-1.0,0.02834449462700514,1
9028,B,Road,-0.5,4,-0.7073170731707317,0.0,low,M,-0.5,0.14919794424544464,0
9029,C,Road,0.0,3,-0.32926829268292684,1.0,low,M,-0.5,0.18937860146394642,0
9030,F,Road,1.0,3,-0.524390243902439,0.0,low,F,-1.0,0.2501168042361003,0
9031,D,Road,1.0,2,0.3170731707317073,2.5,low,M,-0.6666666666666666,0.5662669366142346,1
9032,F,Road,-0.5,3,0.43902439024390244,1.0,medium,M,-1.0,0.17691948294658152,0
9033,A,Road,0.0,5,-0.4146341463414634,1.0,high,F,0.5,0.31988786793334373,1
9034,B,Road,-0.5,1,0.34146341463414637,1.0,low,M,0.5,0.2055754555365208,1
9035,C,Road,-0.5,1,-0.6341463414634146,1.0,medium,F,-0.5,0.4778071951409438,0
9036,F,Road,0.5,5,-0.04878048780487805,0.0,medium,M,0.16666666666666666,0.547266780875253,1
9037,D,Road,0.0,1,-0.3048780487804878,-1.0,medium,M,-0.5,-0.008409904999221306,0
9038,F,Flight,0.0,5,-0.32926829268292684,-1.0,low,M,-0.16666666666666666,0.05201681980999844,1
9039,A,Flight,0.0,1,-0.4268292682926829,-1.0,medium,F,0.0,0.14203395109795983,0
9040,B,Flight,-1.0,1,-0.18292682926829268,-1.0,low,F,0.5,0.37252764366921043,0
9041,C,Flight,0.5,1,-0.6829268292682927,1.0,medium,F,-0.5,0.4790531069926803,1
9042,F,Flight,-0.5,4,-0.4024390243902439,0.0,low,M,0.5,0.351035664226756,1
9043,D,Flight,-0.5,5,0.2926829268292683,-1.0,low,F,0.16666666666666666,0.5045942999532783,0
9044,F,Flight,0.5,5,0.13414634146341464,1.0,high,F,-0.6666666666666666,0.3504127083008877,1
9045,A,Flight,0.5,1,-0.5121951219512195,-1.0,medium,F,-0.6666666666666666,0.23142812646005295,0
9046,B,Flight,0.0,2,-0.18292682926829268,0.0,low,M,-0.5,-0.02460675907179567,0
9047,C,Flight,0.0,4,0.4146341463414634,0.0,high,F,0.5,0.11929605980376888,0
9048,F,Flight,-0.5,2,0.14634146341463414,0.0,low,F,-0.3333333333333333,0.4158230805170534,0
9049,D,Flight,0.0,1,-0.45121951219512196,0.0,medium,F,-0.16666666666666666,0.33203550848777447,0
9050,F,Flight,-0.5,4,0.2926829268292683,-1.0,low,M,-0.3333333333333333,0.06229559258682448,1
9051,A,Flight,0.0,5,-0.6463414634146342,0.0,low,F,-0.3333333333333333,0.18159165239059336,0
9052,B,Flight,-1.0,1,0.6951219512195121,0.0,low,M,-1.0,0.1208534496184395,0
9053,C,Flight,0.5,2,0.4878048780487805,0.0,medium,F,0.16666666666666666,0.5429060893941754,1
9054,F,Flight,0.0,2,0.2926829268292683,-1.0,low,M,-1.0,0.3363961999688522,0
9055,D,Flight,0.5,5,-0.5487804878048781,0.0,medium,M,-0.8333333333333334,0.5584799875408815,1
9056,F,Flight,-0.5,3,-0.5609756097560976,-1.0,high,M,0.5,0.36910138607693505,1
9057,A,Flight,-1.0,5,0.35365853658536583,0.0,high,M,0.0,0.10496807350879925,0
9058,B,Flight,0.0,5,-0.23170731707317074,0.0,medium,M,0.0,0.21367388257280798,0
9059,C,Flight,-0.5,2,0.15853658536585366,0.0,high,M,-0.3333333333333333,0.005606603332814203,1
9060,F,Ship,-0.5,2,-0.18292682926829268,0.0,medium,F,0.5,0.5042828219903441,1
9061,D,Ship,-0.5,2,-0.6585365853658537,0.0,low,F,0.0,0.09936147017598505,0
9062,F,Ship,-1.0,2,-0.6585365853658537,2.5,medium,F,0.3333333333333333,0.25634636349478274,1
9063,A,Ship,0.0,4,0.45121951219512196,1.0,low,F,0.5,0.5715620619841146,0
9064,B,Ship,1.0,2,0.13414634146341464,1.0,low,M,-0.16666666666666666,0.5102009032860925,1
9065,C,Ship,0.0,3,0.5609756097560976,1.0,low,F,-0.3333333333333333,0.36069148107771376,0
9066,F,Ship,0.0,2,0.5975609756097561,0.0,medium,M,-0.5,0.24482167886622022,1
9067,D,Ship,0.5,5,-0.21951219512195122,0.0,medium,M,0.0,-0.020246067590717957,1
9068,F,Ship,0.0,2,-0.36585365853658536,-1.0,medium,F,0.5,0.5637751129107615,0
9069,A,Ship,0.5,5,0.2073170731707317,-1.0,medium,F,-0.16666666666666666,0.5335617505061517,0
9070,B,Ship,-0.5,1,-0.7439024390243902,-1.0,low,M,0.0,0.35601931163370193,1
9071,C,Ship,-0.5,1,-0.5,-1.0,low,F,0.0,0.16664071016975548,0
9072,F,Ship,-0.5,1,-0.6707317073170732,0.0,low,F,-0.6666666666666666,0.27877277682603957,0
9073,D,Ship,0.5,4,-0.9390243902439024,-1.0,low,M,0.0,0.37034729792867155,1
9074,F,Ship,-0.5,1,0.4268292682926829,-1.0,medium,M,0.3333333333333333,0.572496495872917,1
9075,A,Ship,-0.5,5,0.4024390243902439,0.0,medium,M,0.5,0.04267248092197477,1
9076,B,Ship,-0.5,2,-0.10975609756097561,0.0,high,M,-0.6666666666666666,0.12895187665472668,1
9077,C,Ship,-0.5,2,-0.06097560975609756,0.0,medium,M,-0.3333333333333333,0.2647562684940041,0
9078,F,Ship,-0.5,2,0.4024390243902439,-1.0,high,M,-1.0,0.028967450552873385,0
9079,D,Ship,0.0,3,0.13414634146341464,-1.0,medium,F,-0.8333333333333334,0.006229559258682448,1
9080,F,Ship,-0.5,5,-0.7804878048780488,2.5,low,M,-0.8333333333333334,0.2781498209001713,0
9081,A,Ship,0.5,2,-0.04878048780487805,2.5,medium,F,-0.5,0.11711571406323003,1
9082,B,Ship,-0.5,2,0.4024390243902439,-1.0,low,F,-0.8333333333333334,0.16446036442921663,0
9083,C,Ship,0.5,5,-0.573170731707317,0.0,medium,M,0.3333333333333333,0.05295125369880081,1
9084,F,Ship,0.0,5,0.23170731707317074,0.0,medium,F,0.0,0.4532004360691481,1
9085,D,Ship,-1.0,5,-0.12195121951219512,2.5,low,F,-1.0,0.17442765924310855,0
9086,F,Ship,0.5,5,-0.9024390243902439,2.5,medium,M,-0.8333333333333334,0.20059180812957483,1
9087,A,Ship,1.0,3,0.04878048780487805,2.5,high,M,0.16666666666666666,0.5388568758760318,0
9088,B,Ship,-0.5,3,0.43902439024390244,0.0,low,M,0.3333333333333333,0.2628874007163993,0
9089,C,Ship,-0.5,4,0.13414634146341464,1.0,low,M,0.5,0.09686964647251207,1
9090,F,Ship,1.5,1,1.146341463414634,1.0,medium,F,-0.8333333333333334,-0.8238592119607537,0
9091,D,Ship,1.0,5,0.5121951219512195,1.0,low,F,-0.8333333333333334,-0.9300731973212896,0
9092,F,Ship,0.0,3,0.45121951219512196,2.0,medium,M,-0.8333333333333334,-0.8307117271453045,0
9093,A,Ship,0.5,3,0.6829268292682927,2.0,medium,F,0.16666666666666666,-0.7123501012303379,0
9094,B,Ship,1.0,5,0.9146341463414634,1.0,low,M,-0.3333333333333333,-0.793957327519078,1
9095,C,Ship,1.0,3,0.47560975609756095,1.0,medium,F,0.3333333333333333,-0.7244977417847688,0
9096,F,Ship,1.5,2,1.1097560975609757,1.0,medium,M,0.0,-0.7276125214141099,0
9097,D,Ship,-0.5,3,0.06097560975609756,2.5,low,M,0.5,-0.9447126615791933,0
9098,F,Ship,0.0,2,0.2073170731707317,2.0,medium,M,0.16666666666666666,-0.8057934901105747,0
9099,A,Ship,1.0,5,1.024390243902439,1.0,medium,F,-0.3333333333333333,-0.730415823080517,0
9100,B,Ship,1.0,5,0.8292682926829268,1.0,low,M,-0.3333333333333333,-0.8674661267715309,1
9101,C,Ship,0.5,1,0.3170731707317073,2.0,low,M,-0.8333333333333334,-0.8562529201059025,1
9102,F,Ship,0.5,3,0.10975609756097561,2.0,medium,M,-0.5,-0.7263666095623734,0
9103,D,Ship,0.0,4,0.14634146341463414,2.0,low,M,-1.0,-0.7438093754866844,0
9104,F,Ship,0.5,3,0.47560975609756095,2.0,low,M,-0.16666666666666666,-0.972122722317396,0
9105,A,Ship,1.0,4,0.4268292682926829,1.0,low,M,0.5,-0.8817941130665006,0
9106,B,Ship,1.0,5,0.975609756097561,1.0,medium,M,0.5,-0.7852359445569226,1
9107,C,Ship,0.0,4,0.5975609756097561,0.0,medium,F,0.16666666666666666,0.41301977885064634,0
9108,F,Ship,0.5,2,-0.21951219512195122,0.0,medium,M,-0.5,0.22395265534963402,1
9109,D,Ship,0.0,5,-0.36585365853658536,-1.0,medium,F,-0.8333333333333334,0.08721382962155427,0
9110,F,Ship,0.5,4,0.2073170731707317,-1.0,medium,F,0.0,0.4180034262575923,1
9111,A,Ship,-0.5,1,-0.7439024390243902,-1.0,low,M,-0.16666666666666666,0.2638218346052017,0
9112,B,Ship,-0.5,2,-0.5,-1.0,low,F,0.16666666666666666,0.4183149042205264,0
9113,C,Ship,-0.5,1,-0.6707317073170732,0.0,low,M,0.5,0.06509889425323158,1
9114,F,Ship,0.5,4,-0.9390243902439024,-1.0,low,F,-0.8333333333333334,-0.022426413331256813,1
9115,D,Ship,-0.5,1,0.4268292682926829,-1.0,medium,F,-1.0,0.32424855941442143,1
9116,F,Ship,-0.5,4,0.4024390243902439,0.0,medium,M,0.3333333333333333,0.38436380626070704,0
9117,A,Ship,-0.5,3,-0.10975609756097561,0.0,high,M,-1.0,0.5301354929138763,1
9118,B,Ship,-0.5,3,-0.06097560975609756,0.0,medium,F,-0.3333333333333333,0.5239059336551939,0
9119,C,Ship,-0.5,3,0.4024390243902439,-1.0,high,F,0.16666666666666666,0.13829621554275034,1
9120,F,Ship,0.0,1,0.13414634146341464,-1.0,medium,M,-0.3333333333333333,0.48746301199190156,1
9121,D,Ship,-0.5,2,-0.7804878048780488,2.5,low,F,-0.16666666666666666,0.44572496495872915,0
9122,F,Ship,0.5,3,-0.04878048780487805,2.5,medium,F,-0.5,0.06634480610496807,0
9123,A,Ship,-0.5,1,0.4024390243902439,-1.0,low,M,0.0,0.43856097181124437,0
9124,B,Ship,0.5,5,-0.573170731707317,0.0,medium,M,-1.0,0.0513938638841302,0
9125,C,Ship,0.0,5,0.23170731707317074,0.0,medium,F,-0.8333333333333334,0.10964024295281109,0
9126,F,Ship,-1.0,4,-0.12195121951219512,2.5,low,F,-0.5,0.16508332035508488,1
9127,D,Ship,0.5,1,-0.9024390243902439,2.5,medium,M,0.0,0.40118361625914967,0
9128,F,Ship,1.0,3,0.04878048780487805,2.5,high,F,-0.3333333333333333,0.06323002647562685,1
9129,A,Ship,-0.5,1,0.43902439024390244,0.0,low,F,0.0,0.1903130353527488,0
9130,B,Ship,-0.5,1,0.13414634146341464,1.0,low,F,0.5,-0.021491979442454446,1
9131,C,Ship,1.5,5,1.146341463414634,1.0,medium,M,-0.16666666666666666,-0.9294502413954213,0
9132,F,Ship,1.0,3,0.5121951219512195,1.0,low,F,0.3333333333333333,-0.9148107771375176,1
9133,D,Ship,0.0,5,0.45121951219512196,2.0,medium,F,0.0,-0.8621710014016508,0
9134,F,Ship,0.5,1,0.6829268292682927,2.0,medium,M,0.5,-0.8571873539947049,0
9135,A,Ship,1.0,1,0.9146341463414634,1.0,low,M,-0.6666666666666666,-0.9244665939884753,1
9136,B,Ship,1.0,5,0.47560975609756095,1.0,medium,M,0.16666666666666666,-0.7008254166017754,1
9137,C,Ship,1.5,3,1.1097560975609757,1.0,medium,F,-0.16666666666666666,-0.9288272854695531,0
9138,F,Ship,-0.5,5,0.06097560975609756,2.5,low,M,-1.0,-0.8581217878835072,0
9139,D,Ship,0.0,1,0.2073170731707317,2.0,medium,M,-0.16666666666666666,-0.9088926958417692,0
9140,F,Ship,1.0,5,1.024390243902439,1.0,medium,F,0.16666666666666666,-0.7444323314125526,1
9141,A,Ship,1.0,1,0.8292682926829268,1.0,low,M,0.0,-0.7447438093754867,0
9142,B,Ship,0.5,3,0.3170731707317073,2.0,low,M,-0.16666666666666666,-0.8285313814047656,0
9143,C,Ship,0.5,5,0.10975609756097561,2.0,medium,M,0.16666666666666666,-0.9397290141722473,0
9144,F,Ship,0.5,2,-0.9024390243902439,2.0,medium,M,-0.8333333333333334,-0.8185640865908737,0
9145,D,Ship,0.5,3,0.6585365853658537,2.0,medium,M,-0.3333333333333333,-0.8671546488085968,0
9146,F,Ship,1.0,3,0.7926829268292683,1.0,low,M,0.0,-0.9528110886154805,1
9147,A,Ship,0.0,3,0.13414634146341464,2.0,medium,F,-0.16666666666666666,-0.8023672325182993,0
9148,B,Ship,1.0,3,1.0,1.0,medium,M,0.0,-0.8204329543684784,0
9149,C,Ship,0.5,5,-0.6341463414634146,1.0,low,M,0.16666666666666666,-0.8839744588070394,0
9150,F,Ship,1.0,5,0.5,1.0,low,F,-0.8333333333333334,-0.9129419093599128,1
9151,D,Ship,1.5,5,0.5,1.0,low,F,0.3333333333333333,-0.8665316928827286,0
9152,F,Ship,1.0,2,0.8780487804878049,1.0,medium,M,-0.16666666666666666,-0.8076623578881794,1
9153,A,Road,1.5,2,0.6463414634146342,1.0,medium,M,0.16666666666666666,-0.8920728858433266,0
9154,B,Road,0.5,1,0.14634146341463414,2.5,low,M,-0.3333333333333333,-0.9565488241706899,0
9155,C,Road,1.0,5,0.8658536585365854,1.0,medium,F,-0.3333333333333333,-0.7843015106681203,1
9156,F,Road,1.0,3,0.7560975609756098,1.0,low,F,-0.3333333333333333,-0.7824326428905155,1
9157,D,Road,1.0,2,0.524390243902439,1.0,low,F,-0.3333333333333333,-0.8048590562217723,1
9158,F,Road,1.0,4,0.8902439024390244,1.0,medium,F,0.5,-0.7282354773399782,1
9159,A,Road,1.0,1,0.8414634146341463,2.0,low,F,0.5,-0.8861548045475782,1
9160,B,Road,1.0,3,1.1585365853658536,1.0,medium,M,-0.8333333333333334,-0.8967450552873384,1
9161,C,Road,0.0,3,0.7317073170731707,2.0,low,F,-0.6666666666666666,-0.7824326428905155,1
9162,F,Road,1.5,4,0.36585365853658536,1.0,medium,F,-0.5,-0.6840056066033328,1
9163,D,Road,0.5,3,0.0975609756097561,2.5,low,M,0.3333333333333333,-0.7765145615947672,0
9164,F,Road,1.0,1,0.6097560975609756,1.0,low,M,-0.3333333333333333,-0.7005139386388413,0
9165,A,Road,0.0,2,0.21951219512195122,2.0,medium,M,-0.6666666666666666,-0.9194829465815294,0
9166,B,Road,0.5,2,0.15853658536585366,2.5,medium,F,-0.16666666666666666,-0.7877277682603956,0
9167,C,Road,1.0,4,0.975609756097561,0.0,medium,M,0.0,-0.8391216321445257,0
9168,F,Road,1.0,4,0.5609756097560976,1.0,low,F,-1.0,-0.7058090640087213,0
9169,D,Road,0.0,3,0.5609756097560976,2.0,low,F,0.16666666666666666,-0.7453667653013549,0
9170,F,Road,1.0,1,0.7682926829268293,2.0,low,F,-0.8333333333333334,-0.9216632923220682,1
9171,A,Road,0.5,3,0.524390243902439,2.0,low,F,0.0,-0.8403675439962622,1
9172,B,Road,0.5,5,0.6951219512195121,2.5,low,M,-0.16666666666666666,-0.8406790219591964,1
9173,C,Road,1.0,1,1.146341463414634,1.0,low,F,0.0,-0.8998598349166796,1
9174,F,Road,1.5,2,0.8170731707317073,1.0,medium,F,-0.8333333333333334,-0.8902040180657218,0
9175,D,Flight,0.5,4,1.1341463414634145,2.0,low,M,0.16666666666666666,-0.6995795047500389,0
9176,F,Flight,0.5,3,0.12195121951219512,2.0,medium,M,0.3333333333333333,-0.7805637751129108,1
9177,A,Flight,0.5,5,0.23170731707317074,2.5,medium,F,-0.5,-0.6930384675284224,1
9178,B,Flight,-0.5,4,-0.4268292682926829,-1.0,medium,M,-0.3333333333333333,-0.8749415978819498,0
9179,C,Flight,0.0,3,0.6463414634146342,2.0,medium,F,0.3333333333333333,-0.8132689612209936,0
9180,F,Flight,0.5,3,0.04878048780487805,2.5,low,F,-0.16666666666666666,-0.8191870425167419,1
9181,D,Flight,1.5,3,1.0731707317073171,1.0,medium,F,0.0,-0.6958417691948294,0
9182,F,Flight,1.5,3,0.4024390243902439,1.0,medium,M,-0.3333333333333333,-0.9621554275035041,0
9183,A,Flight,1.0,3,0.6341463414634146,1.0,medium,F,0.16666666666666666,-0.8104656595545865,0
9184,B,Flight,0.5,1,0.4024390243902439,2.0,low,M,0.5,-0.8057934901105747,1
9185,C,Flight,0.0,3,0.06097560975609756,2.0,low,F,0.16666666666666666,-0.7621865752997975,1
9186,F,Flight,1.5,1,0.8902439024390244,1.0,medium,M,0.3333333333333333,-0.9341224108394331,1
9187,D,Flight,1.0,3,1.0121951219512195,2.0,low,F,-0.3333333333333333,-0.7762030836318331,0
9188,F,Flight,0.5,5,0.7195121951219512,2.0,medium,M,-0.5,-0.7948917614078804,1
9189,A,Flight,0.5,5,0.06097560975609756,2.0,low,M,-0.16666666666666666,-0.9079582619529668,0
9190,B,Flight,0.5,1,0.21951219512195122,2.0,medium,F,0.0,-0.9593521258370971,1
9191,C,Flight,0.0,4,0.6097560975609756,2.0,low,M,-0.6666666666666666,-0.7372683382650678,0
9192,F,Flight,1.0,3,0.6341463414634146,1.0,low,F,0.3333333333333333,-0.9478274412085345,1
9193,D,Flight,1.5,1,0.8048780487804879,2.0,low,M,0.5,-0.9188599906556612,1
9194,F,Flight,1.5,4,0.6097560975609756,1.0,medium,M,-0.16666666666666666,-0.8983024451020091,0
9195,A,Flight,0.0,2,0.5365853658536586,2.0,low,F,0.16666666666666666,-0.707366453823392,0
9196,B,Flight,0.5,1,0.2682926829268293,2.0,low,M,0.16666666666666666,-0.8434823236256035,0
9197,C,Ship,0.5,5,0.5853658536585366,2.0,low,M,-0.8333333333333334,-0.8861548045475782,0
9198,F,Ship,0.5,3,0.5,2.5,medium,F,-1.0,0.5372994860613611,0
9199,D,Ship,0.0,4,0.6463414634146342,1.0,low,F,0.16666666666666666,0.33328142033951097,1
9200,F,Ship,0.0,1,0.3170731707317073,1.0,low,M,0.5,0.5656439806883663,1
9201,A,Ship,0.0,2,0.012195121951219513,-1.0,high,F,0.5,-0.027410060738202773,1
9202,B,Ship,0.5,5,0.4634146341463415,2.0,low,M,0.3333333333333333,-0.004360691481077714,0
9203,C,Ship,0.0,5,-0.9512195121951219,-1.0,medium,M,-0.5,0.4245444634792088,0
9204,F,Ship,-0.5,4,0.13414634146341464,1.0,medium,F,0.3333333333333333,0.4441675751440586,0
9205,D,Ship,-0.5,3,-0.32926829268292684,2.5,low,F,-0.8333333333333334,0.12459118517364896,0
9206,F,Ship,0.0,4,-0.8536585365853658,0.0,low,M,-0.16666666666666666,-0.003737735555209469,1
9207,A,Ship,-0.5,2,0.14634146341463414,-1.0,low,M,0.5,0.03270518610808285,0
9208,B,Ship,0.5,2,0.18292682926829268,0.0,low,F,-0.6666666666666666,0.2389035975704719,0
9209,C,Ship,-0.5,3,0.5,0.0,low,M,-0.5,0.14919794424544464,1
9210,F,Ship,0.5,3,0.15853658536585366,2.0,medium,F,0.3333333333333333,0.26195296682759694,0
9211,D,Ship,0.5,1,0.4146341463414634,0.0,medium,M,-0.16666666666666666,0.2902974614546021,1
9212,F,Ship,-0.5,2,-0.7682926829268293,-1.0,low,F,-0.6666666666666666,0.19000155738981467,0
9213,A,Ship,0.0,5,-0.3170731707317073,0.0,medium,M,0.16666666666666666,-0.007475471110418938,0
9214,B,Ship,0.0,2,-0.6585365853658537,-1.0,medium,M,-0.6666666666666666,0.048279084254788975,1
9215,C,Ship,0.0,2,-0.7073170731707317,0.0,low,F,-1.0,0.3775112910761564,0
9216,F,Ship,-0.5,4,-0.6341463414634146,0.0,medium,M,0.0,0.36256034885531846,0
9217,D,Ship,0.0,4,0.6829268292682927,0.0,low,F,-0.5,0.5416601775424389,0
9218,F,Ship,0.0,5,-0.17073170731707318,1.0,medium,F,-0.8333333333333334,0.24855941442142968,0
9219,A,Ship,-0.5,3,0.12195121951219512,1.0,medium,M,0.5,-0.0006229559258682448,0
9220,B,Ship,0.0,4,-0.8292682926829268,1.0,medium,M,0.0,0.2504282821990344,1
9221,C,Ship,0.5,3,-0.7073170731707317,0.0,low,F,-0.16666666666666666,0.3370191558947204,1
9222,F,Ship,0.0,3,0.25609756097560976,0.0,medium,F,-0.5,0.49805326273166173,1
9223,D,Ship,0.0,1,0.2073170731707317,0.0,medium,M,-0.3333333333333333,-0.009655816850957795,1
9224,F,Ship,0.0,5,-0.8902439024390244,-1.0,low,F,0.5,0.5475782588381872,1
9225,A,Ship,-0.5,1,-0.43902439024390244,1.0,medium,M,0.3333333333333333,0.49151222551004514,1
9226,B,Ship,0.5,4,0.36585365853658536,2.5,high,F,-0.6666666666666666,-0.018688677776047345,0
9227,C,Ship,0.0,2,0.4024390243902439,-1.0,medium,M,0.0,0.25105123812490265,1
9228,F,Ship,-0.5,1,-1.0,0.0,medium,F,-0.3333333333333333,0.5696931942065099,0
9229,D,Ship,0.0,5,-0.2926829268292683,0.0,medium,M,-0.16666666666666666,0.1625914966516119,1
9230,F,Ship,-0.5,2,-1.2317073170731707,2.0,medium,M,-1.0,0.5743653636505217,0
9231,A,Ship,0.5,5,0.47560975609756095,-1.0,high,F,-0.6666666666666666,0.21865752997975393,0
9232,B,Ship,0.0,3,0.25609756097560976,0.0,medium,F,-0.5,0.18377199813113224,0
9233,C,Ship,-0.5,3,0.6097560975609756,-1.0,low,M,-0.16666666666666666,-0.014639464257903754,0
9234,F,Ship,-0.5,5,0.8780487804878049,2.5,medium,M,-0.6666666666666666,0.08565643980688366,0
9235,D,Ship,0.0,3,-0.8902439024390244,0.0,medium,F,-0.6666666666666666,0.03114779629341224,0
9236,F,Ship,0.0,2,0.35365853658536583,0.0,low,M,-0.6666666666666666,0.48403675439962623,0
9237,A,Ship,0.5,4,-0.06097560975609756,1.0,low,F,0.5,0.40865908736956863,0
9238,B,Ship,0.0,4,0.3902439024390244,-1.0,medium,F,-0.8333333333333334,0.15075533406011524,1
9239,C,Ship,0.0,3,0.524390243902439,0.0,medium,M,-1.0,0.48839744588070394,1
9240,F,Ship,0.0,2,0.036585365853658534,-1.0,medium,F,0.16666666666666666,0.23610029590406478,1
9241,D,Ship,0.0,4,0.3902439024390244,0.0,low,M,0.3333333333333333,0.2778383429372372,0
9242,F,Ship,0.0,4,-0.5853658536585366,2.5,low,F,-0.16666666666666666,-0.015262420183771998,1
9243,A,Ship,-0.5,3,-0.3780487804878049,-1.0,low,F,-0.6666666666666666,0.3239370814514873,0
9244,B,Ship,0.0,5,-0.9512195121951219,-1.0,medium,M,-0.5,0.5525619062451331,1
9245,C,Ship,0.0,1,0.12195121951219512,-1.0,low,M,0.5,0.1569848933187977,1
9246,F,Ship,0.0,3,-0.4878048780487805,0.0,medium,M,-0.8333333333333334,-0.02491823703472979,1
9247,D,Ship,0.0,5,-0.06097560975609756,0.0,medium,F,-0.5,0.2055754555365208,0
9248,F,Ship,0.0,3,0.5121951219512195,-1.0,medium,F,-0.6666666666666666,0.16508332035508488,1
9249,A,Ship,0.0,2,0.2073170731707317,1.0,medium,M,0.3333333333333333,0.32549447126615794,0
9250,B,Ship,-1.0,1,0.17073170731707318,-1.0,low,F,-0.8333333333333334,0.4005606603332814,0
9251,C,Ship,0.0,2,-0.1951219512195122,0.0,medium,M,0.5,0.4167575144058558,1
9252,F,Ship,0.5,5,0.10975609756097561,0.0,medium,F,-0.6666666666666666,0.07257436536365053,0
9253,D,Ship,-0.5,4,0.524390243902439,1.0,medium,F,0.16666666666666666,0.19654259461143125,0
9254,F,Ship,0.0,4,0.6219512195121951,0.0,low,M,0.5,0.18439495405700046,0
9255,A,Ship,-0.5,3,0.5365853658536586,0.0,medium,F,0.0,-0.025229714997663914,1
9256,B,Ship,-0.5,2,0.7073170731707317,0.0,low,M,0.0,0.4697087681046566,1
9257,C,Ship,0.5,3,0.7195121951219512,1.0,medium,M,-1.0,0.3021336240460987,0
9258,F,Ship,-0.5,5,0.8902439024390244,2.0,high,M,-1.0,0.3469864507086124,1
9259,D,Ship,0.5,1,-0.4634146341463415,1.0,low,F,-1.0,0.03768883351502881,1
9260,F,Ship,0.5,4,-0.9512195121951219,0.0,medium,M,-0.5,0.3937081451487307,0
9261,A,Ship,-0.5,5,-0.12195121951219512,-1.0,low,F,-1.0,-0.03862326740383118,1
9262,B,Ship,0.0,3,-0.012195121951219513,0.0,medium,M,-0.8333333333333334,0.39962622644447904,1
9263,C,Ship,-0.5,3,-0.6585365853658537,0.0,low,M,-1.0,0.1931163370191559,0
9264,F,Ship,-0.5,5,-0.8048780487804879,-1.0,medium,F,0.3333333333333333,0.2946581529356798,1
9265,D,Ship,0.0,3,0.5,1.0,medium,F,0.5,0.18408347609406633,0
9266,F,Ship,-0.5,3,-0.024390243902439025,0.0,medium,M,0.5,0.4905777916212428,1
9267,A,Ship,-0.5,3,0.036585365853658534,0.0,medium,M,0.5,0.4018065721850179,0
9268,B,Ship,0.0,2,-0.8414634146341463,0.0,medium,F,0.0,0.5214141099517209,0
9269,C,Ship,-0.5,1,-0.5365853658536586,0.0,high,F,-0.16666666666666666,0.49867621865753,0
9270,F,Ship,-0.5,2,0.36585365853658536,0.0,high,F,-0.3333333333333333,0.5083320355084878,1
9271,D,Ship,-0.5,1,-0.7682926829268293,1.0,medium,M,-0.8333333333333334,0.2700513938638841,0
9272,F,Ship,0.0,1,-0.14634146341463414,0.0,low,M,0.5,0.09500077869490733,0
9273,A,Ship,0.0,1,-0.23170731707317074,0.0,medium,M,-0.8333333333333334,0.16601775424388723,0
9274,B,Ship,-0.5,3,-0.7804878048780488,0.0,medium,M,0.3333333333333333,0.5304469708768105,0
9275,C,Ship,0.0,3,0.13414634146341464,-1.0,medium,F,0.5,0.4279707210714842,1
9276,F,Ship,0.0,5,-0.8780487804878049,1.0,medium,F,-0.16666666666666666,0.2734776514561595,0
9277,D,Ship,-0.5,3,0.5853658536585366,1.0,low,M,-0.3333333333333333,0.19716555053729948,0
9278,F,Ship,-0.5,1,0.45121951219512196,2.5,medium,M,0.5,0.2376576857187354,0
9279,A,Ship,0.5,5,0.08536585365853659,-1.0,medium,M,0.5,0.03301666407101698,1
9280,B,Ship,-0.5,2,-0.14634146341463414,-1.0,medium,F,0.0,0.36723251829933035,0
9281,C,Ship,0.0,3,0.024390243902439025,1.0,medium,M,-0.6666666666666666,0.18719825572340756,0
9282,F,Ship,0.0,2,0.3048780487804878,0.0,low,F,-0.5,0.5503815605045943,0
9283,D,Ship,-1.0,3,-0.2682926829268293,0.0,low,M,-0.5,0.42828219903441833,0
9284,F,Ship,-0.5,4,-0.35365853658536583,-1.0,medium,M,-0.3333333333333333,0.13237813424700204,0
9285,A,Ship,0.5,4,0.25609756097560976,0.0,low,M,-0.6666666666666666,0.08160722628874008,1
9286,B,Ship,-0.5,2,0.47560975609756095,-1.0,low,M,0.16666666666666666,0.4544463479208846,0
9287,C,Ship,-0.5,4,-0.4146341463414634,0.0,low,M,-0.8333333333333334,0.47033172403052487,1
9288,F,Ship,-0.5,5,-0.7804878048780488,-1.0,medium,M,0.5,0.32331412552561906,0
9289,D,Ship,0.0,2,-0.5609756097560976,2.5,medium,F,0.3333333333333333,-0.037065877589160565,0
9290,F,Road,0.5,4,0.7317073170731707,0.0,medium,F,-1.0,-0.037065877589160565,0
9291,A,Road,-0.5,2,-0.4268292682926829,0.0,medium,M,0.3333333333333333,0.3348388101541816,1
9292,B,Road,1.0,1,0.2804878048780488,2.0,medium,M,-0.6666666666666666,0.35819965737424075,1
9293,C,Road,-0.5,4,-0.6585365853658537,0.0,low,M,0.5,0.14109951720915745,0
9294,F,Road,0.0,1,0.13414634146341464,-1.0,low,M,-0.5,-0.014639464257903754,0
9295,D,Road,0.0,2,0.036585365853658534,-1.0,low,M,-0.5,0.43295436847843016,0
9296,F,Road,-0.5,5,0.5975609756097561,0.0,medium,M,-1.0,0.15449306961532472,0
9297,A,Road,0.0,4,-1.048780487804878,2.5,medium,F,-0.6666666666666666,0.4080361314437004,0
9298,B,Road,-0.5,3,-0.573170731707317,0.0,low,F,0.16666666666666666,0.08441052795514717,0
9299,C,Road,-0.5,2,0.08536585365853659,-1.0,low,F,0.5,0.05077090795826195,0
9300,F,Road,-0.5,3,-0.5,-1.0,low,M,-0.3333333333333333,0.17255879146550382,0
9301,D,Road,0.0,2,-0.7926829268292683,2.5,low,F,-0.16666666666666666,0.23516586201526243,0
9302,F,Road,-0.5,5,0.24390243902439024,-1.0,medium,F,0.16666666666666666,0.3401339355240617,1
9303,A,Road,-0.5,3,0.2804878048780488,0.0,medium,M,-0.16666666666666666,0.23952655349634014,0
9304,B,Road,-1.0,4,0.6707317073170732,1.0,low,M,-0.8333333333333334,0.036754399626226446,1
9305,C,Road,-0.5,5,-0.3902439024390244,0.0,high,M,-0.3333333333333333,0.010590250739760162,1
9306,F,Road,1.0,3,-0.18292682926829268,1.0,medium,F,-1.0,0.32860925089549914,0
9307,D,Road,0.0,1,0.6097560975609756,1.0,low,F,-0.16666666666666666,0.2223952655349634,0
9308,F,Road,1.0,5,-0.573170731707317,0.0,low,F,-0.8333333333333334,0.5021024762498053,1
9309,A,Road,0.0,4,-0.7195121951219512,0.0,medium,F,-0.16666666666666666,0.5073976016196854,1
9310,B,Road,0.5,1,0.7317073170731707,-1.0,high,F,0.16666666666666666,0.15511602554119297,1
9311,C,Road,0.0,1,-0.012195121951219513,2.0,low,M,0.5,0.4183149042205264,0
9312,F,Flight,-0.5,2,-0.12195121951219512,-1.0,high,M,0.16666666666666666,0.12864039869179256,1
9313,D,Flight,0.5,2,0.5487804878048781,-1.0,medium,M,0.0,0.19155894720448527,0
9314,F,Flight,-0.5,1,-0.4878048780487805,0.0,medium,F,-0.8333333333333334,0.25634636349478274,0
9315,A,Flight,-0.5,1,0.1951219512195122,-1.0,low,F,-0.5,0.07413175517832113,1
9316,B,Flight,0.5,4,0.5609756097560976,1.0,low,M,-0.5,0.5488241706899237,1
9317,C,Flight,0.0,5,-0.4634146341463415,-1.0,low,F,-1.0,0.0018688677776047345,0
9318,F,Flight,0.5,2,0.036585365853658534,-1.0,medium,F,-0.16666666666666666,-0.00903286092508955,1
9319,D,Flight,0.0,2,0.06097560975609756,0.0,low,F,0.3333333333333333,0.48403675439962623,0
9320,F,Flight,0.0,1,-0.3048780487804878,0.0,medium,M,-0.3333333333333333,-0.004983647406945959,0
9321,A,Flight,0.0,1,0.4634146341463415,1.0,low,F,0.0,0.4080361314437004,1
9322,B,Flight,-0.5,2,-0.3048780487804878,0.0,medium,F,-0.8333333333333334,0.0009344338888023672,1
9323,C,Flight,0.5,2,-0.6707317073170732,0.0,low,M,-0.3333333333333333,0.2432642890515496,0
9324,F,Flight,0.0,2,0.5853658536585366,0.0,low,M,-0.16666666666666666,0.3837408503348388,0
9325,D,Flight,1.0,1,-0.2804878048780488,2.0,low,M,0.16666666666666666,0.31365830867466127,1
9326,F,Flight,0.0,1,0.6951219512195121,1.0,medium,F,-0.8333333333333334,-0.004983647406945959,1
9327,A,Flight,0.0,5,-0.21951219512195122,2.0,low,F,-0.8333333333333334,0.526709235321601,0
9328,B,Flight,0.0,3,0.573170731707317,2.5,low,F,-0.16666666666666666,0.2862482479364585,0
9329,C,Flight,0.0,5,0.23170731707317074,2.5,medium,M,-1.0,0.3535274879302289,0
9330,F,Flight,0.5,4,0.25609756097560976,1.0,low,M,-0.3333333333333333,0.1111976327674817,0
9331,D,Flight,-0.5,2,-0.7317073170731707,0.0,low,F,0.16666666666666666,0.3114779629341224,1
9332,F,Flight,0.0,5,-0.573170731707317,1.0,low,M,-0.6666666666666666,0.1585422831334683,0
9333,A,Flight,1.0,4,-0.8536585365853658,1.0,low,F,-0.3333333333333333,0.150132378134247,0
9334,B,Ship,0.5,3,-0.24390243902439024,1.0,low,M,0.3333333333333333,0.5301354929138763,0
9335,C,Ship,0.5,4,0.34146341463414637,1.0,medium,F,-0.3333333333333333,0.3818719825572341,0
9336,F,Ship,-0.5,3,-0.8536585365853658,0.0,medium,M,0.16666666666666666,0.49151222551004514,0
9337,D,Ship,0.5,4,-0.6951219512195121,2.5,medium,F,0.3333333333333333,0.038311789440897054,0
9338,F,Ship,0.0,3,-0.36585365853658536,2.5,medium,M,-0.3333333333333333,0.5516274723563308,1
9339,A,Ship,0.5,1,-0.7682926829268293,0.0,medium,M,-0.8333333333333334,0.007163993147484816,1
9340,B,Ship,0.0,1,-0.47560975609756095,0.0,medium,M,-0.8333333333333334,0.5332502725432176,0
9341,C,Ship,-0.5,2,-0.45121951219512196,0.0,low,F,-0.3333333333333333,0.5581685095779474,0
9342,F,Ship,1.0,1,-0.8902439024390244,0.0,low,F,-0.8333333333333334,0.3099205731194518,0
9343,D,Ship,0.0,2,-0.04878048780487805,0.0,low,M,-0.3333333333333333,0.1859523438716711,0
9344,F,Ship,-1.0,4,0.12195121951219512,-1.0,low,M,0.16666666666666666,0.18844416757514407,0
9345,A,Ship,0.0,1,0.47560975609756095,0.0,medium,F,0.3333333333333333,0.4214296838498676,1
9346,B,Ship,0.0,1,-0.6951219512195121,-1.0,medium,F,0.0,0.1685095779473602,1
9347,C,Ship,-0.5,2,-0.5121951219512195,0.0,medium,F,0.16666666666666666,0.259461143124124,1
9348,F,Ship,-0.5,5,-0.25609756097560976,2.5,high,M,-0.16666666666666666,0.3420028033016664,1
9349,D,Ship,1.0,2,0.5,1.0,low,M,0.3333333333333333,-0.9319420650988942,0
9350,F,Ship,1.5,5,0.5,1.0,low,F,-0.8333333333333334,-0.7235633078959663,1
9351,A,Ship,1.0,4,0.8780487804878049,1.0,medium,F,-1.0,-0.8033016664071017,0
9352,B,Ship,1.5,1,0.6463414634146342,1.0,medium,M,0.3333333333333333,-0.8995483569537456,1
9353,C,Ship,0.5,4,0.14634146341463414,2.5,low,F,-0.6666666666666666,-0.9113845195452421,1
9354,F,Ship,1.0,3,0.8658536585365854,1.0,medium,F,-1.0,-0.7920884597414732,0
9355,D,Ship,1.0,4,0.7560975609756098,1.0,low,M,-0.5,-0.7746456938171624,1
9356,F,Ship,1.0,4,0.524390243902439,1.0,low,F,-0.5,-0.8403675439962622,0
9357,A,Ship,1.0,4,0.8902439024390244,1.0,medium,M,0.0,-0.9369257125058402,1
9358,B,Ship,1.0,1,0.8414634146341463,2.0,low,F,0.3333333333333333,-0.8839744588070394,1
9359,C,Ship,1.0,1,1.1585365853658536,1.0,medium,F,0.5,-0.6992680267871048,1
9360,F,Ship,0.0,5,0.7317073170731707,2.0,low,M,0.0,-0.9107615636193739,0
9361,D,Ship,1.5,2,0.36585365853658536,1.0,medium,F,0.16666666666666666,-0.8322691169599751,1
9362,F,Ship,0.5,4,0.0975609756097561,2.5,low,F,0.3333333333333333,-0.9799096713907491,0
9363,A,Ship,1.0,1,0.6097560975609756,1.0,low,M,0.3333333333333333,-0.9051549602865597,0
9364,B,Ship,0.0,1,0.21951219512195122,2.0,medium,F,0.0,-0.7008254166017754,1
9365,C,Ship,0.5,1,0.036585365853658534,-1.0,medium,F,0.5,0.035819965737424075,0
9366,F,Ship,0.0,5,0.06097560975609756,0.0,low,F,-1.0,0.3339043762653792,0
9367,D,Ship,0.0,3,-0.3048780487804878,0.0,medium,F,-0.5,0.4560037377355552,1
9368,F,Ship,0.0,2,0.4634146341463415,1.0,low,M,-1.0,0.17318174739137207,1
9369,A,Ship,-0.5,3,-0.3048780487804878,0.0,medium,F,-1.0,0.5441520012459119,1
9370,B,Ship,0.5,3,-0.6707317073170732,0.0,low,M,0.0,0.4089705653325027,1
9371,C,Ship,0.0,3,0.5853658536585366,0.0,low,F,-0.6666666666666666,0.008409904999221306,0
9372,F,Ship,1.0,2,-0.2804878048780488,2.0,low,M,-1.0,0.0513938638841302,0
9373,D,Ship,0.0,5,0.6951219512195121,1.0,medium,M,0.3333333333333333,0.28282199034418315,0
9374,F,Ship,0.0,2,-0.21951219512195122,2.0,low,M,-0.3333333333333333,0.26319887867933345,0
9375,A,Ship,0.0,1,0.573170731707317,2.5,low,F,-0.16666666666666666,0.5332502725432176,0
9376,B,Ship,0.0,1,0.23170731707317074,2.5,medium,F,-0.8333333333333334,0.3915277994081919,0
9377,C,Ship,0.5,4,0.25609756097560976,1.0,low,M,0.5,0.22769039090484347,0
9378,F,Ship,-0.5,1,-0.7317073170731707,0.0,low,M,-0.3333333333333333,0.1778539168353839,1
9379,D,Ship,0.0,4,-0.573170731707317,1.0,low,M,-0.8333333333333334,0.5478897368011213,1
9380,F,Ship,1.0,1,-0.8536585365853658,1.0,low,F,-0.3333333333333333,0.302756579971967,0
9381,A,Ship,0.5,2,-0.24390243902439024,1.0,low,M,0.16666666666666666,0.46752842236411774,1
9382,B,Ship,0.5,3,0.34146341463414637,1.0,medium,F,0.16666666666666666,0.08129574832580595,1
9383,C,Ship,-0.5,5,-0.8536585365853658,0.0,medium,F,0.3333333333333333,0.5491356486528578,0
9384,F,Ship,0.5,4,-0.6951219512195121,2.5,medium,M,-0.6666666666666666,0.17878835072418625,0
9385,D,Ship,0.0,1,-0.36585365853658536,2.5,medium,F,-0.16666666666666666,0.2513627160878368,0
9386,F,Ship,0.5,1,-0.7682926829268293,0.0,medium,F,0.3333333333333333,0.4728235477339978,0
9387,A,Ship,0.0,4,-0.47560975609756095,0.0,medium,M,-0.8333333333333334,-0.04516430462544775,0
9388,B,Ship,-0.5,2,-0.45121951219512196,0.0,low,F,0.3333333333333333,0.39806883662980846,0
9389,C,Ship,1.0,3,-0.8902439024390244,0.0,low,M,0.0,0.33421585422831335,1
9390,F,Ship,0.0,2,-0.04878048780487805,0.0,low,F,0.3333333333333333,-0.014639464257903754,1
9391,D,Ship,-1.0,3,0.12195121951219512,-1.0,low,F,-0.3333333333333333,0.28064164460364427,0
9392,F,Ship,0.0,4,0.47560975609756095,0.0,medium,F,-0.5,0.33857654570939105,0
9393,A,Ship,0.0,5,-0.6951219512195121,-1.0,medium,F,-1.0,0.28188755645538077,0
9394,B,Ship,-0.5,1,-0.5121951219512195,0.0,medium,M,-0.3333333333333333,0.48185640865908735,1
9395,C,Ship,-0.5,1,-0.25609756097560976,2.5,high,F,-1.0,0.09655816850957795,0
9396,F,Ship,1.0,3,0.5,1.0,low,M,-0.16666666666666666,-0.7771375175206354,1
9397,D,Ship,1.5,5,0.5,1.0,low,M,0.0,-0.9484503971344027,0
9398,F,Ship,1.0,4,0.8780487804878049,1.0,medium,F,-1.0,-0.8129574832580595,1
9399,A,Ship,1.5,3,0.6463414634146342,1.0,medium,F,0.5,-0.8101541815916524,0
9400,B,Ship,0.5,4,0.14634146341463414,2.5,low,M,-1.0,-0.8789908114000935,0
9401,C,Ship,1.0,4,0.8658536585365854,1.0,medium,M,-0.5,-0.9048434823236257,1
9402,F,Ship,1.0,3,0.7560975609756098,1.0,low,F,0.16666666666666666,-0.7459897212272232,1
9403,D,Ship,1.0,3,0.524390243902439,1.0,low,F,-0.8333333333333334,-0.7646783990032705,0
9404,F,Ship,1.0,1,0.8902439024390244,1.0,medium,M,-0.3333333333333333,-0.7344650365986607,1
9405,A,Ship,1.0,1,0.8414634146341463,2.0,low,F,-0.3333333333333333,-0.888023672325183,0
9406,B,Ship,1.0,2,1.1585365853658536,1.0,medium,F,0.16666666666666666,-0.6911695997508176,0
9407,C,Ship,0.0,1,0.7317073170731707,2.0,low,F,-0.3333333333333333,-0.7998754088148263,1
9408,F,Ship,1.5,3,0.36585365853658536,1.0,medium,M,0.5,-0.7849244665939885,0
9409,D,Ship,0.5,5,0.0975609756097561,2.5,low,M,-1.0,-0.6812023049369257,0
9410,F,Ship,1.5,1,0.6097560975609756,1.0,medium,F,-0.3333333333333333,-0.9067123501012303,0
9411,A,Ship,0.0,4,0.5365853658536586,2.0,low,M,0.0,-0.8995483569537456,1
9412,B,Ship,0.5,5,0.2682926829268293,2.0,low,F,0.0,-0.9381716243575767,0
9413,C,Ship,1.0,3,1.0975609756097562,1.0,low,F,0.3333333333333333,-0.8559414421429684,0
9414,F,Ship,1.0,3,0.36585365853658536,2.0,medium,F,-0.3333333333333333,-0.9521881326896122,0
9415,D,Ship,1.5,1,1.0609756097560976,1.0,low,M,0.5,-0.7101697554897991,0
9416,F,Ship,0.0,4,0.7439024390243902,2.0,medium,M,-0.3333333333333333,-0.9444011836162591,0
9417,A,Ship,0.5,4,0.2682926829268293,2.0,low,M,-0.16666666666666666,-0.722628874007164,1
9418,B,Ship,1.0,3,0.8780487804878049,1.0,medium,M,-0.5,-0.9282043295436848,0
9419,C,Ship,0.5,4,0.2926829268292683,2.5,low,M,-0.16666666666666666,-0.7160878367855474,1
9420,F,Ship,1.5,3,1.048780487804878,1.0,medium,F,-0.3333333333333333,-0.9048434823236257,0
9421,D,Ship,1.0,2,0.9512195121951219,1.0,medium,M,-0.8333333333333334,-0.9344338888023672,1
9422,F,Ship,0.5,2,-0.5121951219512195,-1.0,low,M,0.3333333333333333,-0.9506307428749416,0
9423,A,Ship,-1.0,1,-0.4024390243902439,2.0,medium,M,-0.6666666666666666,-0.9690079426880548,0
9424,B,Ship,1.5,5,0.9146341463414634,1.0,low,M,0.3333333333333333,-0.6992680267871048,0
9425,C,Ship,1.5,5,0.5121951219512195,1.0,medium,M,-0.5,-0.9375486684317085,1
9426,F,Ship,0.0,5,0.45121951219512196,2.0,medium,M,0.5,-0.7681046565955458,1
9427,D,Road,1.0,5,0.3780487804878049,1.0,low,M,-0.6666666666666666,-0.7578258838187198,0
9428,F,Road,0.5,2,0.6341463414634146,2.0,medium,M,0.16666666666666666,-0.8665316928827286,0
9429,A,Road,0.0,1,0.07317073170731707,2.0,low,F,0.3333333333333333,-0.7263666095623734,0
9430,B,Road,0.0,2,0.7317073170731707,2.0,low,F,0.16666666666666666,-0.9042205263977574,0
9431,C,Road,1.5,5,1.0609756097560976,1.0,low,M,0.3333333333333333,-0.7752686497430307,1
9432,F,Road,1.0,5,0.8658536585365854,1.0,low,M,0.16666666666666666,-0.972122722317396,1
9433,D,Road,1.0,3,0.6951219512195121,1.0,low,F,-0.8333333333333334,-0.8674661267715309,1
9434,F,Road,0.0,3,0.32926829268292684,2.0,low,F,-0.8333333333333334,-0.8431708456626694,0
9435,A,Road,-0.5,1,-0.8292682926829268,2.0,low,M,0.5,-0.7512848465971033,0
9436,B,Road,1.0,4,0.5121951219512195,1.0,medium,F,0.3333333333333333,-0.7344650365986607,0
9437,C,Road,1.0,2,0.25609756097560976,2.0,low,F,-0.3333333333333333,-0.9649587291699112,1
9438,F,Road,0.5,5,0.7439024390243902,0.0,low,F,0.3333333333333333,-0.7656128328920729,1
9439,D,Road,1.0,4,-0.10975609756097561,1.0,low,F,0.5,-0.6774645693817163,1
9440,F,Road,0.5,4,0.36585365853658536,2.0,medium,F,-1.0,-0.8811711571406323,0
9441,A,Road,0.5,2,0.6707317073170732,2.5,medium,F,-0.3333333333333333,-0.9506307428749416,0
9442,B,Road,0.0,1,0.2926829268292683,2.0,medium,F,-0.6666666666666666,-0.6964647251206977,0
9443,C,Road,0.5,4,0.036585365853658534,2.0,low,F,0.16666666666666666,-0.7307273010434512,0
9444,F,Road,0.5,2,0.5365853658536586,2.0,low,M,-0.6666666666666666,-0.7241862638218346,0
9445,D,Road,1.5,1,0.6707317073170732,2.0,medium,F,-0.3333333333333333,-0.8556299641800342,0
9446,F,Road,0.0,2,0.5487804878048781,2.0,low,M,-0.16666666666666666,-0.7232518299330323,1
9447,A,Road,1.0,5,0.5609756097560976,1.0,low,F,0.16666666666666666,-0.872761252141411,1
9448,B,Road,0.5,5,0.15853658536585366,2.0,medium,F,-0.8333333333333334,-0.8450397134402741,1
9449,C,Flight,0.0,2,0.10975609756097561,2.5,low,F,0.5,-0.7783834293723719,1
9450,F,Flight,0.5,2,0.08536585365853659,2.0,medium,M,0.5,-0.9310076312100919,0
9451,D,Flight,1.5,4,1.0,1.0,low,F,0.5,-0.9705653325027255,0
9452,F,Flight,0.5,3,0.17073170731707318,2.0,high,M,0.3333333333333333,-0.6930384675284224,0
9453,A,Flight,0.0,4,0.7439024390243902,2.0,medium,M,0.0,-0.8057934901105747,1
9454,B,Flight,0.5,3,0.1951219512195122,2.0,medium,M,-0.5,-0.9425323158386544,0
9455,C,Flight,0.5,1,0.32926829268292684,2.0,medium,M,-0.6666666666666666,-0.8627939573275191,0
9456,F,Flight,0.0,2,0.6829268292682927,2.0,low,F,-0.3333333333333333,-0.748170066967762,1
9457,D,Flight,1.0,4,0.6097560975609756,2.0,medium,F,0.0,-0.9123189534340446,1
9458,F,Flight,0.0,4,0.5609756097560976,2.0,low,F,-0.3333333333333333,-0.9254010278772777,1
9459,A,Flight,0.5,1,0.6951219512195121,2.0,low,M,-0.5,-0.8708923843638062,0
9460,B,Flight,0.5,5,0.8780487804878049,1.0,high,F,0.5,-0.9587291699112288,1
9461,C,Flight,1.0,1,0.7926829268292683,1.0,low,F,-0.5,-0.8989254010278773,1
9462,F,Flight,1.0,3,0.6951219512195121,1.0,low,F,-0.16666666666666666,-0.6899236878990811,0
9463,D,Flight,-0.5,5,-0.0975609756097561,1.0,low,M,-0.16666666666666666,0.2769039090484348,0
9464,F,Flight,0.5,2,-0.10975609756097561,0.0,medium,F,-1.0,0.06291854851269273,0
9465,A,Flight,0.5,2,0.23170731707317074,0.0,medium,F,0.5,0.026164148886466284,1
9466,B,Flight,0.5,1,-0.08536585365853659,0.0,low,F,-1.0,-0.011524684628562529,0
9467,C,Flight,0.0,1,-0.4878048780487805,1.0,low,M,-0.6666666666666666,0.3569537455225043,0
9468,F,Flight,-0.5,4,-0.2804878048780488,0.0,medium,F,0.5,0.1613455847998754,0
9469,D,Flight,0.0,4,-0.7073170731707317,-1.0,medium,F,0.0,0.557234075689145,0
9470,F,Flight,0.0,4,-0.9390243902439024,0.0,medium,F,0.16666666666666666,-0.02585267092353216,1
9471,A,Ship,-0.5,3,0.45121951219512196,0.0,low,M,0.16666666666666666,0.030213362404609874,0
9472,B,Ship,0.5,3,-0.24390243902439024,0.0,low,M,0.0,0.43482323625603486,0
9473,C,Ship,0.0,1,-0.8902439024390244,0.0,low,F,-0.16666666666666666,0.3501012303379536,0
9474,F,Ship,0.5,1,-0.9390243902439024,0.0,medium,F,0.5,0.15324715776358822,0
9475,D,Ship,-0.5,1,0.08536585365853659,0.0,medium,M,0.5,0.48185640865908735,1
9476,F,Ship,-0.5,1,0.6829268292682927,-1.0,medium,M,-0.16666666666666666,0.25447749571717804,0
9477,A,Ship,-0.5,3,-0.9878048780487805,0.0,low,F,-0.8333333333333334,0.24201837719981312,0
9478,B,Ship,0.0,4,-0.4024390243902439,0.0,medium,F,0.3333333333333333,0.08596791776981778,1
9479,C,Ship,1.0,4,-0.8170731707317073,0.0,low,M,-0.5,0.12459118517364896,1
9480,F,Ship,0.0,3,0.43902439024390244,-1.0,high,F,0.5,0.2292477807195141,1
9481,D,Ship,-0.5,5,-0.36585365853658536,-1.0,high,M,-0.6666666666666666,0.22862482479364585,0
9482,F,Ship,0.5,1,0.24390243902439024,0.0,low,F,-0.5,0.2753465192337642,0
9483,A,Ship,-0.5,3,-1.0731707317073171,2.5,low,M,0.16666666666666666,0.29123189534340443,1
9484,B,Ship,-0.5,2,0.32926829268292684,0.0,medium,F,0.3333333333333333,0.047344650365986604,0
9485,C,Ship,-0.5,5,0.04878048780487805,-1.0,medium,F,-0.16666666666666666,-0.023983803145927424,0
9486,F,Ship,-0.5,5,-1.4146341463414633,0.0,medium,F,-0.6666666666666666,0.43731505995950787,1
9487,D,Ship,-0.5,5,-0.036585365853658534,-1.0,medium,F,0.3333333333333333,0.1333125681358044,1
9488,F,Ship,0.0,2,0.024390243902439025,0.0,low,M,-0.8333333333333334,0.18719825572340756,1
9489,A,Ship,-0.5,3,-0.13414634146341464,0.0,medium,F,-0.5,0.43575767014483724,0
9490,B,Ship,-0.5,4,0.6341463414634146,0.0,medium,M,0.3333333333333333,0.5478897368011213,1
9491,C,Ship,0.0,1,-0.7195121951219512,0.0,medium,M,0.3333333333333333,0.09157452110263199,0
9492,F,Ship,-0.5,5,-0.7073170731707317,-1.0,medium,F,0.16666666666666666,0.529201059025074,0
9493,D,Ship,0.5,2,-0.5487804878048781,2.0,medium,F,-0.8333333333333334,0.12241083943311011,0
9494,F,Ship,0.0,5,0.32926829268292684,1.0,medium,F,0.5,-0.007163993147484816,1
9495,A,Ship,0.0,5,-0.18292682926829268,1.0,medium,M,-1.0,0.4472823547733998,1
9496,B,Ship,0.0,3,-0.36585365853658536,0.0,low,F,0.3333333333333333,0.45257748014327986,0
9497,C,Ship,-0.5,3,0.08536585365853659,0.0,low,F,-0.3333333333333333,0.07444323314125526,0
9498,F,Ship,0.0,3,0.5365853658536586,0.0,medium,F,0.0,0.22987073664538235,1
9499,D,Ship,0.5,4,-0.25609756097560976,0.0,medium,M,-0.6666666666666666,0.12770596480299018,0
9500,F,Ship,-1.0,2,-0.7073170731707317,1.0,high,M,0.3333333333333333,0.010901728702694284,1
9501,A,Ship,0.0,2,-0.15853658536585366,0.0,medium,F,-0.5,0.1445257748014328,0
9502,B,Ship,0.0,2,-0.524390243902439,0.0,medium,M,-0.5,0.5326273166173493,0
9503,C,Ship,-0.5,4,-0.25609756097560976,2.5,low,M,-0.8333333333333334,0.44697087681046566,0
9504,F,Ship,0.5,2,0.4878048780487805,-1.0,medium,M,-0.5,0.009655816850957795,1
9505,D,Ship,0.0,4,0.45121951219512196,0.0,medium,F,0.3333333333333333,0.374085033483881,1
9506,F,Ship,0.5,3,-0.524390243902439,0.0,low,F,0.0,0.24824793645849555,0
9507,A,Ship,0.0,1,0.35365853658536583,0.0,medium,M,0.5,0.5242174116181281,0
9508,B,Ship,-0.5,4,0.47560975609756095,0.0,medium,M,-0.5,0.03737735555209469,0
9509,C,Ship,-0.5,5,-0.9390243902439024,0.0,low,M,-0.6666666666666666,0.419872294035197,1
9510,F,Ship,0.5,2,-0.7926829268292683,-1.0,low,F,-0.16666666666666666,0.15947671702227068,0
9511,D,Ship,0.0,1,-0.3780487804878049,0.0,low,M,-0.6666666666666666,0.320510823859212,1
9512,F,Ship,0.0,5,-0.524390243902439,0.0,low,F,0.5,0.18782121164927582,1
9513,A,Ship,0.0,5,-1.3658536585365855,2.0,low,F,-0.6666666666666666,0.5039713440274101,0
9514,B,Ship,-0.5,3,0.4268292682926829,1.0,low,M,0.0,0.5354306182837564,1
9515,C,Ship,-0.5,4,0.5,0.0,medium,F,0.5,0.3557078336707678,1
9516,F,Ship,-0.5,1,-0.7804878048780488,-1.0,low,F,-0.16666666666666666,0.4821678866220215,0
9517,D,Ship,0.0,4,-0.5487804878048781,1.0,medium,F,0.16666666666666666,0.41862638218346054,0
9518,F,Ship,0.0,1,-0.07317073170731707,0.0,medium,F,0.16666666666666666,0.2308051705341847,1
9519,A,Ship,-0.5,3,-0.7317073170731707,1.0,high,F,-0.8333333333333334,0.2404609873851425,1
9520,B,Ship,-1.0,2,-1.3780487804878048,2.0,medium,F,-0.16666666666666666,0.014639464257903754,0
9521,C,Ship,0.5,1,-0.13414634146341464,0.0,low,M,0.5,0.18719825572340756,0
9522,F,Ship,0.5,3,0.24390243902439024,2.5,medium,F,0.16666666666666666,0.2660021803457405,0
9523,D,Ship,-0.5,1,-0.9878048780487805,1.0,medium,F,-0.16666666666666666,0.315527176452266,0
9524,F,Ship,-0.5,3,0.0975609756097561,1.0,low,F,-0.16666666666666666,0.3535274879302289,1
9525,A,Ship,-0.5,5,0.5365853658536586,0.0,low,F,-0.3333333333333333,0.10745989721227223,0
9526,B,Ship,-0.5,5,0.45121951219512196,0.0,low,M,-1.0,0.2878056377511291,0
9527,C,Ship,0.0,2,0.32926829268292684,2.5,medium,M,-0.3333333333333333,0.22769039090484347,1
9528,F,Ship,0.0,1,-0.6097560975609756,1.0,medium,M,-0.6666666666666666,0.3641177386699891,1
9529,D,Ship,0.5,4,0.7195121951219512,-1.0,low,F,-1.0,0.26755957016041115,1
9530,F,Ship,-0.5,1,0.6341463414634146,0.0,low,M,-0.16666666666666666,-0.04329543684784302,0
9531,A,Ship,0.0,2,-0.8536585365853658,2.0,low,F,-0.6666666666666666,0.516430462544775,1
9532,B,Ship,-1.0,1,-0.07317073170731707,-1.0,low,M,0.5,0.1625914966516119,1
9533,C,Ship,-1.0,4,-0.43902439024390244,1.0,medium,F,0.16666666666666666,0.14670612054197166,0
9534,F,Ship,-0.5,3,0.3902439024390244,1.0,low,F,-0.6666666666666666,0.05201681980999844,0
9535,D,Ship,-0.5,1,-1.0121951219512195,2.5,medium,M,0.16666666666666666,0.37470798940974925,0
9536,F,Ship,-1.0,2,-0.7073170731707317,0.0,low,F,-0.3333333333333333,0.0006229559258682448,1
9537,A,Ship,-0.5,2,0.0975609756097561,1.0,medium,M,0.5,0.4893318797695063,0
9538,B,Ship,-0.5,3,0.7439024390243902,0.0,medium,M,0.0,0.25510045164304623,0
9539,C,Ship,-0.5,2,-0.024390243902439025,0.0,medium,M,0.5,-0.009967294813891917,0
9540,F,Ship,0.5,4,0.7439024390243902,-1.0,medium,M,0.0,0.35601931163370193,0
9541,D,Ship,0.5,1,-0.3048780487804878,-1.0,medium,M,0.16666666666666666,0.33328142033951097,0
9542,F,Ship,-0.5,4,-0.524390243902439,0.0,low,M,0.5,0.21491979442454445,0
9543,A,Ship,-0.5,1,0.34146341463414637,2.0,low,F,-0.6666666666666666,-0.038311789440897054,0
9544,B,Ship,-0.5,5,0.4024390243902439,0.0,medium,F,0.0,0.25447749571717804,0
9545,C,Ship,-0.5,3,-0.7926829268292683,-1.0,low,M,0.16666666666666666,0.12677153091418783,0
9546,F,Ship,-0.5,3,-0.2926829268292683,0.0,low,F,0.3333333333333333,0.35197009811555835,0
9547,D,Ship,-0.5,2,-0.3048780487804878,-1.0,low,M,-0.16666666666666666,0.1055910294346675,1
9548,F,Ship,-0.5,2,-0.7439024390243902,1.0,high,M,0.0,0.18719825572340756,1
9549,A,Ship,0.0,1,-0.5,-1.0,low,M,-0.3333333333333333,0.167886622021492,0
9550,B,Ship,0.5,3,-1.1829268292682926,1.0,low,F,-0.6666666666666666,0.28936302756579974,0
9551,C,Ship,1.0,5,-0.12195121951219512,0.0,medium,M,0.0,-0.009344338888023673,0
9552,F,Ship,-0.5,1,0.7317073170731707,1.0,low,M,-0.6666666666666666,0.5700046721694441,0
9553,D,Ship,1.0,1,0.7560975609756098,-1.0,low,M,0.5,0.2987073664538234,0
9554,F,Ship,-0.5,1,-0.3048780487804878,1.0,low,F,-0.5,0.19809998442610185,0
9555,A,Ship,-0.5,2,-0.12195121951219512,-1.0,low,F,-0.8333333333333334,0.2753465192337642,1
9556,B,Ship,-0.5,3,0.18292682926829268,0.0,medium,F,0.16666666666666666,0.12459118517364896,0
9557,C,Ship,-0.5,1,0.524390243902439,-1.0,medium,F,-0.8333333333333334,0.518922286248248,0
9558,F,Ship,0.0,5,-0.36585365853658536,0.0,low,M,-0.3333333333333333,-0.03426257592275347,1
9559,D,Ship,-0.5,5,-0.6951219512195121,1.0,medium,F,-0.8333333333333334,0.15293567980065412,0
9560,F,Ship,0.0,3,-0.5,0.0,medium,M,-0.3333333333333333,0.36816695218813267,1
9561,A,Ship,-0.5,2,0.2682926829268293,-1.0,medium,M,-0.8333333333333334,0.028033016664071018,1
9562,B,Ship,0.0,1,0.24390243902439024,0.0,low,M,-0.8333333333333334,0.041426569070238284,0
9563,C,Ship,0.0,4,0.2804878048780488,0.0,medium,M,-0.8333333333333334,0.1903130353527488,0
9564,F,Road,0.0,5,-0.2804878048780488,-1.0,low,M,0.5,0.2862482479364585,1
9565,D,Road,0.0,4,0.0975609756097561,0.0,medium,M,-0.8333333333333334,0.3086746612677153,0
9566,F,Road,0.0,4,-0.7439024390243902,-1.0,low,F,0.16666666666666666,0.03083631833047812,0
9567,A,Road,0.0,1,0.12195121951219512,-1.0,medium,M,-0.8333333333333334,0.1345584799875409,1
9568,B,Road,0.5,4,-0.15853658536585366,-1.0,low,M,-0.3333333333333333,0.4497741784768728,1
9569,C,Road,0.0,2,-0.5487804878048781,0.0,low,M,0.5,0.04983647406945958,1
9570,F,Road,-0.5,2,-0.9878048780487805,2.0,medium,M,0.3333333333333333,0.4968073508799252,1
9571,D,Road,0.0,4,-0.8292682926829268,-1.0,medium,F,-0.3333333333333333,0.06447593832736334,0
9572,F,Road,0.0,1,0.1951219512195122,0.0,low,M,0.16666666666666666,-0.013082074443233142,1
9573,A,Road,-0.5,1,-0.23170731707317074,2.0,low,F,-0.5,-0.035819965737424075,0
9574,B,Road,0.0,4,-0.12195121951219512,0.0,low,F,0.3333333333333333,0.18937860146394642,0
9575,C,Road,1.0,2,-0.2804878048780488,2.5,medium,M,0.0,0.3687899081140009,1
9576,F,Road,0.5,5,-0.18292682926829268,0.0,high,M,-0.16666666666666666,0.4354461921819031,1
9577,D,Road,-0.5,4,-0.2682926829268293,1.0,medium,M,-0.6666666666666666,-0.037065877589160565,0
9578,F,Road,-0.5,1,-0.32926829268292684,-1.0,low,F,0.5,0.28500233608472203,1
9579,A,Road,-0.5,1,0.2682926829268293,0.0,medium,F,0.16666666666666666,0.3712817318174739,1
9580,B,Road,0.0,5,-0.4634146341463415,0.0,high,F,-1.0,0.29496963089861394,1
9581,C,Road,1.0,2,0.3048780487804878,1.0,medium,F,0.0,0.13705030369101387,0
9582,F,Road,0.0,4,0.8048780487804879,0.0,medium,M,-0.3333333333333333,0.4594299953278306,0
9583,D,Road,0.5,5,-0.36585365853658536,-1.0,medium,M,0.3333333333333333,0.1557389814670612,1
9584,F,Road,-0.5,2,-0.8414634146341463,-1.0,low,M,-0.6666666666666666,0.08098427036287183,0
9585,A,Road,1.0,5,0.4146341463414634,0.0,low,F,-0.6666666666666666,0.48590562217723093,1
9586,B,Flight,-1.0,4,-0.36585365853658536,2.0,medium,M,0.3333333333333333,0.5179878523594456,0
9587,C,Flight,0.0,5,0.6219512195121951,-1.0,low,M,0.3333333333333333,0.27752686497430307,0
9588,F,Flight,0.5,1,-0.5365853658536586,1.0,medium,M,-0.5,0.300264756268494,1
9589,D,Flight,-1.0,1,-0.4024390243902439,1.0,low,F,-0.8333333333333334,0.18626382183460521,0
9590,F,Flight,-0.5,4,-0.5853658536585366,1.0,low,F,-1.0,0.4310855007008254,1
9591,A,Flight,0.0,4,-0.9390243902439024,1.0,medium,F,-0.3333333333333333,0.2946581529356798,0
9592,B,Flight,0.0,1,-0.5,2.0,low,F,-0.3333333333333333,0.28033016664071014,1
9593,C,Flight,0.0,3,0.4268292682926829,1.0,medium,M,0.5,0.4563152156984893,0
9594,F,Flight,0.5,4,-0.10975609756097561,0.0,low,F,-0.6666666666666666,0.0024918237034729793,1
9595,D,Flight,0.0,5,0.45121951219512196,2.0,high,M,0.16666666666666666,0.1320666562840679,0
9596,F,Flight,0.0,5,0.4268292682926829,0.0,low,F,0.0,0.4236100295904065,0
9597,A,Flight,0.0,3,-0.45121951219512196,0.0,low,F,0.0,0.21336240460987385,1
9598,B,Flight,-0.5,5,0.6585365853658537,0.0,low,M,0.0,0.23703472979286716,0
9599,C,Flight,1.0,1,0.012195121951219513,1.0,low,M,-1.0,0.1345584799875409,1
9600,F,Flight,0.0,1,-0.7926829268292683,0.0,low,M,-0.8333333333333334,0.10901728702694284,0
9601,D,Flight,0.0,4,-1.0,0.0,medium,F,-0.3333333333333333,0.1445257748014328,0
9602,F,Flight,-0.5,1,0.3902439024390244,0.0,low,F,0.5,0.1738047033172403,1
9603,A,Flight,-0.5,4,-0.7195121951219512,0.0,medium,M,0.3333333333333333,0.48870892384363807,1
9604,B,Flight,0.5,3,-0.0975609756097561,-1.0,medium,M,0.0,0.11898458184083475,1
9605,C,Flight,0.0,2,-0.975609756097561,0.0,medium,F,-1.0,-0.026475626849400406,1
9606,F,Flight,0.5,2,0.5,-1.0,medium,M,0.3333333333333333,0.45475782588381874,0
9607,D,Flight,-0.5,1,-0.5609756097560976,1.0,medium,F,0.3333333333333333,0.3074287494159788,0
9608,F,Ship,0.0,1,-0.9024390243902439,-1.0,low,M,0.16666666666666666,0.24201837719981312,0
9609,A,Ship,0.5,3,-0.2804878048780488,0.0,high,F,-0.16666666666666666,0.02959040647874163,0
9610,B,Ship,0.0,3,0.2073170731707317,0.0,medium,F,0.16666666666666666,0.2865597258993926,1
9611,C,Ship,-0.5,3,0.6097560975609756,-1.0,low,M,-0.8333333333333334,0.0626070705497586,0
9612,F,Ship,0.5,3,-0.9390243902439024,0.0,low,M,-0.16666666666666666,0.3762653792244199,0
9613,D,Ship,0.5,3,-0.5365853658536586,0.0,medium,F,-0.5,0.09250895499143436,1
9614,F,Ship,0.0,4,0.5121951219512195,0.0,low,F,-0.3333333333333333,0.389347453667653,0
9615,A,Ship,0.5,1,-0.4634146341463415,2.5,medium,M,0.3333333333333333,0.21491979442454445,1
9616,B,Ship,-0.5,2,-0.1951219512195122,1.0,low,F,-0.6666666666666666,0.007163993147484816,1
9617,C,Ship,0.0,1,0.7073170731707317,-1.0,low,M,-1.0,0.4725120697710637,0
9618,F,Ship,0.0,4,-0.7926829268292683,0.0,medium,F,-0.8333333333333334,0.028655972589939262,1
9619,D,Ship,0.5,3,-0.2682926829268293,2.5,medium,M,0.5,0.5690702382806416,0
9620,F,Ship,1.0,5,-1.1829268292682926,2.5,medium,M,-0.16666666666666666,0.4298395888490889,1
9621,A,Ship,-1.0,4,-0.4146341463414634,-1.0,low,F,-0.16666666666666666,0.445413486995795,0
9622,B,Ship,-0.5,2,-0.6829268292682927,-1.0,medium,F,0.16666666666666666,0.5475782588381872,0
9623,C,Ship,0.5,2,0.6341463414634146,2.5,high,M,0.3333333333333333,0.19778850646316773,1
9624,F,Ship,1.0,3,1.0975609756097562,1.0,low,M,-0.6666666666666666,-0.7466126771530914,1
9625,D,Ship,1.0,3,0.36585365853658536,2.0,medium,F,-1.0,-0.7170222706743498,1
9626,F,Ship,1.5,4,1.0609756097560976,1.0,low,F,-1.0,-0.9341224108394331,0
9627,A,Ship,0.0,2,0.7439024390243902,2.0,medium,M,-0.3333333333333333,-0.7005139386388413,0
9628,B,Ship,0.5,5,0.2682926829268293,2.0,low,M,-0.6666666666666666,-0.6902351658620153,1
9629,C,Ship,1.0,1,0.8780487804878049,1.0,medium,M,0.5,-0.9257125058402118,1
9630,F,Ship,0.5,5,0.2926829268292683,2.5,low,M,-0.6666666666666666,-0.8715153402896745,0
9631,D,Ship,1.5,1,1.048780487804878,1.0,medium,F,0.5,-0.9347453667653014,1
9632,F,Ship,1.0,4,0.9512195121951219,1.0,medium,M,0.16666666666666666,-0.7382027721538701,1
9633,A,Ship,0.5,1,-0.5121951219512195,-1.0,low,F,0.3333333333333333,-0.755645538078181,0
9634,B,Ship,-1.0,4,-0.4024390243902439,2.0,medium,F,0.3333333333333333,-0.8662202149197944,0
9635,C,Ship,1.5,3,0.9146341463414634,1.0,low,F,-0.6666666666666666,-0.969319420650989,1
9636,F,Ship,1.5,3,0.5121951219512195,1.0,medium,M,-0.5,-0.7852359445569226,0
9637,D,Ship,0.0,4,0.45121951219512196,2.0,medium,F,-0.8333333333333334,-0.8783678554742252,1
9638,F,Ship,1.0,5,0.3780487804878049,1.0,low,M,-0.8333333333333334,-0.7216944401183616,1
9639,A,Ship,0.0,4,-0.9024390243902439,-1.0,low,M,-0.16666666666666666,0.17255879146550382,0
9640,B,Ship,0.5,4,-0.2804878048780488,0.0,high,F,0.0,0.08908269739915901,1
9641,C,Ship,0.0,3,0.2073170731707317,0.0,medium,M,0.16666666666666666,0.26226444479053107,0
9642,F,Ship,-0.5,2,0.6097560975609756,-1.0,low,M,-0.16666666666666666,0.4837252764366921,1
9643,D,Ship,0.5,2,-0.9390243902439024,0.0,low,F,-1.0,0.3404454134869958,0
9644,F,Ship,0.5,3,-0.5365853658536586,0.0,medium,M,-0.16666666666666666,0.33546176608004985,0
9645,A,Ship,0.0,1,0.5121951219512195,0.0,low,M,-0.16666666666666666,0.5198567201370503,0
9646,B,Ship,0.5,4,-0.4634146341463415,2.5,medium,M,0.3333333333333333,0.14203395109795983,0
9647,C,Ship,-0.5,5,-0.1951219512195122,1.0,low,F,0.5,0.21180501479520325,0
9648,F,Ship,0.0,1,0.7073170731707317,-1.0,low,M,-0.8333333333333334,0.27192026164148886,0
9649,D,Ship,0.0,3,-0.7926829268292683,0.0,medium,F,-0.3333333333333333,-0.036754399626226446,0
9650,F,Ship,0.5,2,-0.2682926829268293,2.5,medium,M,-0.8333333333333334,-0.032393708145148734,1
9651,A,Ship,1.0,1,-1.1829268292682926,2.5,medium,F,-0.5,0.01931163370191559,0
9652,B,Ship,-1.0,4,-0.4146341463414634,-1.0,low,F,-0.3333333333333333,-0.04329543684784302,1
9653,C,Ship,-0.5,2,-0.6829268292682927,-1.0,medium,M,0.3333333333333333,0.2280018688677776,0
9654,F,Ship,0.5,5,0.6341463414634146,2.5,high,F,-0.8333333333333334,0.5422831334683071,0
9655,D,Ship,1.0,3,1.0975609756097562,1.0,low,M,-0.3333333333333333,-0.9138763432487151,1
9656,F,Ship,1.0,3,0.36585365853658536,2.0,medium,F,-0.5,-0.9431552717645226,1
9657,A,Ship,1.5,2,1.0609756097560976,1.0,low,M,-1.0,-0.875253075844884,0
9658,B,Ship,0.0,3,0.7439024390243902,2.0,medium,M,-0.3333333333333333,-0.8783678554742252,0
9659,C,Ship,0.5,4,0.2682926829268293,2.0,low,M,-1.0,-0.76841613455848,0
9660,F,Ship,1.0,5,0.8780487804878049,1.0,medium,F,-0.6666666666666666,-0.7400716399314748,1
9661,D,Ship,0.5,1,0.2926829268292683,2.5,low,F,0.3333333333333333,-0.9210403363962,0
9662,F,Ship,1.5,2,1.048780487804878,1.0,medium,M,-0.6666666666666666,-0.9590406478741629,1
9663,A,Ship,1.0,4,0.9512195121951219,1.0,medium,F,-1.0,-0.8649743030680579,1
9664,B,Ship,0.5,2,-0.5121951219512195,-1.0,low,F,-0.8333333333333334,-0.7690390904843483,0
9665,C,Ship,-1.0,5,-0.4024390243902439,2.0,medium,F,-0.3333333333333333,-0.9674505528733842,0
9666,F,Ship,1.5,5,0.9146341463414634,1.0,low,F,0.5,-0.9577947360224264,1
9667,D,Ship,1.5,5,0.5121951219512195,1.0,medium,F,-0.8333333333333334,-0.857498831957639,0
9668,F,Ship,0.0,5,0.45121951219512196,2.0,medium,F,-0.16666666666666666,-0.8456626693661423,0
9669,A,Ship,1.0,4,0.7926829268292683,1.0,low,F,-1.0,-0.7874162902974614,0
9670,B,Ship,1.0,5,0.6951219512195121,1.0,low,M,-0.6666666666666666,-0.7596947515963246,1
9671,C,Ship,0.0,2,0.5365853658536586,2.0,medium,M,-1.0,-0.6942843793801589,0
9672,F,Ship,1.0,5,0.3780487804878049,1.0,low,F,0.0,-0.8185640865908737,0
9673,D,Ship,1.0,4,1.0,1.0,low,M,0.0,-0.6790219591963869,0
9674,F,Ship,0.5,3,0.6463414634146342,2.0,low,F,-1.0,-0.8235477339978197,0
9675,A,Ship,1.0,5,0.6585365853658537,1.0,medium,M,-0.8333333333333334,-0.8369412864039869,0
9676,B,Ship,1.5,2,0.7682926829268293,2.0,low,F,-1.0,-0.7628095312256657,1
9677,C,Ship,1.0,2,0.5487804878048781,1.0,low,M,-0.3333333333333333,-0.7406945958573431,1
9678,F,Ship,0.5,1,0.7439024390243902,2.0,low,F,-0.6666666666666666,-0.9615324715776359,0
9679,D,Ship,1.0,5,1.024390243902439,1.0,low,M,-0.6666666666666666,-0.9780408036131444,1
9680,F,Ship,0.5,2,0.35365853658536583,2.0,medium,F,-0.5,-0.9767948917614079,1
9681,A,Ship,1.5,3,0.5,1.0,medium,F,-0.5,-0.8646628251051238,0
9682,B,Ship,0.0,3,0.21951219512195122,2.0,low,F,0.3333333333333333,-0.7142189690079427,0
9683,C,Ship,1.0,5,0.4878048780487805,1.0,medium,M,-0.5,-0.7045631521569848,1
9684,F,Ship,0.0,1,0.24390243902439024,2.0,low,M,-0.6666666666666666,-0.939106058246379,0
9685,D,Ship,1.0,1,1.0853658536585367,1.0,low,F,0.3333333333333333,-0.9559258682448217,0
9686,F,Ship,1.0,3,0.5853658536585366,1.0,low,F,-0.3333333333333333,-0.8054820121476406,0
9687,A,Ship,0.5,5,0.04878048780487805,2.0,medium,F,0.0,-0.7653013549291388,0
9688,B,Ship,0.0,5,0.32926829268292684,2.0,low,M,-0.8333333333333334,-0.9674505528733842,0
9689,C,Ship,1.0,3,0.6463414634146342,1.0,medium,M,-1.0,-0.6874318641956082,1
9690,F,Ship,1.5,1,1.0609756097560976,1.0,low,F,-0.16666666666666666,-0.9646472512069771,1
9691,D,Ship,0.5,4,0.08536585365853659,2.0,low,F,0.16666666666666666,-0.69210403363962,1
9692,F,Ship,1.0,5,0.7439024390243902,1.0,low,M,-0.8333333333333334,-0.7628095312256657,1
9693,A,Ship,1.0,4,0.9512195121951219,1.0,medium,M,-0.3333333333333333,-0.7338420806727924,0
9694,B,Ship,0.5,4,0.3780487804878049,2.5,medium,M,0.3333333333333333,-0.7752686497430307,0
9695,C,Ship,1.0,3,1.0609756097560976,2.0,low,F,-0.8333333333333334,-0.8400560660333282,1
9696,F,Ship,1.0,3,0.3780487804878049,1.0,medium,M,-0.6666666666666666,-0.7403831178944089,1
9697,D,Ship,1.5,5,0.9024390243902439,1.0,low,F,-1.0,-0.8970565332502726,1
9698,F,Ship,1.0,3,0.7317073170731707,1.0,low,F,-0.3333333333333333,-0.8400560660333282,0
9699,A,Ship,0.0,2,0.2073170731707317,2.0,low,F,-0.8333333333333334,-0.8360068525151846,1
9700,B,Ship,1.0,3,1.170731707317073,2.0,low,M,-0.16666666666666666,-0.9375486684317085,0
9701,C,Road,0.5,3,0.5121951219512195,2.5,medium,M,-0.6666666666666666,-0.8434823236256035,0
9702,F,Road,1.0,5,0.8170731707317073,1.0,medium,M,-0.3333333333333333,-0.8300887712194362,0
9703,D,Road,1.0,3,0.6097560975609756,1.0,medium,F,-0.6666666666666666,-0.8257280797383585,1
9704,F,Road,1.5,3,0.7317073170731707,2.0,low,F,0.3333333333333333,-0.7428749415978819,0
9705,A,Road,0.5,2,0.7073170731707317,2.0,low,M,0.16666666666666666,-0.8821055910294346,0
9706,B,Road,0.0,5,0.524390243902439,2.0,medium,M,-0.16666666666666666,-0.9783522815760785,0
9707,C,Road,1.0,3,1.170731707317073,1.0,low,F,-0.8333333333333334,-0.9219747702850023,0
9708,F,Road,0.5,2,0.4268292682926829,2.5,low,M,0.16666666666666666,-0.9278928515807506,1
9709,D,Road,1.5,5,0.36585365853658536,1.0,low,M,-0.8333333333333334,-0.8780563775112911,1
9710,F,Road,0.0,3,0.06097560975609756,2.5,medium,F,-0.8333333333333334,-0.7833670767793178,0
9711,A,Road,1.5,1,0.6097560975609756,1.0,medium,F,-0.8333333333333334,-0.8126460052951253,0
9712,B,Road,0.0,5,0.036585365853658534,2.0,low,F,-0.6666666666666666,-0.8026787104812334,1
9713,C,Road,1.0,1,0.8048780487804879,1.0,low,F,-0.3333333333333333,-0.7864818564086591,0
9714,F,Road,0.0,2,0.4024390243902439,2.0,low,M,0.5,-0.8204329543684784,0
9715,D,Road,-0.5,4,0.6829268292682927,2.5,low,F,0.0,-0.015885376109640244,1
9716,F,Road,0.0,5,0.4146341463414634,0.0,low,F,-0.8333333333333334,0.36162591496651614,1
9717,A,Road,0.0,3,-0.573170731707317,-1.0,medium,F,-1.0,0.39246223329699426,1
9718,B,Road,0.0,5,0.6585365853658537,0.0,medium,M,0.3333333333333333,0.42734776514561595,1
9719,C,Road,-0.5,4,0.524390243902439,2.0,medium,M,0.5,0.23423142812646006,1
9720,F,Road,0.5,2,-0.7560975609756098,0.0,low,F,-0.5,0.19342781498209002,1
9721,D,Road,0.0,2,-0.8170731707317073,0.0,low,M,-0.6666666666666666,0.0009344338888023672,1
9722,F,Road,-0.5,4,-0.4268292682926829,-1.0,low,M,-0.3333333333333333,0.22831334683071172,1
9723,A,Flight,-0.5,4,-0.15853658536585366,0.0,medium,M,0.5,-0.03644292166329232,1
9724,B,Flight,-0.5,2,-0.9024390243902439,0.0,medium,M,0.16666666666666666,0.4905777916212428,0
9725,C,Flight,0.5,1,-0.9146341463414634,0.0,medium,M,-0.8333333333333334,0.4619218190313035,0
9726,F,Flight,0.0,1,-0.7560975609756098,2.0,medium,M,0.16666666666666666,0.4865285781030992,0
9727,D,Flight,1.0,4,-0.524390243902439,2.0,medium,M,0.3333333333333333,0.07070549758604579,1
9728,F,Flight,0.5,4,-1.4268292682926829,0.0,medium,F,0.16666666666666666,0.1333125681358044,0
9729,A,Flight,0.0,2,0.524390243902439,0.0,medium,M,0.16666666666666666,0.5055287338420806,0
9730,B,Flight,0.0,1,-0.7317073170731707,1.0,medium,M,-1.0,0.4145771686653169,0
9731,C,Flight,-0.5,5,-0.926829268292683,-1.0,medium,M,-1.0,0.2280018688677776,1
9732,F,Flight,0.5,5,-0.5,-1.0,low,M,0.0,0.1766080049836474,0
9733,D,Flight,-0.5,5,0.4634146341463415,0.0,medium,F,0.16666666666666666,0.12708300887712196,1
9734,F,Flight,0.5,2,0.45121951219512196,-1.0,low,M,-0.8333333333333334,0.02990188444167575,1
9735,A,Flight,-0.5,5,0.10975609756097561,1.0,high,F,0.0,0.2781498209001713,1
9736,B,Flight,0.5,2,0.573170731707317,0.0,high,M,-0.6666666666666666,0.35944556922597726,1
9737,C,Flight,0.0,2,-1.2560975609756098,-1.0,high,F,-0.5,0.3874785858900483,0
9738,F,Flight,-0.5,2,-0.04878048780487805,0.0,low,F,0.3333333333333333,0.18128017442765923,1
9739,D,Flight,0.0,1,-0.6463414634146342,0.0,low,M,-1.0,0.19934589627783833,0
9740,F,Flight,-0.5,4,-0.8658536585365854,0.0,low,M,0.5,0.34636349478274414,0
9741,A,Flight,0.0,3,-0.5365853658536586,-1.0,low,M,-0.8333333333333334,0.4541348699579505,0
9742,B,Flight,-1.0,5,-0.7682926829268293,0.0,medium,M,0.3333333333333333,0.19249338109328765,1
9743,C,Flight,-0.5,3,-0.7317073170731707,-1.0,low,M,-1.0,0.5404142656907024,1
9744,F,Flight,0.0,4,-0.8292682926829268,0.0,medium,F,-0.16666666666666666,0.16290297461454603,1
9745,D,Ship,0.5,1,0.2926829268292683,2.0,low,F,-0.3333333333333333,0.5310699268026787,0
9746,F,Ship,0.0,2,0.6097560975609756,-1.0,low,F,0.3333333333333333,0.10621398536053574,0
9747,A,Ship,0.0,5,-0.21951219512195122,0.0,low,F,-0.5,0.4550693038467528,0
9748,B,Ship,0.5,4,-0.6097560975609756,0.0,low,M,0.3333333333333333,0.3071172714530447,1
9749,C,Ship,0.0,2,-0.8536585365853658,1.0,medium,F,-0.8333333333333334,0.05201681980999844,0
9750,F,Ship,-0.5,5,-0.8170731707317073,-1.0,medium,M,-0.16666666666666666,0.0626070705497586,0
9751,D,Ship,-0.5,4,-0.4024390243902439,0.0,high,F,0.3333333333333333,0.4114623890359757,0
9752,F,Ship,0.0,3,-0.024390243902439025,0.0,low,F,-1.0,0.11493536832269118,0
9753,A,Ship,-1.0,3,0.5365853658536586,-1.0,low,M,-0.5,0.2812646005295125,1
9754,B,Ship,-0.5,5,-0.14634146341463414,-1.0,medium,F,0.16666666666666666,0.12552561906245133,1
9755,C,Ship,0.0,5,-0.8658536585365854,0.0,medium,M,-0.8333333333333334,0.3541504438560972,1
9756,F,Ship,0.5,3,-0.47560975609756095,0.0,medium,F,0.0,0.27970721071484195,1
9757,D,Ship,0.5,1,-0.9634146341463414,0.0,low,F,0.5,0.358822613300109,1
9758,F,Ship,-1.0,5,0.4268292682926829,0.0,low,F,-0.6666666666666666,0.006229559258682448,0
9759,A,Ship,0.0,2,-0.14634146341463414,0.0,medium,M,0.0,0.5207911540258526,0
9760,B,Ship,0.0,5,-0.9634146341463414,0.0,low,F,-0.16666666666666666,0.12708300887712196,0
9761,C,Ship,-0.5,2,0.6585365853658537,1.0,low,M,-0.16666666666666666,0.08285313814047657,0
9762,F,Ship,0.0,3,-1.353658536585366,-1.0,low,M,-0.5,0.31054352904532007,0
9763,D,Ship,1.0,4,0.13414634146341464,1.0,medium,M,0.5,0.17878835072418625,0
9764,F,Ship,1.0,5,-0.036585365853658534,2.5,low,M,-0.6666666666666666,0.2516741940507709,0
9765,A,Ship,-0.5,5,-0.6463414634146342,-1.0,low,F,0.16666666666666666,0.27160878367855473,0
9766,B,Ship,0.0,4,-0.7195121951219512,-1.0,medium,F,-0.16666666666666666,0.5584799875408815,0
9767,C,Ship,0.5,2,-0.3902439024390244,1.0,medium,F,0.3333333333333333,0.31459274256346365,0
9768,F,Ship,0.5,5,-1.0975609756097562,0.0,low,M,0.5,0.05668898925401028,0
9769,D,Ship,0.0,3,-0.573170731707317,0.0,high,F,-0.5,0.5765457093910605,1
9770,F,Ship,0.0,4,0.3902439024390244,0.0,low,F,0.0,-0.018377199813113223,0
9771,A,Ship,-0.5,2,-0.21951219512195122,2.0,medium,F,-0.16666666666666666,0.4806104968073509,0
9772,B,Ship,-0.5,5,-0.036585365853658534,-1.0,low,F,-0.3333333333333333,0.5382339199501636,1
9773,C,Ship,-1.0,1,0.24390243902439024,1.0,medium,F,0.3333333333333333,0.28842859367699736,0
9774,F,Ship,-0.5,5,-0.4878048780487805,2.5,low,M,-0.16666666666666666,0.48715153402896744,0
9775,D,Ship,0.5,4,-0.2926829268292683,0.0,medium,F,-0.5,0.08565643980688366,1
9776,F,Ship,0.0,1,0.5,0.0,medium,F,-0.16666666666666666,0.05108238592119608,1
9777,A,Ship,-0.5,1,-0.2682926829268293,0.0,medium,M,-0.5,0.2641333125681358,1
9778,B,Ship,0.5,2,-0.4878048780487805,0.0,low,F,0.5,0.5681358043918393,1
9779,C,Ship,-0.5,1,0.5975609756097561,0.0,medium,F,-0.5,0.018377199813113223,0
9780,F,Ship,0.5,5,0.45121951219512196,-1.0,high,F,-0.6666666666666666,0.18439495405700046,1
9781,D,Ship,0.5,3,0.10975609756097561,0.0,low,F,-0.8333333333333334,0.1625914966516119,1
9782,F,Ship,-0.5,3,-0.5609756097560976,-1.0,low,M,-1.0,0.29528110886154807,1
9783,A,Ship,-0.5,4,-0.012195121951219513,0.0,high,M,0.0,0.4257903753309453,1
9784,B,Ship,0.0,3,-1.4024390243902438,2.5,medium,M,0.3333333333333333,0.5463323469864507,0
9785,C,Ship,0.0,4,0.6463414634146342,0.0,medium,M,0.3333333333333333,0.34418314904220526,0
9786,F,Ship,0.5,1,-0.3780487804878049,0.0,medium,F,0.16666666666666666,0.11898458184083475,0
9787,D,Ship,0.0,4,-0.4146341463414634,0.0,low,M,-0.6666666666666666,0.274723563307896,0
9788,F,Ship,-1.0,1,-0.0975609756097561,-1.0,low,M,0.0,0.17816539479831803,0
9789,A,Ship,0.0,2,0.024390243902439025,0.0,low,M,0.5,0.15168976794891761,0
9790,B,Ship,0.5,5,-0.573170731707317,0.0,low,M,0.5,0.44915122255100454,0
9791,C,Ship,-0.5,2,-0.6341463414634146,0.0,medium,M,-0.5,0.20650988942532317,1
9792,F,Ship,-0.5,1,0.43902439024390244,0.0,medium,F,-0.16666666666666666,0.5242174116181281,0
9793,D,Ship,0.0,2,0.3780487804878049,0.0,medium,M,-1.0,0.18128017442765923,1
9794,F,Ship,-0.5,4,0.14634146341463414,0.0,low,F,0.0,0.08160722628874008,1
9795,A,Ship,0.5,1,0.14634146341463414,-1.0,medium,M,-0.16666666666666666,0.38810154181591655,0
9796,B,Ship,0.5,4,0.0975609756097561,-1.0,high,M,0.16666666666666666,0.2638218346052017,1
9797,C,Ship,0.0,1,-0.45121951219512196,-1.0,low,M,-0.8333333333333334,0.5488241706899237,0
9798,F,Ship,0.0,4,0.10975609756097561,0.0,high,F,-0.3333333333333333,0.46877433421585424,0
9799,D,Ship,0.5,5,-0.04878048780487805,2.5,low,M,-0.6666666666666666,0.2809531225665784,0
9800,F,Ship,0.0,2,-0.5365853658536586,-1.0,low,M,-0.6666666666666666,0.04672169444011836,0
9801,A,Ship,0.5,5,-0.9634146341463414,1.0,low,M,0.16666666666666666,0.27410060738202774,0
9802,B,Ship,-0.5,5,-0.2682926829268293,1.0,medium,F,0.0,0.18439495405700046,1
9803,C,Ship,0.0,2,-0.12195121951219512,0.0,medium,F,-0.6666666666666666,-0.046098738514250115,0
9804,F,Ship,-0.5,4,0.36585365853658536,0.0,medium,M,-0.5,0.09624669054664382,0
9805,D,Ship,-0.5,2,0.5,1.0,low,F,0.16666666666666666,0.4242329855162747,0
9806,F,Ship,0.0,5,-0.6585365853658537,-1.0,medium,F,0.16666666666666666,0.3379535897835228,0
9807,A,Ship,0.0,1,-0.7804878048780488,-1.0,low,M,-0.3333333333333333,-0.004983647406945959,0
9808,B,Ship,0.0,2,0.34146341463414637,2.5,medium,F,0.5,0.46908581217878836,1
9809,C,Ship,0.0,5,0.3170731707317073,2.5,medium,F,0.3333333333333333,0.4201837719981311,1
9810,F,Ship,-1.0,4,0.3902439024390244,-1.0,low,M,0.5,0.3700358199657374,1
9811,D,Ship,-0.5,1,0.21951219512195122,-1.0,low,F,-0.6666666666666666,0.12864039869179256,1
9812,F,Ship,0.0,3,0.7317073170731707,0.0,low,F,-0.3333333333333333,0.08098427036287183,0
9813,A,Ship,0.0,3,0.47560975609756095,0.0,low,F,-0.3333333333333333,0.48403675439962623,0
9814,B,Ship,0.5,1,0.18292682926829268,1.0,medium,M,-1.0,0.13549291387634324,1
9815,C,Ship,0.0,4,-1.0121951219512195,0.0,medium,F,0.5,0.14826351035664226,0
9816,F,Ship,0.0,3,-1.0853658536585367,0.0,low,F,0.5,0.5401027877277682,0
9817,D,Ship,-0.5,3,-0.15853658536585366,0.0,low,F,-0.8333333333333334,0.4332658464413643,1
9818,F,Ship,0.0,4,-0.08536585365853659,0.0,medium,F,-1.0,-0.04049213518143591,0
9819,A,Ship,-0.5,1,-0.8536585365853658,-1.0,medium,M,0.16666666666666666,0.38280641644603647,1
9820,B,Ship,-0.5,5,-1.2804878048780488,1.0,medium,F,-0.5,0.049524996106525464,0
9821,C,Ship,0.0,2,-0.6463414634146342,-1.0,high,F,0.16666666666666666,0.46877433421585424,1
9822,F,Ship,0.0,2,-0.7682926829268293,0.0,medium,M,-0.6666666666666666,0.313035352748793,1
9823,D,Ship,-0.5,3,-0.7926829268292683,1.0,low,F,-0.8333333333333334,0.35290453200436067,0
9824,F,Ship,0.5,5,0.3048780487804878,0.0,low,M,-0.3333333333333333,-0.008409904999221306,0
9825,A,Ship,0.0,3,0.8902439024390244,2.0,medium,M,-0.16666666666666666,0.07070549758604579,1
9826,B,Ship,-0.5,3,-1.0,-1.0,medium,F,0.16666666666666666,0.5173648964335773,1
9827,C,Ship,0.5,2,-0.5975609756097561,2.0,medium,M,0.3333333333333333,0.36256034885531846,0
9828,F,Ship,0.5,4,-0.8658536585365854,-1.0,low,M,-1.0,0.5366765301354929,1
9829,D,Ship,0.0,4,0.5853658536585366,0.0,medium,M,-0.8333333333333334,0.39869179255567666,0
9830,F,Ship,0.5,3,-0.15853658536585366,2.5,low,F,-0.6666666666666666,-0.03862326740383118,1
9831,A,Ship,0.0,3,-0.012195121951219513,1.0,medium,M,0.16666666666666666,0.02211493536832269,0
9832,B,Ship,-1.0,3,0.6707317073170732,-1.0,low,M,-0.6666666666666666,0.5690702382806416,0
9833,C,Ship,1.0,5,0.036585365853658534,1.0,low,F,-0.8333333333333334,-0.023672325182993302,0
9834,F,Ship,0.0,3,-0.9878048780487805,-1.0,low,F,0.5,0.014327986294969631,0
9835,D,Ship,-0.5,4,0.4146341463414634,0.0,medium,M,0.0,0.35819965737424075,0
9836,F,Ship,0.0,3,0.36585365853658536,0.0,low,M,0.3333333333333333,0.3706587758916057,0
9837,A,Ship,0.0,1,-0.2073170731707317,0.0,high,M,0.3333333333333333,0.239215075533406,0
9838,B,Road,0.5,5,0.6585365853658537,1.0,low,F,0.3333333333333333,0.018377199813113223,0
9839,C,Road,0.5,5,-0.13414634146341464,1.0,low,M,-0.16666666666666666,0.12708300887712196,1
9840,F,Road,0.0,4,0.12195121951219512,-1.0,low,F,-0.6666666666666666,0.20806727923999377,0
9841,D,Road,-0.5,4,-0.024390243902439025,0.0,low,M,-0.16666666666666666,0.5562996418003426,1
9842,F,Road,0.5,4,-0.07317073170731707,2.5,medium,M,0.16666666666666666,0.2955925868244822,0
9843,A,Road,0.0,5,-0.7195121951219512,0.0,medium,M,-0.6666666666666666,0.5575455536520791,1
9844,B,Road,0.5,4,0.5609756097560976,0.0,low,M,0.16666666666666666,0.12023049369257124,0
9845,C,Road,-1.0,2,-0.4878048780487805,0.0,low,F,-0.6666666666666666,0.37346207755801275,0
9846,F,Road,0.0,1,-0.6463414634146342,0.0,medium,M,-0.6666666666666666,0.137361781653948,0
9847,D,Road,0.5,5,0.3902439024390244,0.0,medium,F,0.0,0.3170845662669366,0
9848,F,Road,0.5,1,-0.5,1.0,medium,F,-0.8333333333333334,0.14514873072730106,0
9849,A,Road,-0.5,2,-0.47560975609756095,-1.0,low,M,0.3333333333333333,0.2211493536832269,0
9850,B,Road,0.5,1,0.35365853658536583,0.0,medium,F,0.5,-0.03488553184862171,0
9851,C,Road,-0.5,2,-1.1219512195121952,1.0,low,F,0.3333333333333333,0.35819965737424075,1
9852,F,Road,0.0,2,0.06097560975609756,-1.0,low,F,-1.0,0.28718268182526085,1
9853,D,Road,-0.5,2,0.036585365853658534,0.0,high,M,0.0,0.5485126927269895,0
9854,F,Road,0.0,3,0.43902439024390244,2.5,medium,M,-0.8333333333333334,0.030213362404609874,0
9855,A,Road,-0.5,3,0.7317073170731707,0.0,low,F,-0.3333333333333333,0.5706276280953123,1
9856,B,Road,-1.0,2,0.5609756097560976,0.0,medium,F,-0.16666666666666666,0.18626382183460521,0
9857,C,Road,0.0,4,-0.35365853658536583,-1.0,medium,F,-1.0,0.180657218501791,0
9858,F,Road,0.0,5,0.6829268292682927,0.0,low,M,-1.0,-0.005606603332814203,0
9859,D,Road,1.0,3,-0.5853658536585366,2.0,medium,F,-0.6666666666666666,0.13923064943155272,1
9860,F,Flight,0.0,4,-0.6585365853658537,1.0,low,M,-1.0,0.42703628718268183,1
9861,A,Flight,-0.5,2,0.4024390243902439,0.0,low,M,-0.6666666666666666,0.05886933499454913,0
9862,B,Flight,0.0,2,0.7073170731707317,-1.0,low,M,-1.0,0.48403675439962623,1
9863,C,Flight,0.0,5,-0.524390243902439,-1.0,medium,F,-1.0,0.0903286092508955,0
9864,F,Flight,0.5,2,-0.036585365853658534,0.0,medium,F,0.16666666666666666,0.25323158386544153,0
9865,D,Flight,-0.5,4,0.6951219512195121,0.0,medium,M,-1.0,0.09188599906556612,1
9866,F,Flight,1.0,4,-0.7195121951219512,2.0,medium,F,0.16666666666666666,0.5709391060582464,0
9867,A,Flight,0.0,1,0.07317073170731707,0.0,medium,F,0.0,0.12552561906245133,1
9868,B,Flight,-0.5,3,0.07317073170731707,0.0,low,F,0.5,0.3379535897835228,1
9869,C,Flight,-1.0,4,0.8658536585365854,0.0,high,M,-0.16666666666666666,0.08659087369568604,1
9870,F,Flight,-0.5,1,-1.2804878048780488,2.5,low,F,-0.3333333333333333,0.07008254166017754,1
9871,D,Flight,-0.5,4,-0.24390243902439024,0.0,medium,M,0.0,0.12957483258059493,0
9872,F,Flight,-0.5,3,0.0,-1.0,medium,F,0.3333333333333333,0.011213206665628406,0
9873,A,Flight,-0.5,5,-0.6463414634146342,0.0,low,F,-0.5,0.46098738514250115,0
9874,B,Flight,-0.5,5,-0.14634146341463414,1.0,medium,F,0.0,0.09624669054664382,0
9875,C,Flight,-0.5,3,-0.4268292682926829,2.5,high,F,-0.6666666666666666,0.39869179255567666,1
9876,F,Flight,0.5,1,-0.9390243902439024,2.0,low,F,0.16666666666666666,0.13549291387634324,0
9877,D,Flight,1.0,1,-0.5,0.0,medium,F,-0.8333333333333334,0.23142812646005295,0
9878,F,Flight,-0.5,4,0.35365853658536583,0.0,medium,M,-0.16666666666666666,0.24949384831023205,0
9879,A,Flight,0.0,2,0.5365853658536586,2.0,medium,M,-0.8333333333333334,-0.826973991590095,0
9880,B,Flight,1.0,3,0.3780487804878049,1.0,low,F,-0.6666666666666666,-0.6749727456782433,1
9881,C,Flight,1.0,3,1.0,1.0,low,F,-0.5,-0.7783834293723719,0
9882,F,Ship,0.5,4,0.6463414634146342,2.0,low,M,0.3333333333333333,-0.9456470954679956,0
9883,D,Ship,1.0,5,0.6585365853658537,1.0,medium,F,-1.0,-0.9035975704718892,1
9884,F,Ship,1.5,4,0.7682926829268293,2.0,low,M,-0.5,-0.8646628251051238,0
9885,A,Ship,1.0,1,0.5487804878048781,1.0,low,F,-0.5,-0.9191714686185952,0
9886,B,Ship,0.5,1,0.7439024390243902,2.0,low,M,-0.16666666666666666,-0.9322535430618284,1
9887,C,Ship,1.0,3,1.024390243902439,1.0,low,F,0.3333333333333333,-0.8204329543684784,1
9888,F,Ship,0.5,2,0.35365853658536583,2.0,medium,F,-0.5,-0.8609250895499143,0
9889,D,Ship,1.5,2,0.5,1.0,medium,F,0.5,-0.8649743030680579,0
9890,F,Ship,0.0,5,0.21951219512195122,2.0,low,F,-0.6666666666666666,-0.7263666095623734,0
9891,A,Ship,-0.5,4,0.4024390243902439,0.0,low,F,-0.5,0.5279551471733375,0
9892,B,Ship,0.0,4,0.7073170731707317,-1.0,low,M,-1.0,-0.04236100295904065,1
9893,C,Ship,0.0,1,-0.524390243902439,-1.0,medium,F,0.5,0.12054197165550537,0
9894,F,Ship,0.5,5,-0.036585365853658534,0.0,medium,F,0.0,0.5712505840211805,1
9895,D,Ship,-0.5,1,0.6951219512195121,0.0,medium,M,-1.0,0.41644603644292166,1
9896,F,Ship,1.0,1,-0.7195121951219512,2.0,medium,F,0.16666666666666666,0.22831334683071172,0
9897,A,Ship,0.0,5,0.07317073170731707,0.0,medium,F,-1.0,0.2376576857187354,1
9898,B,Ship,-0.5,5,0.07317073170731707,0.0,low,F,-0.3333333333333333,0.08036131443700358,0
9899,C,Ship,-1.0,1,0.8658536585365854,0.0,high,F,0.0,0.2647562684940041,0
9900,F,Ship,-0.5,1,-1.2804878048780488,2.5,low,F,-0.16666666666666666,0.4074131755178321,1
9901,D,Ship,-0.5,2,-0.24390243902439024,0.0,medium,F,0.0,0.18003426257592275,1
9902,F,Ship,-0.5,5,0.0,-1.0,medium,F,-0.16666666666666666,0.1336240460987385,0
9903,A,Ship,-0.5,5,-0.6463414634146342,0.0,low,F,0.5,0.4715776358822613,1
9904,B,Ship,-0.5,3,-0.14634146341463414,1.0,medium,M,0.5,0.30774022737891293,1
9905,C,Ship,-0.5,2,-0.4268292682926829,2.5,high,M,-0.6666666666666666,0.13549291387634324,0
9906,F,Ship,0.5,1,-0.9390243902439024,2.0,low,M,-0.5,0.1361158698022115,1
9907,D,Ship,1.0,2,-0.5,0.0,medium,F,-0.5,0.5672013705030369,0
9908,F,Ship,-0.5,1,0.35365853658536583,0.0,medium,M,-0.16666666666666666,0.3806260707054976,0
9909,A,Ship,0.0,5,0.5365853658536586,2.0,medium,M,-0.8333333333333334,-0.8310232051082386,0
9910,B,Ship,1.0,2,0.3780487804878049,1.0,low,F,0.3333333333333333,-0.7958261952966827,0
9911,C,Ship,1.0,4,1.0,1.0,low,M,-0.5,-0.6777760473446504,0
9912,F,Ship,0.5,5,0.6463414634146342,2.0,low,F,-1.0,-0.8712038623267404,1
9913,D,Ship,1.0,1,0.6585365853658537,1.0,medium,M,0.5,-0.6824482167886622,0
9914,F,Ship,1.5,2,0.7682926829268293,2.0,low,F,0.0,-0.8998598349166796,1
9915,A,Ship,1.0,2,0.5487804878048781,1.0,low,F,0.5,-0.669366142345429,1
9916,B,Ship,0.5,3,0.7439024390243902,2.0,low,F,-0.8333333333333334,-0.7266780875253076,0
9917,C,Ship,1.0,2,1.024390243902439,1.0,low,M,-0.8333333333333334,-0.7790063852982402,0
9918,F,Ship,0.5,5,0.35365853658536583,2.0,medium,M,-0.8333333333333334,-0.7263666095623734,0
9919,D,Ship,1.0,5,0.8048780487804879,1.0,low,F,-0.6666666666666666,-0.7257436536365052,1
9920,F,Ship,1.0,3,0.7682926829268293,1.0,medium,M,-0.16666666666666666,-0.7867933343715932,1
9921,A,Ship,1.0,4,0.8536585365853658,1.0,low,F,0.0,-0.8194985204796761,1
9922,B,Ship,0.0,1,0.5365853658536586,2.0,low,M,0.16666666666666666,-0.88553184862171,0
9923,C,Ship,1.5,1,0.4878048780487805,1.0,low,F,-0.3333333333333333,-0.7114156673415356,1
9924,F,Ship,0.5,4,0.5975609756097561,2.0,medium,M,0.16666666666666666,-0.8101541815916524,0
9925,D,Ship,1.0,2,0.6463414634146342,1.0,low,M,0.5,-0.8001868867777605,0
9926,F,Ship,1.0,3,0.4024390243902439,1.0,medium,M,0.0,-0.7858589004827908,1
9927,A,Ship,0.5,1,0.23170731707317074,2.0,medium,F,-0.16666666666666666,-0.7843015106681203,1
9928,B,Ship,1.5,2,0.4878048780487805,1.0,medium,F,0.3333333333333333,-0.735399470487463,0
9929,C,Ship,1.0,1,0.9146341463414634,2.0,medium,M,0.0,-0.9113845195452421,0
9930,F,Ship,1.0,2,0.8292682926829268,1.0,medium,M,-0.16666666666666666,-0.770907958261953,0
9931,D,Ship,0.5,3,0.35365853658536583,2.5,medium,M,0.5,-0.7537766703005763,1
9932,F,Ship,0.5,3,0.35365853658536583,2.0,medium,M,0.16666666666666666,-0.9113845195452421,1
9933,A,Ship,0.0,2,0.17073170731707318,2.0,low,F,-0.6666666666666666,-0.8335150288117116,1
9934,B,Ship,0.5,5,0.25609756097560976,2.0,low,M,-0.5,-0.7447438093754867,0
9935,C,Ship,0.0,4,0.7317073170731707,2.5,low,M,0.5,-0.870269428437938,1
9936,F,Ship,1.0,4,0.4878048780487805,2.0,medium,F,0.5,-0.8453511914032082,0
9937,D,Ship,0.0,5,0.45121951219512196,2.5,low,F,-1.0,-0.786170378445725,0
9938,F,Ship,1.5,1,1.170731707317073,1.0,medium,F,0.16666666666666666,-0.7936458495561439,1
9939,A,Ship,1.5,3,0.9024390243902439,1.0,medium,M,-0.6666666666666666,-0.6727923999377045,0
9940,B,Ship,0.0,3,0.04878048780487805,2.0,medium,F,0.3333333333333333,-0.9733686341691326,0
9941,C,Ship,0.5,5,0.45121951219512196,2.0,medium,F,0.5,-0.7681046565955458,0
9942,F,Ship,0.5,3,0.5975609756097561,2.0,medium,F,-0.16666666666666666,-0.9210403363962,0
9943,D,Ship,0.0,4,0.6341463414634146,2.5,low,F,-0.8333333333333334,-0.7391372060426725,1
9944,F,Ship,1.0,2,1.1341463414634145,1.0,low,F,0.3333333333333333,-0.770907958261953,0
9945,A,Ship,1.5,5,0.6585365853658537,1.0,medium,F,0.3333333333333333,-0.7459897212272232,1
9946,B,Ship,1.0,5,-0.6951219512195121,2.0,low,F,0.5,-0.9394175362093132,0
9947,C,Ship,1.5,3,0.5853658536585366,1.0,low,F,-1.0,-0.8612365675128485,1
9948,F,Ship,0.0,2,0.3780487804878049,2.0,medium,M,0.5,-0.7727768260395577,1
9949,D,Ship,0.5,5,0.036585365853658534,2.5,medium,M,-0.3333333333333333,-0.7889736801121321,0
9950,F,Ship,1.0,3,0.5487804878048781,1.0,high,F,0.0,-0.916056688989254,0
9951,A,Ship,0.5,2,0.2926829268292683,2.0,low,F,-0.5,-0.6812023049369257,0
9952,B,Ship,1.0,4,0.9024390243902439,1.0,medium,F,0.3333333333333333,-0.8017442765924311,0
9953,C,Ship,1.5,4,0.8536585365853658,1.0,low,M,-0.6666666666666666,-0.7469241551160255,1
9954,F,Ship,0.0,4,0.35365853658536583,2.0,medium,M,-0.8333333333333334,-0.7185796604890204,0
9955,D,Ship,1.0,2,0.5609756097560976,1.0,low,F,0.16666666666666666,-0.8182526086279396,0
9956,F,Ship,0.0,3,0.6097560975609756,2.0,low,F,-0.8333333333333334,-0.8123345273321912,0
9957,A,Ship,0.5,2,0.6707317073170732,2.0,medium,F,0.5,-0.9456470954679956,1
9958,B,Ship,1.5,4,0.8292682926829268,1.0,low,M,-0.16666666666666666,-0.7316617349322535,0
9959,C,Ship,0.5,2,0.43902439024390244,2.5,low,M,-1.0,-0.8886466282510512,1
9960,F,Ship,0.5,5,0.1951219512195122,2.0,low,F,0.16666666666666666,-0.9599750817629653,0
9961,D,Ship,1.0,5,0.4878048780487805,1.0,high,F,0.5,-0.9132533873228469,0
9962,F,Ship,0.5,4,0.5121951219512195,2.0,low,M,-0.8333333333333334,-0.755645538078181,1
9963,A,Ship,0.0,2,0.5,2.0,low,F,0.0,-0.8631054352904532,0
9964,B,Ship,1.5,3,1.1219512195121952,1.0,low,M,-0.8333333333333334,-0.7347765145615948,1
9965,C,Ship,1.0,2,-0.3048780487804878,-1.0,low,F,-0.8333333333333334,-0.720137050303691,0
9966,F,Ship,1.0,3,0.8048780487804879,1.0,low,M,-0.8333333333333334,-0.7463011991901572,0
9967,D,Ship,1.0,5,1.170731707317073,1.0,medium,F,0.5,-0.8085967917769817,0
9968,F,Ship,0.5,4,0.6341463414634146,-1.0,medium,M,-1.0,0.41893786014639467,0
9969,A,Ship,-0.5,3,-0.21951219512195122,0.0,low,M,-0.5,0.4588070394019623,0
9970,B,Ship,-0.5,2,-0.1951219512195122,2.0,medium,F,-0.16666666666666666,0.4030524840367544,0
9971,C,Ship,0.5,5,-0.6219512195121951,-1.0,high,M,-0.16666666666666666,0.34387167107927114,1
9972,F,Ship,-0.5,3,-0.9390243902439024,0.0,low,F,0.16666666666666666,0.18470643201993459,0
9973,D,Ship,-0.5,1,-0.573170731707317,-1.0,low,F,0.16666666666666666,0.006852515184550693,1
9974,F,Ship,-0.5,5,-1.2073170731707317,-1.0,low,M,0.5,0.015885376109640244,0
9975,A,Road,0.5,2,-0.2682926829268293,-1.0,low,M,-0.3333333333333333,-0.03208223018221461,0
9976,B,Road,0.0,2,0.2926829268292683,2.0,medium,M,0.3333333333333333,0.1460831646161034,0
9977,C,Road,0.0,2,-0.8780487804878049,0.0,low,M,-0.8333333333333334,0.19965737424077246,1
9978,F,Road,-0.5,2,0.5121951219512195,-1.0,low,F,0.0,0.49088926958417695,1
9979,D,Road,0.0,1,-0.07317073170731707,0.0,medium,F,0.0,0.13798473757981622,0
9980,F,Road,-0.5,2,0.524390243902439,-1.0,medium,M,0.16666666666666666,0.028967450552873385,1
9981,A,Road,0.0,3,0.15853658536585366,0.0,medium,M,0.16666666666666666,0.5232829777293256,1
9982,B,Road,0.0,2,0.06097560975609756,1.0,low,M,0.16666666666666666,0.47064320199345894,0
9983,C,Road,0.5,3,-0.14634146341463414,-1.0,low,F,0.3333333333333333,0.4659710325494471,1
9984,F,Road,0.0,2,-0.6829268292682927,0.0,medium,F,0.3333333333333333,-0.02211493536832269,1
9985,D,Road,1.0,3,0.25609756097560976,0.0,low,F,0.0,0.21180501479520325,1
9986,F,Road,0.0,4,0.23170731707317074,0.0,low,M,0.3333333333333333,0.047033172403052485,1
9987,A,Road,0.0,5,0.36585365853658536,0.0,medium,M,-0.6666666666666666,0.532004360691481,1
9988,B,Road,-0.5,5,0.36585365853658536,2.0,medium,F,0.5,0.004360691481077714,0
9989,C,Road,-0.5,5,-0.8048780487804879,0.0,low,M,-0.5,0.5513159943933966,0
9990,F,Road,0.5,5,-0.524390243902439,-1.0,high,M,0.16666666666666666,0.14109951720915745,0
9991,D,Road,0.5,2,-0.2073170731707317,2.0,low,F,-0.5,0.014639464257903754,1
9992,F,Road,-0.5,1,0.5121951219512195,0.0,low,F,-0.3333333333333333,0.46534807662357885,0
9993,A,Road,1.0,3,0.10975609756097561,-1.0,medium,M,0.0,0.267248092197477,0
9994,B,Road,0.5,2,0.6951219512195121,1.0,low,F,-0.5,-0.02585267092353216,0
9995,C,Road,-1.0,1,-0.9634146341463414,1.0,medium,F,0.16666666666666666,0.2653792244198723,1
9996,F,Road,1.0,4,0.7073170731707317,-1.0,low,M,0.0,-0.0012459118517364897,0
9997,D,Flight,-0.5,1,0.6219512195121951,0.0,medium,F,0.5,0.02959040647874163,0
9998,F,Flight,0.5,5,-0.4146341463414634,-1.0,high,M,-0.3333333333333333,0.13580439183927737,1
9999,A,Flight,0.5,3,-0.32926829268292684,0.0,low,M,-0.8333333333333334,0.5662669366142346,0
10000,B,Flight,-0.5,3,-0.6829268292682927,0.0,low,M,-1.0,0.4214296838498676,0
10001,C,Flight,0.0,1,0.24390243902439024,-1.0,medium,F,-0.5,0.3161501323781343,0
10002,F,Flight,1.0,4,0.12195121951219512,2.0,medium,M,0.5,0.45257748014327986,0
10003,D,Flight,0.0,4,-0.7439024390243902,0.0,medium,M,-0.6666666666666666,0.08503348388101542,1
10004,F,Flight,-0.5,5,-1.0853658536585367,-1.0,low,F,-0.8333333333333334,0.01027877277682604,1
10005,A,Flight,0.0,1,-0.12195121951219512,0.0,medium,M,-0.6666666666666666,0.05014795203239371,0
10006,B,Flight,-0.5,1,-0.18292682926829268,0.0,high,M,-0.6666666666666666,0.30462544774957173,0
10007,C,Flight,-0.5,4,0.024390243902439025,0.0,low,F,-0.6666666666666666,0.3114779629341224,0
10008,F,Flight,0.0,3,-0.3780487804878049,0.0,low,F,-0.16666666666666666,0.4868400560660333,1
10009,D,Flight,0.0,3,-0.9512195121951219,0.0,medium,F,-0.5,0.5045942999532783,1
10010,F,Flight,0.0,1,0.6707317073170732,0.0,low,F,-0.6666666666666666,0.08098427036287183,1
10011,A,Flight,0.5,5,-1.329268292682927,1.0,low,M,-0.16666666666666666,0.3071172714530447,1
10012,B,Flight,0.0,2,0.47560975609756095,-1.0,low,F,-0.5,0.1099517209157452,1
10013,C,Flight,-0.5,1,0.5975609756097561,0.0,medium,M,-0.5,0.14546020869023515,0
10014,F,Flight,0.0,1,0.6341463414634146,0.0,low,M,0.5,0.07257436536365053,0
10015,D,Flight,-0.5,3,-0.35365853658536583,-1.0,low,M,-0.5,0.1859523438716711,0
10016,F,Flight,-0.5,4,0.3780487804878049,-1.0,medium,F,-1.0,0.08659087369568604,0
10017,A,Flight,-0.5,5,-0.36585365853658536,0.0,medium,F,0.3333333333333333,0.25541192960598036,0
10018,B,Flight,0.5,4,0.25609756097560976,0.0,medium,F,0.16666666666666666,0.15168976794891761,0
10019,C,Ship,-0.5,2,0.4024390243902439,0.0,medium,M,0.16666666666666666,0.32549447126615794,0
10020,F,Ship,0.0,4,-0.8414634146341463,-1.0,medium,M,0.3333333333333333,0.28687120386232673,0
10021,D,Ship,-0.5,3,-0.6829268292682927,-1.0,low,F,-0.5,0.5640865908736957,0
10022,F,Ship,0.0,5,0.6585365853658537,-1.0,low,M,-0.8333333333333334,0.17816539479831803,1
10023,A,Ship,-0.5,1,-0.34146341463414637,0.0,medium,F,-0.5,0.4254788973680112,1
10024,B,Ship,-1.0,3,0.14634146341463414,0.0,medium,M,0.16666666666666666,0.29808441052795515,1
10025,C,Ship,0.5,1,0.5365853658536586,0.0,medium,M,0.0,0.0987385142501168,1
10026,F,Ship,-0.5,4,-0.3048780487804878,0.0,high,M,-0.8333333333333334,0.40959352125837095,0
10027,D,Ship,0.5,3,0.5,1.0,medium,F,-0.5,0.00903286092508955,1
10028,F,Ship,0.5,5,-0.08536585365853659,1.0,low,F,-1.0,0.27596947515963244,0
10029,A,Ship,-0.5,5,0.6951219512195121,0.0,low,M,-0.8333333333333334,0.3363961999688522,1
10030,B,Ship,-0.5,4,0.3048780487804878,1.0,medium,F,0.5,0.4067902195919639,1
10031,C,Ship,0.0,4,-0.34146341463414637,0.0,low,F,0.16666666666666666,0.25541192960598036,1
10032,F,Ship,0.0,1,-0.9146341463414634,0.0,medium,F,0.0,0.039246223329699424,0
10033,D,Ship,-0.5,3,0.12195121951219512,2.5,medium,M,0.5,0.022426413331256813,0
10034,F,Ship,0.0,2,-0.1951219512195122,-1.0,high,M,-0.8333333333333334,0.4712661579193272,0
10035,A,Ship,0.0,4,-1.3658536585365855,0.0,high,F,0.3333333333333333,0.465659554586513,1
10036,B,Ship,-0.5,3,0.06097560975609756,0.0,high,M,-0.3333333333333333,0.05357420962466906,0
10037,C,Ship,0.0,5,0.3170731707317073,2.0,medium,M,0.16666666666666666,0.0513938638841302,0
10038,F,Ship,-0.5,2,0.0975609756097561,-1.0,medium,M,-1.0,-0.03986917925556767,1
10039,D,Ship,-1.0,2,0.08536585365853659,-1.0,medium,F,-0.6666666666666666,0.10932876498987697,1
10040,F,Ship,0.5,3,0.18292682926829268,-1.0,medium,F,-1.0,0.3566422675595702,1
10041,A,Ship,0.5,2,-0.8292682926829268,0.0,low,F,-0.3333333333333333,0.1794113066500545,0
10042,B,Ship,-0.5,3,-0.5975609756097561,-1.0,low,M,-1.0,0.47095467995639306,0
10043,C,Ship,0.0,4,-0.17073170731707318,0.0,low,F,0.0,0.516430462544775,1
10044,F,Ship,0.0,2,0.21951219512195122,-1.0,low,M,-0.3333333333333333,0.23610029590406478,0
10045,D,Ship,0.5,5,0.3170731707317073,-1.0,low,F,-0.8333333333333334,0.46908581217878836,0
10046,F,Ship,0.5,4,0.3170731707317073,1.0,medium,M,0.0,0.12552561906245133,1
10047,A,Ship,-0.5,2,-0.32926829268292684,0.0,medium,F,0.0,0.36910138607693505,0
10048,B,Ship,0.5,4,0.3048780487804878,0.0,low,F,0.0,0.2526086279395733,0
10049,C,Ship,-0.5,1,-0.524390243902439,1.0,medium,F,-0.16666666666666666,0.3890359757047189,0
10050,F,Ship,0.0,2,0.3048780487804878,1.0,medium,M,0.16666666666666666,-0.03426257592275347,0
10051,D,Ship,0.0,2,-0.5853658536585366,2.0,low,M,0.16666666666666666,0.10714841924933811,0
10052,F,Ship,1.0,1,-1.2317073170731707,-1.0,medium,F,0.0,0.3379535897835228,1
10053,A,Ship,0.0,3,-1.3414634146341464,2.0,low,F,-0.16666666666666666,0.14577168665316928,1
10054,B,Ship,-0.5,4,0.6829268292682927,0.0,medium,F,0.5,0.3949540570004672,0
10055,C,Ship,0.5,1,-0.8414634146341463,-1.0,medium,M,0.16666666666666666,0.10465659554586514,1
10056,F,Ship,-0.5,5,-0.524390243902439,0.0,medium,M,-0.3333333333333333,-0.023049369257125057,1
10057,D,Ship,0.0,5,-0.6585365853658537,0.0,low,F,0.3333333333333333,0.513938638841302,1
10058,F,Ship,0.0,2,-0.04878048780487805,-1.0,medium,F,-1.0,0.40118361625914967,1
10059,A,Ship,0.0,1,0.5121951219512195,1.0,medium,F,-0.6666666666666666,0.36598660644759384,0
10060,B,Ship,0.0,5,-0.7195121951219512,0.0,low,F,0.5,0.3631833047811867,1
10061,C,Ship,0.5,1,-1.0731707317073171,2.0,medium,F,-0.8333333333333334,0.47033172403052487,1
10062,F,Ship,-0.5,1,-0.3048780487804878,0.0,low,M,-1.0,0.22955925868244823,0
10063,D,Ship,0.0,1,-0.0975609756097561,0.0,high,M,-0.8333333333333334,0.2691169599750818,1
10064,F,Ship,0.0,3,0.34146341463414637,-1.0,medium,M,-0.8333333333333334,0.5388568758760318,0
10065,A,Ship,-0.5,1,0.5365853658536586,-1.0,low,F,-0.5,0.34667497274567827,0
10066,B,Ship,0.0,4,-0.21951219512195122,1.0,low,F,0.5,0.2248870892384364,1
10067,C,Ship,-0.5,3,-0.06097560975609756,0.0,low,M,-1.0,0.32300264756268493,0
10068,F,Ship,0.0,4,0.5487804878048781,-1.0,low,M,-0.16666666666666666,0.049524996106525464,1
10069,D,Ship,-1.0,1,-0.9024390243902439,-1.0,medium,F,0.16666666666666666,0.2541660177542439,0
10070,F,Ship,0.5,3,-0.8902439024390244,-1.0,medium,F,0.5,0.15636193739292945,0
10071,A,Ship,-0.5,1,-0.6585365853658537,-1.0,medium,M,-0.3333333333333333,0.08908269739915901,1
10072,B,Ship,0.5,4,-0.07317073170731707,1.0,medium,F,0.16666666666666666,-0.01027877277682604,0
10073,C,Ship,-0.5,4,-0.1951219512195122,0.0,low,F,-0.6666666666666666,0.3653636505217256,0
10074,F,Ship,0.0,4,0.6097560975609756,0.0,low,M,-0.16666666666666666,0.5637751129107615,1
10075,D,Ship,0.0,3,-0.9512195121951219,1.0,low,M,0.5,0.5488241706899237,0
10076,F,Ship,0.0,4,0.08536585365853659,1.0,low,F,-0.8333333333333334,0.450397134402741,1
10077,A,Ship,0.5,3,0.34146341463414637,0.0,low,F,0.5,0.23049369257125057,1
10078,B,Ship,0.0,2,-0.6341463414634146,0.0,low,M,0.0,0.4563152156984893,0
10079,C,Ship,0.0,5,0.5365853658536586,0.0,low,F,-0.6666666666666666,0.39651144681513784,1
10080,F,Ship,0.5,3,-0.5121951219512195,0.0,medium,F,-0.6666666666666666,-0.028967450552873385,0
10081,D,Ship,0.0,4,0.0975609756097561,1.0,medium,M,-0.16666666666666666,0.18190313035352748,0
10082,F,Ship,-0.5,2,0.012195121951219513,-1.0,low,F,0.0,0.04859056221772309,0
10083,A,Ship,-0.5,4,-0.6097560975609756,-1.0,low,M,-1.0,-0.02554119296059804,1
10084,B,Ship,0.5,1,0.23170731707317074,0.0,low,F,-0.16666666666666666,0.43949540570004675,0
10085,C,Ship,0.0,4,0.4268292682926829,0.0,medium,F,-1.0,0.4964958729169911,0
10086,F,Ship,0.0,5,0.036585365853658534,0.0,low,F,-0.6666666666666666,0.38342937237190466,1
10087,D,Ship,0.0,3,0.5609756097560976,0.0,low,M,-1.0,0.2015262420183772,0
10088,F,Ship,0.0,1,0.06097560975609756,-1.0,medium,M,-0.16666666666666666,0.3628718268182526,0
10089,A,Ship,0.0,1,0.6463414634146342,1.0,medium,M,-0.8333333333333334,-0.0389347453667653,0
10090,B,Ship,0.5,3,-0.9390243902439024,1.0,low,F,0.3333333333333333,0.18844416757514407,0
10091,C,Ship,0.0,5,-0.8902439024390244,-1.0,low,M,-1.0,0.07662357888179411,1
10092,F,Ship,0.0,2,-0.15853658536585366,-1.0,medium,M,-0.16666666666666666,0.4921351814359134,0
10093,D,Ship,0.5,1,-1.0853658536585367,1.0,medium,M,-0.6666666666666666,0.450397134402741,0
10094,F,Ship,-0.5,1,-0.5,-1.0,medium,F,-1.0,0.5538078180968696,1
10095,A,Ship,-0.5,5,0.6951219512195121,-1.0,medium,F,-0.16666666666666666,-0.04018065721850179,1
10096,B,Ship,0.0,5,0.35365853658536583,0.0,low,M,0.3333333333333333,0.3469864507086124,0
10097,C,Ship,0.5,1,-0.7682926829268293,0.0,low,F,0.3333333333333333,0.23236256034885533,0
10098,F,Ship,0.0,4,0.12195121951219512,1.0,medium,F,-0.8333333333333334,0.11026319887867933,1
10099,D,Ship,-0.5,2,-0.8902439024390244,0.0,low,M,0.0,0.16601775424388723,0
10100,F,Ship,-0.5,2,-0.9878048780487805,0.0,medium,M,0.5,0.5151845506930385,0
10101,A,Ship,-0.5,2,0.3048780487804878,0.0,low,M,-0.5,0.460675907179567,1
10102,B,Ship,0.0,3,-0.13414634146341464,-1.0,low,M,0.16666666666666666,0.45102009032860924,0
10103,C,Ship,0.0,2,0.07317073170731707,0.0,low,F,0.3333333333333333,0.5441520012459119,0
10104,F,Ship,0.0,3,-0.024390243902439025,-1.0,low,M,0.16666666666666666,0.42485594144214295,0
10105,D,Ship,-1.0,4,0.4634146341463415,1.0,medium,M,-0.5,0.1987229403519701,0
10106,F,Ship,0.5,5,0.6219512195121951,0.0,low,M,-0.6666666666666666,0.46347920884597416,0
10107,A,Ship,0.0,2,-0.18292682926829268,0.0,low,M,0.0,0.37159320978040805,0
10108,B,Ship,-0.5,5,-0.06097560975609756,0.0,high,F,-0.5,0.3937081451487307,0
10109,C,Ship,0.0,5,0.4878048780487805,0.0,low,F,0.0,0.0666562840679022,0
10110,F,Ship,-1.0,3,0.024390243902439025,0.0,high,M,0.3333333333333333,-0.03644292166329232,1
10111,D,Ship,0.5,4,-0.21951219512195122,-1.0,medium,M,-0.8333333333333334,0.4254788973680112,0
10112,F,Road,0.0,4,0.5365853658536586,0.0,high,M,-0.8333333333333334,0.3958884908892696,0
10113,A,Road,-0.5,3,-0.9390243902439024,0.0,high,M,0.0,0.5123812490266314,1
10114,B,Road,1.0,5,0.8292682926829268,1.0,low,M,0.5,0.23423142812646006,0
10115,C,Road,-0.5,2,-0.7073170731707317,-1.0,medium,M,0.5,0.03955770129263354,0
10116,F,Road,0.0,5,0.2804878048780488,2.0,medium,M,-0.5,0.239215075533406,0
10117,D,Road,0.0,5,-0.5365853658536586,0.0,medium,M,-0.6666666666666666,0.17006696776203084,1
10118,F,Road,0.0,1,0.35365853658536583,0.0,high,F,0.3333333333333333,0.03986917925556767,0
10119,A,Road,0.0,5,-0.6219512195121951,0.0,medium,F,-0.8333333333333334,0.22987073664538235,0
10120,B,Road,-0.5,4,0.524390243902439,0.0,low,F,-0.5,0.22862482479364585,0
10121,C,Road,0.5,4,-0.4268292682926829,2.5,medium,M,-1.0,0.39993770440741316,0
10122,F,Road,-0.5,3,0.7317073170731707,1.0,medium,F,0.0,0.21149353683226912,0
10123,D,Road,-0.5,4,-0.4878048780487805,-1.0,low,F,-0.5,0.04547578258838187,1
10124,F,Road,0.0,2,-0.6341463414634146,2.5,low,F,-0.5,-0.017131287961376734,0
10125,A,Road,1.0,2,0.6707317073170732,2.5,medium,M,-0.5,0.08534496184394955,0
10126,B,Road,0.0,1,-0.8170731707317073,-1.0,low,M,0.16666666666666666,0.1404765612832892,1
10127,C,Road,1.0,4,0.8780487804878049,1.0,medium,F,-0.3333333333333333,0.03519700981155583,0
10128,F,Road,-1.0,5,0.6951219512195121,0.0,low,F,-0.16666666666666666,0.41177386699890983,1
10129,D,Road,0.5,2,-1.024390243902439,1.0,high,M,-0.5,0.06914810777137517,0
10130,F,Road,0.0,5,0.5365853658536586,-1.0,medium,F,-0.8333333333333334,0.04796760629185485,1
10131,A,Road,0.5,1,-0.7682926829268293,0.0,medium,F,-1.0,0.25914966516118987,0
10132,B,Road,0.5,4,-0.07317073170731707,2.5,medium,F,-0.5,0.31334683071172714,1
10133,C,Road,1.0,2,-0.9390243902439024,2.5,low,F,-0.3333333333333333,0.1124435446192182,0
10134,F,Flight,-0.5,1,0.43902439024390244,0.0,medium,F,0.16666666666666666,0.4236100295904065,0
10135,D,Flight,0.0,5,-0.036585365853658534,-1.0,low,F,-0.5,-0.013393552406167264,1
10136,F,Flight,0.0,1,-0.21951219512195122,0.0,medium,F,0.3333333333333333,0.3323469864507086,1
10137,A,Flight,-0.5,4,-0.4878048780487805,0.0,low,F,-0.6666666666666666,0.37906868089082696,1
10138,B,Flight,1.0,5,0.7682926829268293,1.0,medium,F,-0.3333333333333333,-0.717645226600218,1
10139,C,Flight,1.0,2,0.8536585365853658,1.0,low,F,0.0,-0.9244665939884753,1
10140,F,Flight,0.0,5,0.5365853658536586,2.0,low,M,-0.6666666666666666,-0.9303846752842236,0
10141,D,Flight,1.5,1,0.4878048780487805,1.0,low,M,0.3333333333333333,-0.7079894097492603,0
10142,F,Flight,0.5,5,0.5975609756097561,2.0,medium,M,0.5,-0.7350879925245289,1
10143,A,Flight,1.0,5,0.6463414634146342,1.0,low,M,-0.6666666666666666,-0.8095312256657842,0
10144,B,Flight,1.0,4,0.4024390243902439,1.0,medium,M,-0.8333333333333334,-0.7135960130820744,1
10145,C,Flight,0.5,1,0.23170731707317074,2.0,medium,M,-0.5,-0.7871048123345273,0
10146,F,Flight,1.5,5,0.4878048780487805,1.0,medium,F,-0.16666666666666666,-0.9764834137984738,0
10147,D,Flight,1.0,3,0.9146341463414634,2.0,medium,F,-1.0,-0.6852515184550693,1
10148,F,Flight,1.0,2,0.8292682926829268,1.0,medium,F,0.3333333333333333,-0.8609250895499143,0
10149,A,Flight,0.5,3,0.35365853658536583,2.5,medium,F,0.5,-0.9219747702850023,1
10150,B,Flight,0.5,1,0.35365853658536583,2.0,medium,M,0.16666666666666666,-0.7528422364117738,0
10151,C,Flight,0.0,5,0.17073170731707318,2.0,low,M,-0.8333333333333334,-0.6706120541971655,0
10152,F,Flight,0.5,4,0.25609756097560976,2.0,low,F,0.16666666666666666,-0.8098427036287182,0
10153,D,Flight,0.0,1,0.7317073170731707,2.5,low,M,0.16666666666666666,-0.9369257125058402,1
10154,F,Flight,1.0,3,0.4878048780487805,2.0,medium,F,0.0,-0.7892851580750662,1
10155,A,Flight,0.0,4,0.2804878048780488,2.0,medium,F,-0.16666666666666666,0.1361158698022115,0
10156,B,Ship,0.0,4,-0.5365853658536586,0.0,medium,M,-0.5,-0.02709858277526865,0
10157,C,Ship,0.0,4,0.35365853658536583,0.0,high,F,-0.5,0.2906089394175362,1
10158,F,Ship,0.0,5,-0.6219512195121951,0.0,medium,M,-1.0,-0.03114779629341224,1
10159,D,Ship,-0.5,3,0.524390243902439,0.0,low,M,-0.3333333333333333,0.24544463479208847,1
10160,F,Ship,0.5,3,-0.4268292682926829,2.5,medium,M,-1.0,0.2432642890515496,1
10161,A,Ship,-0.5,1,0.7317073170731707,1.0,medium,M,-0.5,-0.028655972589939262,0
10162,B,Ship,-0.5,4,-0.4878048780487805,-1.0,low,M,0.0,0.13923064943155272,0
10163,C,Ship,0.0,1,-0.6341463414634146,2.5,low,M,-1.0,0.42859367699735246,1
10164,F,Ship,1.0,1,0.6707317073170732,2.5,medium,F,-0.8333333333333334,0.3781342470020246,0
10165,D,Ship,0.0,3,-0.8170731707317073,-1.0,low,M,-0.8333333333333334,0.3993147484815449,0
10166,F,Ship,1.0,5,0.8780487804878049,1.0,medium,F,-0.5,0.23049369257125057,0
10167,A,Ship,-1.0,5,0.6951219512195121,0.0,low,M,0.3333333333333333,0.011213206665628406,0
10168,B,Ship,0.5,1,-1.024390243902439,1.0,high,F,0.3333333333333333,0.24824793645849555,1
10169,C,Ship,0.0,4,0.5365853658536586,-1.0,medium,F,-0.3333333333333333,0.12864039869179256,0
10170,F,Ship,0.5,5,-0.7682926829268293,0.0,medium,M,-0.8333333333333334,0.4226755957016041,0
10171,D,Ship,0.5,2,-0.07317073170731707,2.5,medium,M,-0.3333333333333333,0.1875097336863417,0
10172,F,Ship,1.0,2,-0.9390243902439024,2.5,low,F,-0.5,0.10621398536053574,0
10173,A,Ship,-0.5,2,0.43902439024390244,0.0,medium,M,-0.16666666666666666,0.15168976794891761,0
10174,B,Ship,0.0,3,-0.036585365853658534,-1.0,low,F,-0.16666666666666666,0.4123968229247781,1
10175,C,Ship,0.0,4,-0.21951219512195122,0.0,medium,F,-0.8333333333333334,0.05326273166173493,1
10176,F,Ship,-0.5,2,-0.4878048780487805,0.0,low,F,-0.6666666666666666,0.3295436847843015,1
10177,D,Ship,1.0,3,0.7682926829268293,1.0,medium,F,-0.16666666666666666,-0.8459741473290765,0
10178,F,Ship,1.0,3,0.8536585365853658,1.0,low,F,-0.6666666666666666,-0.8902040180657218,0
10179,A,Ship,0.0,4,0.5365853658536586,2.0,low,M,0.3333333333333333,-0.6858744743809375,1
10180,B,Ship,1.5,2,0.4878048780487805,1.0,low,M,-0.16666666666666666,-0.9789752375019467,0
10181,C,Ship,0.5,5,0.5975609756097561,2.0,medium,M,-0.8333333333333334,-0.8509577947360224,0
10182,F,Ship,1.0,1,0.6463414634146342,1.0,low,M,0.3333333333333333,-0.9353683226911697,1
10183,D,Ship,1.0,2,0.4024390243902439,1.0,medium,M,-0.6666666666666666,-0.9440897056533251,0
10184,F,Ship,0.5,3,0.23170731707317074,2.0,medium,F,-0.6666666666666666,-0.8568758760317707,0
10185,A,Ship,1.5,5,0.4878048780487805,1.0,medium,F,-1.0,-0.872761252141411,0
10186,B,Ship,1.0,2,0.9146341463414634,2.0,medium,F,0.5,-0.7917769817785392,1
10187,C,Ship,1.0,3,0.8292682926829268,1.0,medium,F,0.16666666666666666,-0.8640398691792556,0
10188,F,Ship,0.5,2,0.35365853658536583,2.5,medium,M,0.0,-0.7466126771530914,0
10189,D,Ship,0.5,4,0.35365853658536583,2.0,medium,F,-0.5,-0.7276125214141099,0
10190,F,Ship,0.0,1,0.17073170731707318,2.0,low,F,-0.16666666666666666,-0.7086123656751285,0
10191,A,Ship,0.5,5,0.25609756097560976,2.0,low,M,0.16666666666666666,-0.8774334215854228,1
10192,B,Ship,1.5,3,1.1219512195121952,1.0,low,F,-0.5,-0.7846129886310543,0
10193,C,Ship,1.0,1,-0.3048780487804878,-1.0,low,F,-0.16666666666666666,-0.8970565332502726,0
10194,F,Ship,1.0,4,0.8048780487804879,1.0,low,M,-0.5,-0.7220059180812958,1
10195,D,Ship,1.0,4,1.170731707317073,1.0,medium,M,-1.0,-0.826973991590095,1
10196,F,Ship,0.0,3,0.6097560975609756,2.5,medium,F,0.5,-0.6812023049369257,1
10197,A,Ship,0.5,5,0.35365853658536583,2.5,low,M,0.3333333333333333,-0.8724497741784769,0
10198,B,Ship,0.5,5,0.3780487804878049,2.0,low,M,-0.3333333333333333,-0.9023516586201527,0
10199,C,Ship,0.5,5,0.3048780487804878,2.5,low,M,-1.0,-0.8612365675128485,0
10200,F,Ship,0.0,3,0.4146341463414634,2.0,low,F,0.0,-0.7350879925245289,1
10201,D,Ship,1.0,1,0.6585365853658537,1.0,low,F,-1.0,-0.7771375175206354,1
10202,F,Ship,1.0,4,0.6951219512195121,1.0,low,F,-0.16666666666666666,-0.8241706899236879,0
10203,A,Ship,0.0,5,0.23170731707317074,2.0,low,F,0.16666666666666666,-0.9683849867621865,1
10204,B,Ship,0.5,1,0.3780487804878049,2.0,low,M,0.3333333333333333,-0.7646783990032705,1
10205,C,Ship,0.5,2,0.4146341463414634,2.0,medium,F,-1.0,-0.717645226600218,1
10206,F,Ship,0.5,2,0.24390243902439024,2.0,medium,M,-0.16666666666666666,-0.7618750973368634,0
10207,D,Ship,0.0,2,0.5487804878048781,2.0,medium,F,-0.8333333333333334,-0.9640242952811089,0
10208,F,Ship,0.5,1,0.5487804878048781,2.5,low,F,-0.8333333333333334,-0.7079894097492603,0
10209,A,Ship,0.5,2,0.5975609756097561,2.5,low,M,-0.8333333333333334,-0.7157763588226133,0
10210,B,Ship,-0.5,1,-0.6829268292682927,2.0,low,M,-0.5,-0.9275813736178166,1
10211,C,Ship,0.5,5,0.6829268292682927,2.0,low,M,-0.3333333333333333,-0.7154648808596792,1
10212,F,Ship,0.0,3,0.6951219512195121,2.0,low,M,-0.16666666666666666,-0.8079738358511135,1
10213,D,Ship,0.5,5,0.2804878048780488,2.0,medium,F,0.3333333333333333,-0.7600062295592587,0
10214,F,Ship,1.0,1,0.43902439024390244,1.0,medium,M,-0.3333333333333333,-0.748170066967762,0
10215,A,Ship,0.0,2,0.6829268292682927,2.0,low,F,0.5,-0.8749415978819498,0
10216,B,Ship,0.0,5,0.34146341463414637,2.5,low,F,0.3333333333333333,-0.7135960130820744,0
10217,C,Ship,0.5,1,0.6951219512195121,2.0,low,F,-0.5,-0.8073508799252452,1
10218,F,Ship,0.0,3,0.4878048780487805,2.0,low,F,0.16666666666666666,-0.7157763588226133,0
10219,D,Ship,0.5,3,0.7317073170731707,2.0,medium,M,0.0,-0.7640554430774023,1
10220,F,Ship,0.0,3,0.4268292682926829,2.0,low,F,0.5,-0.9599750817629653,1
10221,A,Ship,0.0,3,0.3780487804878049,2.0,low,M,0.0,-0.9241551160255412,0
10222,B,Ship,0.0,5,0.2804878048780488,2.0,low,F,0.3333333333333333,-0.6762186575299798,1
10223,C,Ship,0.0,3,0.2926829268292683,2.5,low,M,-0.8333333333333334,-0.7011368945647095,0
10224,F,Ship,0.5,3,0.34146341463414637,2.0,low,F,-0.16666666666666666,-0.7687276125214141,0
10225,D,Ship,0.5,5,0.036585365853658534,2.5,medium,M,-1.0,-0.7438093754866844,0
10226,F,Ship,0.0,2,0.34146341463414637,2.5,low,F,0.5,-0.8154493069615325,1
10227,A,Ship,1.0,1,0.6219512195121951,1.0,low,F,-1.0,-0.8733842080672792,1
10228,B,Ship,-0.5,4,0.6463414634146342,0.0,low,F,-0.6666666666666666,0.12988631054352903,0
10229,C,Ship,-0.5,1,0.2926829268292683,-1.0,low,M,0.3333333333333333,0.3142812646005295,0
10230,F,Ship,0.5,3,0.8536585365853658,2.0,medium,F,-0.5,0.3719046877433422,1
10231,D,Ship,0.0,3,-0.9390243902439024,0.0,medium,M,-0.3333333333333333,0.2195919638685563,1
10232,F,Ship,-1.0,1,0.21951219512195122,2.5,low,F,-0.8333333333333334,0.35259305404142655,1
10233,A,Ship,-0.5,3,0.5853658536585366,-1.0,low,F,0.5,0.5612832892072885,1
10234,B,Ship,0.5,1,-0.6829268292682927,-1.0,medium,M,-0.16666666666666666,0.22551004516430462,0
10235,C,Ship,0.5,5,0.14634146341463414,1.0,low,F,0.5,0.4756268494004049,1
10236,F,Ship,0.0,3,-0.18292682926829268,-1.0,low,M,-0.5,0.5313814047656128,0
10237,D,Ship,0.0,4,-0.47560975609756095,-1.0,medium,F,0.5,0.24232985516274724,0
10238,F,Ship,0.5,1,0.23170731707317074,0.0,low,F,0.3333333333333333,0.27721538701136894,0
10239,A,Ship,-1.0,5,-1.2560975609756098,-1.0,low,F,-0.3333333333333333,-0.034574053885687586,1
10240,B,Ship,0.5,2,0.04878048780487805,0.0,low,M,-0.5,0.3781342470020246,1
10241,C,Ship,0.5,1,-0.3048780487804878,1.0,low,F,0.5,0.005295125369880081,1
10242,F,Ship,0.0,3,0.524390243902439,0.0,low,M,0.16666666666666666,0.5591029434667497,0
10243,D,Ship,0.0,2,-0.6585365853658537,0.0,low,M,-0.3333333333333333,0.10683694128640399,0
10244,F,Ship,-0.5,3,-0.2073170731707317,0.0,low,F,-0.5,0.2208378757202928,1
10245,A,Ship,-0.5,5,0.8414634146341463,-1.0,low,M,-0.8333333333333334,0.0180657218501791,0
10246,B,Ship,0.5,5,-0.2073170731707317,1.0,low,F,0.0,-0.0024918237034729793,1
10247,C,Ship,-0.5,1,0.5487804878048781,1.0,low,F,0.3333333333333333,-0.020246067590717957,1
10248,F,Ship,0.0,3,-0.23170731707317074,0.0,medium,M,-0.3333333333333333,0.5338732284690858,0
10249,D,Road,-0.5,1,-0.6707317073170732,-1.0,medium,M,-0.3333333333333333,0.23578881794113066,1
10250,F,Road,-0.5,1,0.6463414634146342,0.0,medium,F,0.16666666666666666,0.39433110107459896,1
10251,A,Road,0.5,2,-0.7195121951219512,0.0,low,F,0.5,0.10465659554586514,1
10252,B,Road,-0.5,1,0.6463414634146342,-1.0,low,F,0.3333333333333333,0.4968073508799252,0
10253,C,Road,0.0,1,0.3048780487804878,0.0,medium,F,0.3333333333333333,0.2432642890515496,1
10254,F,Road,-0.5,1,0.5975609756097561,0.0,high,M,0.5,0.2373462077558013,0
10255,D,Road,-0.5,5,0.036585365853658534,0.0,medium,M,-0.6666666666666666,0.39993770440741316,0
10256,F,Road,0.0,3,-0.5,0.0,low,M,-0.5,0.20059180812957483,1
10257,A,Road,-1.0,2,-0.6219512195121951,0.0,low,M,-0.3333333333333333,0.5413486995795047,0
10258,B,Road,0.5,5,0.21951219512195122,2.0,low,F,-0.8333333333333334,0.4398068836629808,0
10259,C,Road,-0.5,3,-0.7195121951219512,0.0,medium,M,-0.3333333333333333,0.2516741940507709,1
10260,F,Road,-0.5,4,-0.6585365853658537,1.0,low,M,-1.0,0.3712817318174739,0
10261,D,Road,0.5,4,-0.17073170731707318,0.0,medium,M,-0.6666666666666666,0.023672325182993302,0
10262,F,Road,0.0,1,-0.6585365853658537,-1.0,medium,M,-1.0,0.4958729169911229,1
10263,A,Road,-0.5,3,0.07317073170731707,0.0,low,M,0.0,0.3656751284846597,1
10264,B,Road,-0.5,3,-0.6585365853658537,-1.0,medium,F,-0.6666666666666666,0.16072262887400715,0
10265,C,Road,-0.5,4,-0.9512195121951219,0.0,low,F,-0.5,0.3796916368166952,0
10266,F,Road,0.5,1,0.4634146341463415,0.0,high,F,-0.8333333333333334,0.2750350412708301,0
10267,D,Road,-0.5,4,-0.926829268292683,2.0,medium,F,-0.3333333333333333,0.47998754088148265,0
10268,F,Road,0.0,4,-0.5,0.0,low,M,0.5,0.14546020869023515,0
10269,A,Road,0.0,5,-0.1951219512195122,0.0,low,M,-0.8333333333333334,0.038311789440897054,0
10270,B,Road,0.0,1,-0.24390243902439024,-1.0,medium,F,-0.6666666666666666,0.42174116181280175,0
10271,C,Flight,0.0,5,-0.6951219512195121,0.0,medium,M,0.5,0.5447749571717801,1
10272,F,Flight,-0.5,3,0.07317073170731707,0.0,low,F,-0.8333333333333334,0.28531381404765616,1
10273,D,Flight,0.0,4,-0.6585365853658537,0.0,medium,M,-0.3333333333333333,0.09064008721382961,0
10274,F,Flight,-0.5,4,0.0,-1.0,low,M,0.0,0.3448061049680735,1
10275,A,Flight,0.5,5,-0.012195121951219513,0.0,medium,M,-0.3333333333333333,0.3420028033016664,0
10276,B,Flight,-0.5,5,-0.8292682926829268,0.0,medium,M,0.16666666666666666,0.46347920884597416,1
10277,C,Flight,0.0,3,-0.4634146341463415,2.0,low,M,-0.8333333333333334,0.4989876966204641,1
10278,F,Flight,-0.5,2,0.06097560975609756,1.0,low,F,-0.16666666666666666,0.0513938638841302,1
10279,D,Flight,0.0,3,-0.6097560975609756,0.0,medium,F,-0.5,0.10777137517520635,0
10280,F,Flight,-0.5,4,-0.5609756097560976,-1.0,medium,F,0.0,0.17131287961376732,1
10281,A,Flight,0.5,3,-0.573170731707317,0.0,low,M,0.3333333333333333,0.27316617349322536,0
10282,B,Flight,-0.5,2,-0.7560975609756098,0.0,medium,F,0.0,0.02959040647874163,0
10283,C,Flight,0.5,4,0.4146341463414634,0.0,low,M,0.0,0.36941286403986917,1
10284,F,Flight,-0.5,5,-0.45121951219512196,-1.0,low,F,-0.8333333333333334,0.23578881794113066,1
10285,D,Flight,0.0,4,-0.8048780487804879,0.0,low,M,-0.5,0.4880859679177698,1
10286,F,Flight,0.0,2,-1.3048780487804879,-1.0,low,F,0.16666666666666666,0.09686964647251207,0
10287,A,Flight,1.0,2,-0.21951219512195122,-1.0,low,M,0.5,0.32113377978508023,1
10288,B,Flight,-0.5,3,0.012195121951219513,-1.0,low,F,-0.8333333333333334,0.47095467995639306,0
10289,C,Flight,0.0,5,0.5609756097560976,0.0,low,M,0.5,0.05668898925401028,0
10290,F,Flight,0.5,5,-0.7073170731707317,-1.0,low,F,0.16666666666666666,0.20806727923999377,0
10291,D,Flight,0.0,1,0.6341463414634146,-1.0,high,M,-0.5,0.30119919015729635,0
10292,F,Flight,0.0,1,-0.8292682926829268,0.0,low,F,-1.0,0.21242797072107147,1
10293,A,Ship,0.0,2,-0.04878048780487805,0.0,medium,F,0.5,0.3753309453356175,0
10294,B,Ship,-1.0,4,-0.8536585365853658,-1.0,medium,M,-0.3333333333333333,0.5351191403208223,0
10295,C,Ship,-0.5,5,-0.4024390243902439,1.0,low,F,-1.0,0.5179878523594456,0
10296,F,Ship,0.5,5,-1.0,1.0,low,F,0.16666666666666666,0.05918081295748326,1
10297,D,Ship,0.5,3,0.35365853658536583,2.5,medium,F,0.3333333333333333,0.46441364273477653,0
10298,F,Ship,0.0,3,-0.5853658536585366,1.0,medium,F,-1.0,0.12054197165550537,0
10299,A,Ship,0.5,5,-0.8048780487804879,1.0,medium,F,-0.5,0.5482012147640555,0
10300,B,Ship,1.0,4,0.08536585365853659,2.0,low,M,0.3333333333333333,0.06572185017909983,0
10301,C,Ship,0.0,2,-0.08536585365853659,0.0,medium,F,-0.3333333333333333,0.1722473135025697,1
10302,F,Ship,0.0,1,0.17073170731707318,0.0,medium,M,-0.5,0.3731505995950786,1
10303,D,Ship,-0.5,2,-0.6463414634146342,0.0,medium,M,-0.8333333333333334,0.00778694907335306,1
10304,F,Ship,0.0,2,0.5487804878048781,-1.0,high,F,0.5,0.3476094066344806,0
10305,A,Ship,0.0,5,0.7073170731707317,-1.0,low,F,0.5,0.25323158386544153,0
10306,B,Ship,0.0,4,-0.7317073170731707,0.0,low,M,-0.5,0.3874785858900483,1
10307,C,Ship,0.0,2,-0.4878048780487805,0.0,low,M,-0.5,0.4597414732907647,0
10308,F,Ship,0.0,2,0.13414634146341464,-1.0,medium,F,-0.3333333333333333,0.5587914655038156,0
10309,D,Ship,-0.5,5,-0.06097560975609756,0.0,medium,M,0.16666666666666666,0.44915122255100454,0
10310,F,Ship,1.0,1,-0.07317073170731707,2.0,low,M,-0.16666666666666666,0.1208534496184395,0
10311,A,Ship,0.0,4,-0.6219512195121951,0.0,low,M,0.16666666666666666,0.2404609873851425,1
10312,B,Ship,-0.5,5,-0.4878048780487805,0.0,low,M,0.0,0.47438093754866845,1
10313,C,Ship,-0.5,5,0.2682926829268293,0.0,medium,F,-1.0,0.3335928983024451,0
10314,F,Ship,-0.5,2,0.18292682926829268,2.5,medium,F,-0.6666666666666666,0.47967606291854853,1
10315,D,Ship,-0.5,4,-0.23170731707317074,-1.0,low,F,-0.3333333333333333,0.15916523905933655,1
10316,F,Ship,0.0,2,-0.8292682926829268,0.0,low,F,0.3333333333333333,0.5363650521725588,1
10317,A,Ship,-0.5,2,-0.036585365853658534,-1.0,low,M,-0.5,0.2582152312723875,1
10318,B,Ship,-1.0,2,-0.6463414634146342,0.0,low,F,-0.3333333333333333,0.5762342314281265,1
10319,C,Ship,-1.0,5,0.35365853658536583,0.0,medium,F,0.3333333333333333,0.01027877277682604,0
10320,F,Ship,-0.5,3,-0.5487804878048781,-1.0,medium,F,0.16666666666666666,0.04111509110730416,1
10321,D,Ship,-0.5,4,0.7195121951219512,0.0,high,F,0.16666666666666666,0.11867310387790064,1
10322,F,Ship,0.0,2,-0.9390243902439024,-1.0,medium,M,-0.6666666666666666,0.1473290764678399,1
10323,A,Ship,-1.0,1,-1.4390243902439024,-1.0,high,F,0.3333333333333333,0.09344338888023672,1
10324,B,Ship,0.5,5,-0.45121951219512196,1.0,medium,F,-0.8333333333333334,0.22551004516430462,0
10325,C,Ship,0.0,1,0.6707317073170732,0.0,low,F,0.0,0.330789596636038,1
10326,F,Ship,-0.5,2,-0.3170731707317073,2.0,medium,M,0.0,0.4746924155116026,0
10327,D,Ship,0.0,1,0.2926829268292683,0.0,low,F,0.5,0.007163993147484816,0
10328,F,Ship,0.5,2,-0.5121951219512195,2.0,medium,F,-0.3333333333333333,0.20432954368478431,0
10329,A,Ship,0.0,4,-0.975609756097561,2.0,medium,M,-0.8333333333333334,0.534496184394954,1
10330,B,Ship,0.0,2,-0.2804878048780488,-1.0,medium,F,0.16666666666666666,0.2046410216477184,1
10331,C,Ship,0.5,3,-0.04878048780487805,2.5,low,M,-0.16666666666666666,0.01681980999844261,1
10332,F,Ship,0.0,5,-0.6463414634146342,0.0,medium,F,-0.8333333333333334,0.38280641644603647,0
10333,D,Ship,0.5,4,-0.6463414634146342,2.0,medium,M,-1.0,0.5077090795826196,1
10334,F,Ship,0.0,1,-0.5853658536585366,2.0,low,F,0.3333333333333333,0.10060738202772154,0
10335,A,Ship,0.0,3,-0.5365853658536586,1.0,medium,F,0.3333333333333333,0.07039401962311166,0
10336,B,Ship,-0.5,1,0.45121951219512196,0.0,medium,F,-0.5,0.3557078336707678,0
10337,C,Ship,-0.5,3,0.0,0.0,medium,M,-0.6666666666666666,-0.028967450552873385,1
10338,F,Ship,0.0,3,-0.2073170731707317,0.0,medium,F,-0.16666666666666666,0.38810154181591655,0
10339,D,Ship,-0.5,3,0.15853658536585366,-1.0,high,M,-0.3333333333333333,0.03737735555209469,1
10340,F,Ship,0.0,5,0.6219512195121951,-1.0,low,F,-0.16666666666666666,0.15916523905933655,1
10341,A,Ship,1.0,5,0.8902439024390244,2.0,low,M,-0.8333333333333334,0.45538078180968694,1
10342,B,Ship,-0.5,5,-0.0975609756097561,-1.0,low,M,-0.6666666666666666,0.300264756268494,1
10343,C,Ship,0.0,2,-0.2682926829268293,0.0,low,F,-0.5,0.4451020090328609,1
10344,F,Ship,-1.0,1,-1.2804878048780488,1.0,low,F,-0.6666666666666666,0.34729792867154646,1
10345,D,Ship,0.0,3,-0.4146341463414634,-1.0,medium,M,0.0,0.435134714218969,1
10346,F,Ship,-0.5,2,0.12195121951219512,0.0,medium,M,-0.8333333333333334,-0.0417380470331724,0
10347,A,Ship,-0.5,2,0.5487804878048781,2.5,medium,M,-1.0,0.5369880080984271,0
10348,B,Ship,-0.5,4,0.6707317073170732,0.0,medium,M,0.16666666666666666,0.3784457249649587,1
10349,C,Ship,0.5,4,-0.32926829268292684,1.0,medium,F,-1.0,-0.0006229559258682448,0
10350,F,Ship,0.0,4,-0.35365853658536583,0.0,low,F,-0.8333333333333334,0.3547733997819654,1
10351,D,Ship,0.5,2,0.32926829268292684,-1.0,medium,F,-0.8333333333333334,0.404609873851425,0
10352,F,Ship,-1.0,5,0.17073170731707318,0.0,low,M,0.16666666666666666,0.46534807662357885,1
10353,A,Ship,-0.5,2,0.0,-1.0,medium,F,0.3333333333333333,0.11306650054508643,0
10354,B,Ship,-0.5,2,-0.21951219512195122,2.5,low,M,-0.16666666666666666,0.39401962311166483,0
10355,C,Ship,-0.5,1,-0.47560975609756095,0.0,low,M,-0.16666666666666666,0.17006696776203084,0
10356,F,Ship,-0.5,5,-0.524390243902439,0.0,medium,F,0.0,0.3641177386699891,1
10357,D,Ship,0.0,2,-0.35365853658536583,-1.0,medium,M,-0.3333333333333333,-0.02585267092353216,0
10358,F,Ship,-1.0,4,0.14634146341463414,0.0,low,M,0.3333333333333333,-0.015885376109640244,1
10359,A,Ship,0.0,1,0.6219512195121951,0.0,low,F,-0.5,0.03114779629341224,0
10360,B,Ship,0.0,4,-0.10975609756097561,1.0,medium,F,-0.8333333333333334,0.1685095779473602,1
10361,C,Ship,0.0,3,-0.3048780487804878,0.0,medium,F,0.3333333333333333,0.21055910294346675,0
10362,F,Ship,-0.5,4,-0.8902439024390244,0.0,medium,M,-0.8333333333333334,0.4245444634792088,0
10363,D,Ship,-0.5,3,0.036585365853658534,0.0,low,F,-0.16666666666666666,0.22987073664538235,0
10364,F,Ship,0.0,2,-0.1951219512195122,0.0,low,F,-0.5,0.5338732284690858,0
10365,A,Ship,0.0,4,0.3902439024390244,0.0,medium,F,-0.8333333333333334,0.0003114779629341224,0
10366,B,Ship,-0.5,4,0.573170731707317,1.0,medium,F,0.0,0.49275813736178165,0
10367,C,Ship,0.0,3,-0.6585365853658537,-1.0,low,M,0.3333333333333333,0.5578570316150132,0
10368,F,Ship,0.5,5,-0.9634146341463414,0.0,low,F,-0.5,0.493692571250584,0
10369,D,Ship,0.5,2,-0.012195121951219513,0.0,low,M,0.3333333333333333,0.4289051549602866,0
10370,F,Ship,-0.5,4,-0.3048780487804878,2.5,low,F,0.3333333333333333,0.16165706276280953,1
10371,A,Ship,0.0,1,0.5487804878048781,0.0,low,M,0.3333333333333333,0.31116648497118826,1
10372,B,Ship,0.0,5,-0.5365853658536586,0.0,low,M,-0.8333333333333334,0.4740694595857343,0
10373,C,Ship,-0.5,3,0.524390243902439,-1.0,medium,M,-0.3333333333333333,0.16570627628095314,1
10374,F,Ship,-0.5,5,-0.8658536585365854,-1.0,low,M,0.16666666666666666,0.18844416757514407,1
10375,D,Ship,0.0,1,0.5365853658536586,0.0,low,F,0.5,0.23578881794113066,0
10376,F,Ship,0.0,3,0.024390243902439025,-1.0,low,M,-0.5,0.5756112755022582,0
10377,A,Ship,0.0,3,-0.5487804878048781,0.0,low,F,0.16666666666666666,0.1445257748014328,0
10378,B,Ship,0.0,3,-0.5975609756097561,-1.0,low,M,-0.8333333333333334,0.3304781186731039,0
10379,C,Ship,0.0,4,0.3780487804878049,0.0,medium,F,0.0,0.10309920573119452,1
10380,F,Ship,0.0,1,-0.524390243902439,-1.0,low,F,-0.16666666666666666,0.4890204018065722,1
10381,D,Ship,-1.0,5,0.2926829268292683,1.0,medium,M,0.3333333333333333,-0.019623111664849712,0
10382,F,Ship,0.0,2,0.6219512195121951,0.0,medium,F,-1.0,0.3849867621865753,0
10383,A,Ship,0.0,3,-0.08536585365853659,-1.0,medium,M,-0.3333333333333333,0.04267248092197477,0
10384,B,Ship,-0.5,4,0.524390243902439,0.0,medium,M,0.5,0.16228001868867778,1
10385,C,Ship,-0.5,4,0.4634146341463415,-1.0,high,M,0.3333333333333333,0.04018065721850179,0
10386,F,Road,0.5,5,0.7073170731707317,-1.0,low,F,-0.5,0.37159320978040805,0
10387,D,Road,-0.5,2,-0.4146341463414634,2.5,medium,M,-0.6666666666666666,0.5080205575455536,1
10388,F,Road,0.5,1,0.036585365853658534,-1.0,low,F,0.3333333333333333,0.06104968073508799,0
10389,A,Road,-0.5,1,-0.7926829268292683,0.0,medium,F,0.3333333333333333,0.5615947671702227,1
10390,B,Road,0.0,5,-0.35365853658536583,-1.0,low,M,-0.16666666666666666,0.14359134091263043,0
10391,C,Road,0.5,2,0.0975609756097561,0.0,medium,M,0.5,0.465659554586513,1
10392,F,Road,0.0,3,-0.4146341463414634,0.0,medium,M,-0.5,0.41177386699890983,0
10393,D,Road,0.0,2,-0.7073170731707317,0.0,medium,M,-1.0,-0.016196854072574367,1
10394,F,Road,-0.5,5,0.32926829268292684,0.0,medium,M,0.5,0.29590406478741627,1
10395,A,Road,0.0,1,-0.5365853658536586,2.5,medium,F,-0.6666666666666666,0.330789596636038,1
10396,B,Road,-0.5,2,0.8780487804878049,2.5,high,F,-1.0,0.27596947515963244,1
10397,C,Road,-0.5,4,0.21951219512195122,2.0,medium,M,0.0,0.4684628562529201,1
10398,F,Road,0.5,2,-0.524390243902439,0.0,low,M,-0.16666666666666666,0.15791932720760007,1
10399,D,Road,0.0,4,-0.8292682926829268,2.5,low,F,-0.6666666666666666,0.0009344338888023672,1
10400,F,Road,0.0,2,-0.3048780487804878,2.5,medium,F,-0.3333333333333333,0.4114623890359757,0
10401,A,Road,-1.0,1,0.25609756097560976,0.0,high,M,0.16666666666666666,0.11618128017442766,1
10402,B,Road,0.0,2,-0.32926829268292684,0.0,high,F,-0.3333333333333333,0.23298551627472355,1
10403,C,Road,-0.5,5,-0.5853658536585366,0.0,high,F,-0.3333333333333333,0.3292322068213674,0
10404,F,Road,0.0,4,0.6097560975609756,2.5,medium,F,-0.16666666666666666,-0.7478585890048279,1
10405,D,Road,0.5,3,0.35365853658536583,2.5,low,F,-1.0,-0.7142189690079427,0
10406,F,Road,0.5,2,0.3780487804878049,2.0,low,F,0.3333333333333333,-0.8356953745522504,0
10407,A,Road,0.5,5,0.3048780487804878,2.5,low,F,-1.0,-0.674349789752375,0
10408,B,Flight,0.0,3,0.4146341463414634,2.0,low,M,-0.6666666666666666,-0.951876654726678,0
10409,C,Flight,1.0,4,0.6585365853658537,1.0,low,M,0.3333333333333333,-0.7338420806727924,0
10410,F,Flight,1.0,2,0.6951219512195121,1.0,low,F,-0.8333333333333334,-0.7026942843793802,1
10411,D,Flight,0.0,3,0.23170731707317074,2.0,low,M,-0.8333333333333334,-0.9562373462077558,0
10412,F,Flight,0.5,1,0.3780487804878049,2.0,low,F,0.0,-0.9521881326896122,0
10413,A,Flight,0.5,5,0.4146341463414634,2.0,medium,M,0.16666666666666666,-0.7064320199345896,1
10414,B,Flight,0.5,1,0.24390243902439024,2.0,medium,M,-0.8333333333333334,-0.9714997663915278,1
10415,C,Flight,0.0,5,0.5487804878048781,2.0,medium,M,-0.8333333333333334,-0.9602865597258994,1
10416,F,Flight,0.5,4,0.5487804878048781,2.5,low,M,-1.0,-0.9166796449151222,1
10417,D,Flight,0.5,2,0.5975609756097561,2.5,low,F,-0.16666666666666666,-0.8216788662202149,1
10418,F,Flight,-0.5,1,-0.6829268292682927,2.0,low,M,0.3333333333333333,-0.8135804391839278,1
10419,A,Flight,0.5,3,0.6829268292682927,2.0,low,F,-1.0,-0.8039246223329699,1
10420,B,Flight,-1.0,1,0.2926829268292683,1.0,medium,F,-0.5,0.19654259461143125,0
10421,C,Flight,0.0,1,0.6219512195121951,0.0,medium,M,-0.6666666666666666,0.32019934589627785,0
10422,F,Flight,0.0,3,-0.08536585365853659,-1.0,medium,M,-0.5,0.335773244042984,1
10423,D,Flight,-0.5,2,0.524390243902439,0.0,medium,M,0.3333333333333333,0.33857654570939105,0
10424,F,Flight,-0.5,3,0.4634146341463415,-1.0,high,M,-1.0,0.48528266625136274,1
10425,A,Flight,0.5,5,0.7073170731707317,-1.0,low,M,-1.0,0.22862482479364585,1
10426,B,Flight,-0.5,4,-0.4146341463414634,2.5,medium,F,-0.6666666666666666,0.45351191403208224,0
10427,C,Flight,0.5,4,0.036585365853658534,-1.0,low,M,-0.8333333333333334,0.4111509110730416,1
10428,F,Flight,-0.5,4,-0.7926829268292683,0.0,medium,F,-0.6666666666666666,0.12178788350724186,0
10429,D,Flight,0.0,5,-0.35365853658536583,-1.0,low,F,-0.5,0.3983803145927426,0
10430,F,Ship,0.5,4,0.0975609756097561,0.0,medium,M,0.16666666666666666,0.4391839277371126,1
10431,A,Ship,0.0,2,-0.4146341463414634,0.0,medium,M,-0.16666666666666666,0.0834760940663448,0
10432,B,Ship,0.0,2,-0.7073170731707317,0.0,medium,M,-0.3333333333333333,0.24824793645849555,1
10433,C,Ship,-0.5,3,0.32926829268292684,0.0,medium,F,0.5,0.35072418626382185,1
10434,F,Ship,0.0,2,-0.5365853658536586,2.5,medium,F,-0.5,0.17037844572496497,1
10435,D,Ship,-0.5,5,0.8780487804878049,2.5,high,M,0.16666666666666666,0.19560816072262888,0
10436,F,Ship,-0.5,3,0.21951219512195122,2.0,medium,M,0.5,0.44572496495872915,0
10437,A,Ship,0.5,4,-0.524390243902439,0.0,low,F,-1.0,0.26849400404921353,0
10438,B,Ship,0.0,4,-0.8292682926829268,2.5,low,M,-1.0,0.06291854851269273,0
10439,C,Ship,0.0,1,-0.3048780487804878,2.5,medium,F,-0.8333333333333334,0.11088615480454758,1
10440,F,Ship,-1.0,5,0.25609756097560976,0.0,high,F,0.5,0.5064631677308831,1
10441,D,Ship,0.0,4,-0.32926829268292684,0.0,high,M,-0.16666666666666666,0.13019778850646316,0
10442,F,Ship,-0.5,4,-0.5853658536585366,0.0,high,M,-0.16666666666666666,0.030524840367543996,0
10443,A,Ship,0.0,3,0.6097560975609756,2.5,medium,F,0.0,-0.9254010278772777,1
10444,B,Ship,0.5,3,0.35365853658536583,2.5,low,F,0.5,-0.9565488241706899,1
10445,C,Ship,0.5,2,0.3780487804878049,2.0,low,M,0.16666666666666666,-0.8163837408503348,0
10446,F,Ship,0.5,5,0.3048780487804878,2.5,low,M,0.3333333333333333,-0.8509577947360224,1
10447,D,Ship,0.0,5,0.4146341463414634,2.0,low,F,-0.16666666666666666,-0.7459897212272232,0
10448,F,Ship,1.0,5,0.6585365853658537,1.0,low,M,0.0,-0.793957327519078,1
10449,A,Ship,1.0,4,0.6951219512195121,1.0,low,F,-0.16666666666666666,-0.9524996106525463,0
10450,B,Ship,0.0,3,0.23170731707317074,2.0,low,M,-0.3333333333333333,-0.7319732128951877,1
10451,C,Ship,0.5,1,0.3780487804878049,2.0,low,M,0.0,-0.9690079426880548,0
10452,F,Ship,0.5,5,0.4146341463414634,2.0,medium,F,-1.0,-0.6864974303068058,1
10453,D,Ship,0.5,5,0.24390243902439024,2.0,medium,M,0.3333333333333333,-0.7279239993770441,0
10454,F,Ship,0.0,3,0.5487804878048781,2.0,medium,M,-0.8333333333333334,-0.8020557545553653,0
10455,A,Ship,0.5,5,0.5487804878048781,2.5,low,M,-0.3333333333333333,-0.8618595234387167,1
10456,B,Ship,0.5,1,0.5975609756097561,2.5,low,F,-0.6666666666666666,-0.7737112599283601,1
10457,C,Ship,0.5,4,0.036585365853658534,2.5,medium,M,-0.16666666666666666,-0.8304002491823703,1
10458,F,Ship,0.0,3,0.34146341463414637,2.5,low,M,-0.3333333333333333,-0.8528266625136272,0
10459,D,Ship,0.0,4,0.5,2.5,low,F,-0.8333333333333334,-0.8469085812178788,1
10460,F,Ship,-1.0,3,0.7682926829268293,0.0,medium,F,-1.0,-0.7509733686341691,0
10461,A,Ship,0.0,2,0.6463414634146342,2.0,low,M,-0.6666666666666666,-0.6902351658620153,1
10462,B,Ship,0.5,4,0.5609756097560976,2.0,low,M,-0.3333333333333333,-0.8655972589939261,0
10463,C,Ship,0.0,5,0.5487804878048781,2.0,low,F,0.3333333333333333,-0.684628562529201,1
10464,F,Ship,0.5,5,0.524390243902439,2.0,medium,F,-0.16666666666666666,-0.9493848310232051,0
10465,D,Ship,0.5,1,0.17073170731707318,2.0,low,F,-0.8333333333333334,-0.6849400404921352,1
10466,F,Ship,0.5,1,0.5,2.5,low,F,-0.6666666666666666,-0.9764834137984738,0
10467,A,Ship,0.5,5,0.5853658536585366,2.5,low,M,0.5,-0.7266780875253076,1
10468,B,Ship,0.5,1,0.5853658536585366,2.0,medium,M,-0.5,-0.9197944245444635,0
10469,C,Ship,0.5,1,0.32926829268292684,2.0,low,M,-0.5,-0.8724497741784769,1
10470,F,Ship,0.0,2,0.5853658536585366,2.5,medium,F,-0.5,-0.7802522971499767,1
10471,D,Ship,0.0,2,0.5975609756097561,2.5,medium,F,-0.5,-0.7802522971499767,0
10472,F,Ship,0.0,3,0.23170731707317074,2.0,low,M,-0.5,-0.7727768260395577,0
10473,A,Ship,0.5,3,0.08536585365853659,2.0,low,F,0.16666666666666666,-0.9468930073197321,0
10474,B,Ship,0.5,5,0.4878048780487805,2.0,low,M,0.0,-0.6796449151222551,0
10475,C,Ship,-0.5,4,0.2682926829268293,1.0,medium,M,-0.8333333333333334,-0.9758604578726056,0
10476,F,Ship,0.5,1,0.5365853658536586,2.0,high,F,0.3333333333333333,-0.7142189690079427,1
10477,D,Ship,0.0,2,0.10975609756097561,2.0,medium,F,0.16666666666666666,-0.8067279239993771,1
10478,F,Ship,0.5,1,0.4146341463414634,2.0,low,M,-0.6666666666666666,-0.7808752530758449,1
10479,A,Ship,0.0,1,-0.12195121951219512,1.0,low,F,-0.6666666666666666,-0.7730883040024918,0
10480,B,Ship,0.0,1,0.7560975609756098,2.0,low,F,-0.8333333333333334,-0.9042205263977574,0
10481,C,Ship,0.5,4,0.32926829268292684,2.0,medium,M,-1.0,-0.6930384675284224,1
10482,F,Ship,0.5,4,0.5975609756097561,2.0,low,M,-0.3333333333333333,-0.9244665939884753,0
10483,D,Ship,0.5,2,0.6219512195121951,2.0,medium,F,-0.3333333333333333,-0.7117271453044697,0
10484,F,Ship,0.0,2,0.47560975609756095,2.0,medium,F,-0.6666666666666666,-0.9521881326896122,0
10485,A,Ship,0.5,1,0.524390243902439,2.0,high,F,-0.8333333333333334,-0.8802367232518299,0
10486,B,Ship,0.0,2,0.5487804878048781,2.5,medium,M,0.16666666666666666,-0.9509422208378757,1
10487,C,Ship,1.0,4,-0.0975609756097561,2.0,medium,F,0.5,-0.7690390904843483,0
10488,F,Ship,0.5,2,0.4878048780487805,2.0,medium,F,-0.5,-0.9714997663915278,0
10489,D,Ship,0.5,1,-0.8658536585365854,0.0,medium,F,-0.6666666666666666,0.23610029590406478,1
10490,F,Ship,-0.5,2,-0.5487804878048781,-1.0,low,M,-0.16666666666666666,-0.0361314437003582,0
10491,A,Ship,-0.5,1,-0.24390243902439024,1.0,low,F,0.16666666666666666,0.049524996106525464,0
10492,B,Ship,0.0,5,0.4146341463414634,0.0,low,M,0.0,0.5307584488397445,0
10493,C,Ship,0.0,1,-0.7439024390243902,0.0,medium,M,-0.3333333333333333,0.5615947671702227,0
10494,F,Ship,-0.5,3,-0.7682926829268293,0.0,low,M,0.3333333333333333,0.2906089394175362,0
10495,D,Ship,-0.5,4,-0.8048780487804879,0.0,medium,M,0.0,0.11898458184083475,0
10496,F,Ship,0.0,2,0.0,2.5,medium,M,0.3333333333333333,0.18283756424232986,1
10497,A,Ship,0.0,1,0.45121951219512196,-1.0,low,F,-0.8333333333333334,0.21491979442454445,1
10498,B,Ship,-1.0,3,-0.9512195121951219,0.0,low,M,0.5,0.24419872294035197,0
10499,C,Ship,-0.5,4,0.4024390243902439,0.0,medium,M,0.16666666666666666,0.5117582931007632,0
10500,F,Ship,-0.5,4,0.3048780487804878,-1.0,low,F,0.5,0.4750038934745367,1
10501,D,Ship,0.0,1,0.4024390243902439,0.0,low,M,-0.3333333333333333,0.46316773088304003,1
10502,F,Ship,-1.0,1,-0.36585365853658536,-1.0,high,F,-0.6666666666666666,0.05668898925401028,0
10503,A,Ship,-0.5,1,0.4146341463414634,0.0,medium,M,0.0,0.44821678866220216,0
10504,B,Ship,0.5,5,0.36585365853658536,0.0,medium,M,0.0,-0.02211493536832269,1
10505,C,Ship,0.5,2,0.4634146341463415,0.0,low,M,0.0,0.2831334683071173,0
10506,F,Ship,0.0,2,-0.9512195121951219,1.0,low,F,-0.6666666666666666,0.01277059648029902,0
10507,D,Ship,0.0,5,-0.17073170731707318,1.0,low,F,-1.0,0.2292477807195141,0
10508,F,Ship,-0.5,1,-0.32926829268292684,-1.0,low,M,-0.16666666666666666,0.404609873851425,0
10509,A,Ship,0.0,2,0.0975609756097561,-1.0,medium,M,0.5,0.3008877121943622,1
10510,B,Ship,-0.5,4,0.4024390243902439,-1.0,low,M,-0.8333333333333334,0.2572807973835851,1
10511,C,Ship,-0.5,2,-0.23170731707317074,-1.0,high,M,-0.8333333333333334,0.16196854072574365,1
10512,F,Ship,0.0,3,-0.2926829268292683,-1.0,low,F,0.0,0.5248403675439962,1
10513,D,Ship,0.0,5,0.14634146341463414,-1.0,low,M,0.5,0.1734932253543062,1
10514,F,Ship,-0.5,4,-0.10975609756097561,0.0,low,F,0.0,0.10621398536053574,0
10515,A,Ship,0.0,1,0.13414634146341464,0.0,medium,M,0.3333333333333333,0.028967450552873385,1
10516,B,Ship,-1.0,3,0.7439024390243902,0.0,medium,M,0.5,0.010590250739760162,1
10517,C,Ship,-0.5,4,-0.7317073170731707,-1.0,high,F,-0.8333333333333334,0.26444479053106995,0
10518,F,Ship,0.5,5,-0.8902439024390244,0.0,low,M,-0.5,0.11991901572963713,0
10519,D,Ship,-0.5,2,-0.1951219512195122,-1.0,medium,M,0.16666666666666666,0.541971655505373,0
10520,F,Ship,0.0,3,0.5975609756097561,-1.0,low,M,0.3333333333333333,0.019000155738981468,0
10521,A,Ship,0.0,4,-0.36585365853658536,0.0,medium,F,0.3333333333333333,0.10932876498987697,0
10522,B,Ship,-0.5,2,0.08536585365853659,-1.0,medium,M,0.3333333333333333,0.0987385142501168,0
10523,C,Road,-0.5,5,0.5487804878048781,0.0,medium,M,0.0,0.10309920573119452,1
10524,F,Road,0.0,4,0.2926829268292683,1.0,high,M,-1.0,0.4837252764366921,1
10525,D,Road,-0.5,5,-0.3170731707317073,0.0,high,F,-0.16666666666666666,0.026475626849400406,1
10526,F,Road,-0.5,2,-0.6097560975609756,-1.0,medium,F,-0.6666666666666666,0.16103410683694128,0
10527,A,Road,0.0,1,-0.12195121951219512,2.5,low,M,-1.0,0.2473135025696932,0
10528,B,Road,0.5,5,0.2804878048780488,0.0,medium,M,-0.3333333333333333,0.04236100295904065,1
10529,C,Road,1.0,1,0.25609756097560976,2.5,medium,M,-0.6666666666666666,0.44915122255100454,0
10530,F,Road,-0.5,2,0.25609756097560976,-1.0,medium,F,0.3333333333333333,0.30119919015729635,0
10531,D,Road,-0.5,5,0.5975609756097561,0.0,medium,M,-0.5,-0.021180501479520324,1
10532,F,Road,0.5,4,0.2682926829268293,1.0,medium,M,-0.16666666666666666,0.0959352125837097,0
10533,A,Road,0.5,2,-0.8292682926829268,-1.0,low,M,-0.8333333333333334,-0.023049369257125057,0
10534,B,Road,-0.5,2,-0.3170731707317073,0.0,medium,M,0.16666666666666666,0.48590562217723093,0
10535,C,Road,0.5,1,-0.7560975609756098,0.0,medium,F,-0.6666666666666666,0.5706276280953123,0
10536,F,Road,0.0,1,-0.036585365853658534,0.0,medium,F,0.0,-0.02055754555365208,1
10537,D,Road,0.0,3,-0.23170731707317074,0.0,low,M,-1.0,0.02709858277526865,1
10538,F,Road,0.0,4,-0.4146341463414634,1.0,medium,F,0.0,0.45475782588381874,1
10539,A,Road,-0.5,2,-0.012195121951219513,2.5,medium,M,0.3333333333333333,0.39526553496340133,1
10540,B,Road,0.0,1,-0.524390243902439,0.0,medium,M,0.5,0.567512848465971,0
10541,C,Road,-0.5,5,0.47560975609756095,1.0,medium,F,-0.3333333333333333,0.19062451331568292,1
10542,F,Road,0.5,4,0.17073170731707318,1.0,low,F,0.16666666666666666,0.21242797072107147,1
10543,D,Road,-0.5,4,-0.6829268292682927,-1.0,low,M,0.16666666666666666,-0.019623111664849712,0
10544,F,Road,-0.5,5,-0.6829268292682927,0.0,low,M,0.5,0.22177230960909516,0
10545,A,Flight,0.0,1,-0.23170731707317074,-1.0,low,F,-0.6666666666666666,0.004983647406945959,0
10546,B,Flight,0.5,1,-0.14634146341463414,1.0,low,F,-0.8333333333333334,0.49805326273166173,0
10547,C,Flight,0.0,4,-0.06097560975609756,0.0,medium,M,0.0,0.17691948294658152,1
10548,F,Flight,-1.0,5,-0.7073170731707317,2.0,medium,M,0.0,0.5080205575455536,0
10549,D,Flight,-0.5,4,-0.18292682926829268,0.0,medium,M,0.5,0.241706899236879,1
10550,F,Flight,1.0,2,-0.10975609756097561,2.0,high,M,-0.16666666666666666,0.1890671235010123,0
10551,A,Flight,1.0,3,-0.5975609756097561,1.0,low,F,0.5,0.5656439806883663,0
10552,B,Flight,0.5,3,-1.1585365853658536,-1.0,low,M,0.16666666666666666,0.3553963557078337,1
10553,C,Flight,-0.5,1,-0.35365853658536583,-1.0,medium,F,0.3333333333333333,0.05201681980999844,0
10554,F,Flight,1.0,3,-0.43902439024390244,2.0,low,F,-0.3333333333333333,0.13019778850646316,0
10555,D,Flight,0.0,3,0.4146341463414634,0.0,medium,F,-0.3333333333333333,0.1613455847998754,0
10556,F,Flight,-0.5,5,-0.2926829268292683,0.0,medium,M,-0.5,0.2865597258993926,0
10557,A,Flight,0.0,1,0.15853658536585366,0.0,high,M,0.16666666666666666,0.20121476405544308,0
10558,B,Flight,0.0,2,0.5,2.0,low,F,-0.16666666666666666,-0.02990188444167575,0
10559,C,Flight,-0.5,5,0.0,-1.0,medium,F,-0.5,-0.022426413331256813,1
10560,F,Flight,0.0,5,-0.975609756097561,0.0,medium,M,-0.6666666666666666,0.26506774645693815,1
10561,D,Flight,-0.5,4,0.024390243902439025,0.0,low,F,-0.6666666666666666,0.5195452421741161,0
10562,F,Flight,-1.0,4,-0.3780487804878049,-1.0,low,M,-0.3333333333333333,0.36941286403986917,1
10563,A,Flight,-0.5,5,-0.2926829268292683,2.0,high,F,0.0,0.0959352125837097,0
10564,B,Flight,0.0,5,0.06097560975609756,-1.0,low,M,-0.5,0.014950942220837876,1
10565,C,Flight,-0.5,2,-0.08536585365853659,-1.0,medium,F,0.5,-0.02460675907179567,1
10566,F,Flight,0.5,4,-0.9634146341463414,1.0,medium,M,-0.5,0.12209936147017598,0
10567,D,Ship,-0.5,4,0.4878048780487805,-1.0,medium,M,-0.8333333333333334,0.5631521569848933,0
10568,F,Ship,-0.5,5,0.23170731707317074,1.0,low,F,0.3333333333333333,0.12209936147017598,0
10569,A,Ship,0.0,4,0.23170731707317074,0.0,low,F,-0.3333333333333333,0.3961999688522037,0
10570,B,Ship,0.0,4,-0.7073170731707317,-1.0,low,F,-0.3333333333333333,0.3323469864507086,0
10571,C,Ship,0.5,1,0.5853658536585366,-1.0,medium,M,-0.5,0.5021024762498053,0
10572,F,Ship,-0.5,1,-0.15853658536585366,0.0,medium,F,0.16666666666666666,0.05170534184706432,0
10573,D,Ship,0.5,1,-0.07317073170731707,-1.0,low,F,0.3333333333333333,0.22987073664538235,0
10574,F,Ship,-0.5,1,-0.4878048780487805,0.0,low,F,0.3333333333333333,0.07195140943778228,1
10575,A,Ship,-0.5,2,-0.8536585365853658,1.0,medium,M,0.16666666666666666,0.2236411773866999,1
10576,B,Ship,0.0,3,-0.36585365853658536,0.0,low,F,-0.3333333333333333,0.17536209313191092,1
10577,C,Ship,-0.5,5,-0.21951219512195122,0.0,low,F,-0.3333333333333333,0.23111664849711883,0
10578,F,Ship,1.0,3,0.45121951219512196,1.0,low,M,0.5,0.23049369257125057,1
10579,D,Ship,0.0,4,-0.6585365853658537,0.0,low,M,-1.0,0.19342781498209002,0
10580,F,Ship,0.5,2,-0.4634146341463415,1.0,low,M,0.5,0.4307740227378913,0
10581,A,Ship,-0.5,1,0.25609756097560976,0.0,low,F,0.3333333333333333,0.49400404921351815,0
10582,B,Ship,0.0,2,-0.7560975609756098,1.0,medium,F,-0.6666666666666666,-0.04454134869957951,0
10583,C,Ship,0.0,3,-0.36585365853658536,1.0,low,M,-0.5,-0.037065877589160565,1
10584,F,Ship,-0.5,2,-0.06097560975609756,-1.0,low,M,-0.3333333333333333,0.48715153402896744,0
10585,D,Ship,0.5,5,-0.32926829268292684,0.0,medium,F,-0.3333333333333333,0.1445257748014328,0
10586,F,Ship,0.0,4,-0.6585365853658537,2.0,low,M,-0.16666666666666666,-0.029278928515807507,0
10587,A,Ship,0.0,2,0.5365853658536586,0.0,low,F,-0.3333333333333333,0.3874785858900483,1
10588,B,Ship,-0.5,5,-0.5853658536585366,0.0,medium,F,0.3333333333333333,0.35072418626382185,1
10589,C,Ship,0.0,1,-0.25609756097560976,0.0,low,F,-0.6666666666666666,0.5513159943933966,0
10590,F,Ship,-0.5,2,-0.573170731707317,-1.0,low,M,-0.6666666666666666,0.17847687276125215,1
10591,D,Ship,0.0,5,0.7073170731707317,-1.0,medium,M,0.3333333333333333,0.2821990344183149,1
10592,F,Ship,0.0,2,0.0975609756097561,-1.0,low,M,-1.0,0.2737891294190936,1
10593,A,Ship,0.5,5,-0.3048780487804878,0.0,low,F,0.5,0.437626537922442,1
10594,B,Ship,-1.0,5,-0.3170731707317073,-1.0,medium,F,0.3333333333333333,0.14359134091263043,0
10595,C,Ship,-0.5,2,-0.3780487804878049,-1.0,medium,F,-0.16666666666666666,0.05108238592119608,1
10596,F,Ship,0.0,5,-0.3780487804878049,-1.0,low,F,-1.0,0.18439495405700046,0
10597,D,Ship,-0.5,1,-0.573170731707317,0.0,low,F,-0.5,0.5587914655038156,1
10598,F,Ship,-1.0,2,0.5365853658536586,0.0,medium,F,-0.6666666666666666,0.37875720292789283,1
10599,A,Ship,0.0,2,-0.45121951219512196,0.0,medium,M,-0.3333333333333333,0.5008565643980688,0
10600,B,Ship,-0.5,1,0.14634146341463414,0.0,medium,F,0.16666666666666666,0.26506774645693815,0
10601,C,Ship,0.5,1,0.3170731707317073,2.0,medium,F,-0.3333333333333333,-0.001557389814670612,0
10602,F,Ship,-0.5,3,-0.6829268292682927,0.0,low,F,-0.16666666666666666,0.34636349478274414,1
10603,D,Ship,0.5,2,-0.4634146341463415,1.0,low,M,-1.0,0.5173648964335773,0
10604,F,Ship,1.0,4,0.1951219512195122,1.0,low,M,-0.6666666666666666,0.18283756424232986,1
10605,A,Ship,0.0,2,0.2926829268292683,0.0,low,F,-0.6666666666666666,0.3476094066344806,1
10606,B,Ship,0.5,2,0.4878048780487805,0.0,low,F,0.3333333333333333,0.48746301199190156,1
10607,C,Ship,0.0,4,-0.06097560975609756,0.0,high,F,-0.3333333333333333,0.5700046721694441,0
10608,F,Ship,0.0,3,0.3780487804878049,1.0,medium,F,-0.3333333333333333,0.15916523905933655,0
10609,D,Ship,-0.5,1,-0.9878048780487805,0.0,low,F,0.5,0.46441364273477653,0
10610,F,Ship,0.0,4,0.23170731707317074,-1.0,high,F,-1.0,0.36474069459585734,0
10611,A,Ship,-0.5,1,0.524390243902439,1.0,low,M,0.16666666666666666,0.16913253387322846,1
10612,B,Ship,0.5,3,0.5853658536585366,2.0,low,M,0.0,0.0024918237034729793,0
10613,C,Ship,0.5,2,0.4634146341463415,0.0,low,M,-0.16666666666666666,-0.04236100295904065,1
10614,F,Ship,-0.5,3,0.2073170731707317,0.0,low,F,-0.6666666666666666,0.1557389814670612,1
10615,D,Ship,-0.5,5,0.17073170731707318,1.0,low,F,0.0,-0.025229714997663914,1
10616,F,Ship,-0.5,2,-1.3902439024390243,1.0,low,F,0.5,0.31583865441520015,0
10617,A,Ship,0.0,2,0.47560975609756095,0.0,medium,F,0.0,0.5182993303223797,1
10618,B,Ship,-0.5,4,-0.6585365853658537,0.0,medium,M,-0.6666666666666666,0.4712661579193272,0
10619,C,Ship,1.0,3,-0.7439024390243902,2.5,medium,F,0.0,0.2572807973835851,1
10620,F,Ship,0.0,1,0.6829268292682927,-1.0,low,M,-0.5,0.06852515184550693,0
10621,D,Ship,0.0,3,-0.7073170731707317,0.0,medium,F,0.16666666666666666,0.17193583553963557,1
10622,F,Ship,0.0,1,-1.0,-1.0,medium,M,-1.0,0.27285469553029124,1
10623,A,Ship,0.5,5,-1.4146341463414633,-1.0,medium,M,-0.8333333333333334,-0.007475471110418938,1
10624,B,Ship,0.5,5,-0.6463414634146342,0.0,high,F,0.0,0.37034729792867155,1
10625,C,Ship,0.0,1,0.5365853658536586,0.0,medium,M,0.5,0.5503815605045943,0
10626,F,Ship,-0.5,2,0.17073170731707318,-1.0,medium,M,-0.8333333333333334,0.46441364273477653,0
10627,D,Ship,0.5,4,-0.4146341463414634,-1.0,low,F,0.3333333333333333,0.32985516274723564,0
10628,F,Ship,-0.5,5,-0.9512195121951219,0.0,medium,F,0.0,-0.0006229559258682448,0
10629,A,Ship,-0.5,3,0.17073170731707318,-1.0,low,M,-0.3333333333333333,0.09998442610185329,0
10630,B,Ship,0.0,5,0.7317073170731707,1.0,low,M,-0.6666666666666666,0.31023205108238594,0
10631,C,Ship,-0.5,2,-0.07317073170731707,-1.0,low,F,-0.16666666666666666,0.3722161657062763,0
10632,F,Ship,0.0,2,0.1951219512195122,0.0,high,F,-0.3333333333333333,0.5416601775424389,0
10633,D,Ship,-1.0,3,0.7195121951219512,1.0,low,M,-0.6666666666666666,0.28967450552873386,0
10634,F,Ship,0.5,1,0.47560975609756095,-1.0,medium,M,-0.6666666666666666,0.31459274256346365,1
10635,A,Ship,-0.5,1,0.32926829268292684,0.0,low,F,0.5,-0.00903286092508955,0
10636,B,Ship,0.0,2,-0.10975609756097561,-1.0,medium,M,0.5,0.15324715776358822,1
10637,C,Ship,0.5,5,-1.0,0.0,low,F,-0.8333333333333334,0.43700358199657374,0
10638,F,Ship,0.5,4,-0.7682926829268293,0.0,low,F,0.5,0.14390281887556455,0
10639,D,Ship,0.0,3,-0.6219512195121951,1.0,medium,M,-0.3333333333333333,0.4497741784768728,0
10640,F,Ship,-0.5,3,-0.4634146341463415,2.5,medium,F,-1.0,0.23236256034885533,1
10641,A,Ship,-0.5,5,-0.5487804878048781,0.0,low,M,-1.0,0.15168976794891761,1
10642,B,Ship,-0.5,4,-0.9878048780487805,1.0,low,F,0.5,0.13144370035819966,0
10643,C,Ship,0.5,3,-0.36585365853658536,2.0,low,M,-0.6666666666666666,0.33328142033951097,1
10644,F,Ship,-1.0,4,0.5365853658536586,0.0,medium,M,-0.6666666666666666,0.20619841146238904,0
10645,D,Ship,-1.0,2,0.2804878048780488,2.0,low,F,-0.16666666666666666,0.1473290764678399,1
10646,F,Ship,0.0,3,0.5609756097560976,0.0,medium,F,-0.5,0.5049057779162124,1
10647,A,Ship,-0.5,2,-0.6707317073170732,-1.0,medium,M,0.16666666666666666,0.055131599439339665,0
10648,B,Ship,-0.5,3,0.10975609756097561,2.5,low,F,0.0,0.03862326740383118,1
10649,C,Ship,-0.5,3,-0.08536585365853659,2.5,low,F,0.0,0.08534496184394955,0
10650,F,Ship,0.0,5,0.573170731707317,2.5,low,M,0.0,0.32985516274723564,0
10651,D,Ship,0.0,4,0.3048780487804878,0.0,medium,F,0.0,0.3575767014483725,1
10652,F,Ship,-0.5,4,0.0975609756097561,0.0,low,M,-0.16666666666666666,0.5201681980999844,0
10653,A,Ship,-0.5,2,-0.8658536585365854,1.0,low,F,-0.6666666666666666,0.5282666251362717,0
10654,B,Ship,-1.0,2,-0.6951219512195121,0.0,medium,F,0.3333333333333333,0.12396822924778073,1
10655,C,Ship,0.5,1,0.45121951219512196,1.0,low,M,-1.0,0.26849400404921353,1
10656,F,Ship,0.0,4,0.5,2.5,low,M,-0.3333333333333333,-0.7603177075221929,1
10657,D,Ship,-1.0,5,0.7682926829268293,0.0,medium,M,-0.16666666666666666,-0.9708768104656595,0
10658,F,Ship,0.0,5,0.6463414634146342,2.0,low,M,0.0,-0.6746612677153091,0
10659,A,Ship,0.5,4,0.5609756097560976,2.0,low,F,-0.8333333333333334,-0.9254010278772777,1
10660,B,Road,0.0,4,0.5487804878048781,2.0,low,F,-0.3333333333333333,-0.9605980376888336,1
10661,C,Road,0.5,1,0.524390243902439,2.0,medium,F,0.16666666666666666,-0.9409749260239838,1
10662,F,Road,0.5,1,0.17073170731707318,2.0,low,F,-0.5,-0.8824170689923688,0
10663,D,Road,0.5,2,0.5,2.5,low,M,-0.16666666666666666,-0.7908425478897368,0
10664,F,Road,0.5,4,0.5853658536585366,2.5,low,M,-0.6666666666666666,-0.7628095312256657,0
10665,A,Road,0.5,2,0.5853658536585366,2.0,medium,M,-1.0,-0.8304002491823703,0
10666,B,Road,0.5,1,0.32926829268292684,2.0,low,F,-1.0,-0.9353683226911697,0
10667,C,Road,0.0,5,0.5853658536585366,2.5,medium,M,-1.0,-0.903286092508955,0
10668,F,Road,0.0,3,0.5975609756097561,2.5,medium,M,0.16666666666666666,-0.9425323158386544,1
10669,D,Road,0.0,4,0.23170731707317074,2.0,low,F,0.5,-0.9269584176919483,1
10670,F,Road,0.5,2,0.08536585365853659,2.0,low,F,-0.8333333333333334,-0.7145304469708769,0
10671,A,Road,0.5,3,0.4878048780487805,2.0,low,M,0.5,-0.8247936458495562,1
10672,B,Road,-0.5,1,0.2682926829268293,1.0,medium,F,0.5,-0.80921974770285,0
10673,C,Road,0.5,2,0.5365853658536586,2.0,high,M,-0.16666666666666666,-0.9624669054664382,0
10674,F,Road,0.0,2,0.10975609756097561,2.0,medium,M,-0.6666666666666666,-0.8578103099205732,1
10675,D,Road,-0.5,4,-0.07317073170731707,-1.0,low,F,-0.6666666666666666,0.5176763743965115,1
10676,F,Road,0.0,3,0.1951219512195122,0.0,high,F,-1.0,0.30057623423142815,1
10677,A,Road,-1.0,4,0.7195121951219512,1.0,low,F,0.0,0.1850179099828687,1
10678,B,Road,0.5,2,0.47560975609756095,-1.0,medium,F,0.3333333333333333,0.43015106681202303,0
10679,C,Road,-0.5,3,0.32926829268292684,0.0,low,F,-0.16666666666666666,0.34636349478274414,0
10680,F,Road,0.0,4,-0.10975609756097561,-1.0,medium,F,0.16666666666666666,0.5379224419872294,0
10681,D,Road,0.5,3,-1.0,0.0,low,M,0.0,0.09749260239838031,1
10682,F,Flight,0.5,4,-0.7682926829268293,0.0,low,F,-0.5,0.4276592431085501,0
10683,A,Flight,0.0,2,-0.6219512195121951,1.0,medium,F,-0.3333333333333333,0.4989876966204641,0
10684,B,Flight,-0.5,3,-0.4634146341463415,2.5,medium,M,0.5,0.07070549758604579,1
10685,C,Flight,-0.5,5,-0.5487804878048781,0.0,low,F,-0.5,0.47033172403052487,0
10686,F,Flight,-0.5,5,-0.9878048780487805,1.0,low,M,0.5,0.0006229559258682448,0
10687,D,Flight,0.5,4,-0.36585365853658536,2.0,low,F,-0.3333333333333333,0.19716555053729948,0
10688,F,Flight,-1.0,4,0.5365853658536586,0.0,medium,M,0.0,0.4943155271764523,0
10689,A,Flight,-1.0,2,0.2804878048780488,2.0,low,M,0.16666666666666666,0.09718112443544619,0
10690,B,Flight,0.0,1,0.5609756097560976,0.0,medium,M,-0.16666666666666666,0.20775580127705964,0
10691,C,Flight,-0.5,3,-0.6707317073170732,-1.0,medium,F,-0.16666666666666666,0.3488553184862171,0
10692,F,Flight,-0.5,4,0.10975609756097561,2.5,low,F,0.3333333333333333,0.058557857031615014,0
10693,D,Flight,-0.5,4,-0.08536585365853659,2.5,low,F,-0.16666666666666666,0.531692882728547,0
10694,F,Flight,0.0,3,0.573170731707317,2.5,low,F,-0.16666666666666666,0.06167263666095624,1
10695,A,Flight,0.0,3,0.3048780487804878,0.0,medium,M,0.0,0.4242329855162747,1
10696,B,Flight,-0.5,5,0.0975609756097561,0.0,low,F,0.5,0.3226911695997508,1
10697,C,Flight,-0.5,1,-0.8658536585365854,1.0,low,M,-0.16666666666666666,0.4127083008877122,0
10698,F,Flight,-1.0,5,-0.6951219512195121,0.0,medium,F,-0.5,0.23018221460831645,0
10699,D,Flight,0.5,4,0.45121951219512196,1.0,low,M,0.16666666666666666,0.01277059648029902,1
10700,F,Flight,0.0,4,0.5,2.5,low,F,0.3333333333333333,-0.8805482012147641,0
10701,A,Flight,-1.0,5,0.7682926829268293,0.0,medium,F,-0.16666666666666666,-0.9630898613923065,0
10702,B,Flight,0.0,2,0.6463414634146342,2.0,low,F,-0.8333333333333334,-0.7079894097492603,0
10703,C,Flight,0.5,5,0.5609756097560976,2.0,low,F,-0.8333333333333334,-0.9409749260239838,0
10704,F,Ship,0.0,3,0.5487804878048781,2.0,low,M,-0.16666666666666666,-0.7107927114156674,1
10705,D,Ship,0.5,1,0.524390243902439,2.0,medium,M,-1.0,-0.7880392462233297,0
10706,F,Ship,0.5,4,0.17073170731707318,2.0,low,M,0.3333333333333333,-0.96713907491045,0
10707,A,Ship,0.5,4,0.5,2.5,low,M,-0.5,-0.9014172247313502,1
10708,B,Ship,0.5,2,0.5853658536585366,2.5,low,F,0.0,-0.7397601619685408,0
10709,C,Ship,0.5,1,0.5853658536585366,2.0,medium,F,0.3333333333333333,-0.7026942843793802,0
10710,F,Ship,0.5,1,0.32926829268292684,2.0,low,F,-0.3333333333333333,-0.9447126615791933,1
10711,D,Ship,0.0,2,0.5853658536585366,2.5,medium,F,-0.8333333333333334,-0.9593521258370971,0
10712,F,Ship,0.0,3,0.5975609756097561,2.5,medium,M,0.5,-0.8733842080672792,1
10713,A,Ship,0.0,2,0.23170731707317074,2.0,low,F,0.16666666666666666,-0.9506307428749416,0
10714,B,Ship,0.5,5,0.08536585365853659,2.0,low,F,0.16666666666666666,-0.9425323158386544,1
10715,C,Ship,0.5,4,0.4878048780487805,2.0,low,M,0.5,-0.8718268182526087,0
10716,F,Ship,0.5,2,0.4878048780487805,2.0,medium,F,-0.5,-0.6924155116025541,0
10717,D,Ship,0.5,2,0.12195121951219512,2.0,low,F,-0.8333333333333334,-0.9739915900950008,0
10718,F,Ship,0.0,3,0.13414634146341464,2.0,low,F,0.5,-0.8842859367699736,0
10719,A,Ship,0.5,2,0.3902439024390244,2.0,low,F,-0.5,-0.9584176919482946,1
10720,B,Ship,0.5,5,0.08536585365853659,2.5,medium,M,-0.16666666666666666,-0.847220059180813,0
10721,C,Ship,0.0,3,0.524390243902439,2.0,medium,F,0.3333333333333333,-0.9559258682448217,0
10722,F,Ship,0.5,1,0.24390243902439024,2.0,medium,M,0.16666666666666666,-0.720137050303691,0
10723,D,Ship,0.0,1,0.024390243902439025,2.5,low,M,0.3333333333333333,-0.7696620464102165,1
10724,F,Ship,0.5,5,0.08536585365853659,2.0,low,M,0.0,-0.6824482167886622,1
10725,A,Ship,0.0,2,0.4268292682926829,2.0,low,M,-0.8333333333333334,-0.9201059025073977,0
10726,B,Ship,0.5,5,0.3170731707317073,2.0,low,M,0.16666666666666666,-0.7472356330789597,1
10727,C,Ship,0.5,1,0.06097560975609756,2.0,low,M,0.16666666666666666,-0.8503348388101541,1
10728,F,Ship,0.5,4,0.06097560975609756,2.0,low,M,0.5,-0.8677776047344651,1
10729,D,Ship,-0.5,2,0.7804878048780488,1.0,medium,M,0.0,-0.7070549758604578,0
10730,F,Ship,0.5,4,0.21951219512195122,2.0,medium,M,-0.3333333333333333,-0.7126615791932721,0
10731,A,Ship,0.0,1,0.47560975609756095,2.0,low,F,-1.0,-0.9076467839900327,0
10732,B,Ship,0.0,3,0.47560975609756095,2.0,low,F,0.5,-0.8363183304781187,0
10733,C,Ship,0.0,1,0.573170731707317,2.0,low,F,-0.16666666666666666,-0.9406634480610497,0
10734,F,Ship,0.5,1,0.45121951219512196,2.5,low,F,-0.3333333333333333,-0.7232518299330323,0
10735,D,Ship,0.5,5,0.7439024390243902,2.0,low,M,-0.5,-0.7796293412241084,0
10736,F,Ship,0.0,4,0.18292682926829268,2.5,medium,F,0.16666666666666666,-0.9263354617660801,0
10737,A,Ship,0.5,3,0.524390243902439,2.0,medium,F,0.5,-0.7279239993770441,0
10738,B,Ship,0.5,3,0.18292682926829268,2.0,low,F,-1.0,-0.8487774489954836,0
10739,C,Ship,0.0,1,0.5,2.0,medium,F,-1.0,-0.6949073353060271,1
10740,F,Ship,0.5,3,0.34146341463414637,2.0,low,F,0.3333333333333333,-0.7578258838187198,0
10741,D,Ship,0.0,3,-0.2682926829268293,1.0,low,F,-0.6666666666666666,-0.8543840523282977,1
10742,F,Ship,0.5,3,0.04878048780487805,2.0,medium,F,-0.5,-0.8459741473290765,0
10743,A,Ship,0.5,3,0.06097560975609756,2.5,low,F,0.3333333333333333,-0.9749260239838031,0
10744,B,Ship,0.5,1,0.573170731707317,2.0,medium,M,-0.6666666666666666,-0.7802522971499767,1
10745,C,Ship,0.5,4,0.2682926829268293,2.0,medium,F,0.0,-0.9755489799096714,0
10746,F,Ship,0.5,1,0.524390243902439,2.5,low,M,-0.8333333333333334,-0.9004827908425479,1
10747,D,Ship,0.0,4,0.4634146341463415,2.0,medium,M,-1.0,-0.8129574832580595,1
10748,F,Ship,0.0,2,0.21951219512195122,2.0,medium,F,-0.6666666666666666,-0.8251051238124902,0
10749,A,Ship,0.5,4,0.18292682926829268,2.0,low,M,0.3333333333333333,-0.9593521258370971,1
10750,B,Ship,-0.5,1,-0.14634146341463414,0.0,medium,M,-0.3333333333333333,-0.8076623578881794,1
10751,C,Ship,0.0,5,0.17073170731707318,2.0,medium,F,-0.5,-0.7883507241862638,0
10752,F,Ship,0.5,5,0.36585365853658536,2.5,low,F,-1.0,-0.9116959975081763,0
10753,D,Ship,0.5,1,0.5609756097560976,2.0,low,M,-0.5,-0.900794268805482,0
10754,F,Ship,0.0,5,0.3780487804878049,2.0,low,M,0.16666666666666666,-0.7188911384519545,0
10755,A,Ship,0.5,5,0.15853658536585366,2.0,medium,M,-0.3333333333333333,-0.9229092041738047,0
10756,B,Ship,0.0,1,1.048780487804878,2.0,medium,M,-0.16666666666666666,-0.9724342002803301,0
10757,C,Ship,-1.0,4,-0.6585365853658537,2.0,low,F,-0.6666666666666666,-0.7799408191870425,0
10758,F,Ship,0.5,4,0.7317073170731707,2.0,low,M,-0.16666666666666666,-0.6790219591963869,0
10759,D,Ship,0.0,4,0.5609756097560976,2.0,low,F,-0.3333333333333333,-0.6843170845662669,1
10760,F,Ship,0.0,3,0.47560975609756095,2.0,low,M,-0.16666666666666666,-0.8665316928827286,1
10761,A,Ship,0.0,5,0.04878048780487805,2.0,low,M,0.16666666666666666,-0.8020557545553653,1
10762,B,Ship,0.5,1,0.07317073170731707,2.0,low,F,-0.5,-0.9322535430618284,1
10763,C,Ship,0.5,2,0.47560975609756095,2.0,medium,M,-0.16666666666666666,-0.8793022893630276,0
10764,F,Ship,0.5,1,0.5487804878048781,2.0,low,F,0.0,-0.7095467995639309,1
10765,D,Ship,0.5,1,0.25609756097560976,2.0,low,M,-0.5,-0.9001713128796137,1
10766,F,Ship,0.5,1,0.7317073170731707,2.0,low,F,-0.8333333333333334,-0.8070394019623112,1
10767,A,Ship,0.5,2,0.6097560975609756,2.0,medium,M,-0.5,-0.8817941130665006,0
10768,B,Ship,0.0,2,0.5365853658536586,2.0,medium,F,-1.0,-0.9777293256502102,0
10769,C,Ship,0.0,1,0.2804878048780488,2.0,medium,M,-0.3333333333333333,-0.9328764989876966,1
10770,F,Ship,0.0,1,0.7195121951219512,2.5,medium,M,-1.0,-0.7235633078959663,0
10771,D,Ship,0.0,1,0.4268292682926829,2.5,medium,M,0.0,-0.8515807506618907,1
10772,F,Ship,0.0,1,0.43902439024390244,2.5,medium,F,0.0,-0.8898925401027877,0
10773,A,Ship,0.0,4,0.18292682926829268,2.0,medium,F,0.0,-0.7578258838187198,1
10774,B,Ship,0.5,4,0.10975609756097561,2.0,low,F,-0.8333333333333334,-0.7587603177075222,0
10775,C,Ship,0.0,1,0.7073170731707317,2.0,medium,F,-1.0,-0.9344338888023672,0
10776,F,Ship,0.5,3,0.1951219512195122,2.0,low,M,0.0,-0.6706120541971655,0
10777,D,Ship,0.5,2,0.14634146341463414,2.5,low,F,-0.3333333333333333,-0.6752842236411774,1
10778,F,Ship,0.5,5,0.5975609756097561,2.0,medium,F,-1.0,-0.9453356175050616,1
10779,A,Ship,0.0,5,0.35365853658536583,2.0,low,M,0.0,-0.9051549602865597,1
10780,B,Ship,0.5,2,0.6707317073170732,2.0,medium,F,0.3333333333333333,-0.9294502413954213,0
10781,C,Ship,0.0,4,0.24390243902439024,2.0,low,M,0.0,-0.7095467995639309,0
10782,F,Ship,0.0,2,0.6463414634146342,2.0,medium,F,-0.8333333333333334,-0.8852203706587759,1
10783,D,Ship,-1.0,1,0.3170731707317073,-1.0,low,M,0.16666666666666666,-0.9359912786170378,1
10784,F,Ship,0.5,1,0.4024390243902439,2.0,medium,F,0.16666666666666666,-0.7185796604890204,1
10785,A,Ship,0.5,3,-0.9390243902439024,1.0,low,F,-0.8333333333333334,-0.9702538545397913,0
10786,B,Ship,0.5,1,0.4146341463414634,2.0,medium,F,-0.3333333333333333,-0.7126615791932721,0
10787,C,Ship,0.5,5,0.0975609756097561,2.5,low,F,-0.6666666666666666,-0.7126615791932721,0
10788,F,Ship,0.0,2,-0.5487804878048781,0.0,medium,F,0.0,-0.7014483725276437,0
10789,D,Ship,0.0,3,0.32926829268292684,2.0,low,M,-0.16666666666666666,-0.8799252452888958,0
10790,F,Ship,1.0,3,-0.9512195121951219,0.0,low,F,0.5,-0.7235633078959663,0
10791,A,Ship,0.0,4,0.12195121951219512,2.0,medium,F,-0.3333333333333333,-0.923532160099673,0
10792,B,Ship,0.0,2,0.5487804878048781,2.0,medium,M,0.0,-0.9677620308363183,1
10793,C,Ship,1.0,1,0.5609756097560976,0.0,low,F,-0.5,-0.8755645538078181,1
10794,F,Ship,0.0,2,0.036585365853658534,2.0,medium,M,0.5,-0.7491045008565644,0
10795,D,Ship,0.5,5,0.12195121951219512,2.0,low,F,0.0,-0.8235477339978197,0
10796,F,Ship,0.0,3,0.21951219512195122,2.0,medium,F,0.16666666666666666,-0.8983024451020091,0
10797,A,Road,-0.5,5,-0.7073170731707317,1.0,low,F,-0.16666666666666666,-0.9761719358355396,0
10798,B,Road,0.0,2,0.45121951219512196,2.5,low,F,-0.6666666666666666,-0.8883351502881172,0
10799,C,Road,0.0,2,0.47560975609756095,2.0,medium,F,0.3333333333333333,-0.8444167575144058,0
10800,F,Road,0.0,3,0.3780487804878049,2.5,medium,M,-0.8333333333333334,-0.7543996262264445,1
10801,D,Road,0.5,5,0.47560975609756095,2.5,low,F,-1.0,-0.8874007163993147,0
10802,F,Road,0.5,3,0.24390243902439024,2.0,low,M,0.0,-0.7656128328920729,1
10803,A,Road,0.0,5,0.18292682926829268,2.0,low,F,-0.6666666666666666,-0.6836941286403987,0
10804,B,Road,0.5,2,0.43902439024390244,2.0,low,F,0.3333333333333333,-0.7014483725276437,0
10805,C,Road,0.0,3,0.6585365853658537,2.0,medium,M,0.0,-0.6905466438249493,1
10806,F,Road,0.5,5,0.6707317073170732,2.0,medium,F,-0.6666666666666666,-0.9434667497274568,0
10807,D,Road,0.5,3,0.34146341463414637,2.0,low,M,-0.6666666666666666,-0.8948761875097336,1
10808,F,Road,0.5,5,0.10975609756097561,2.5,medium,F,0.5,-0.7593832736333904,0
10809,A,Road,-1.0,4,-0.7195121951219512,2.0,low,M,0.3333333333333333,-0.7503504127083009,1
10810,B,Road,0.0,2,0.07317073170731707,2.5,medium,M,0.5,-0.707366453823392,1
10811,C,Road,0.0,3,0.5121951219512195,0.0,medium,M,-0.6666666666666666,0.10309920573119452,0
10812,F,Road,0.5,1,-0.6341463414634146,0.0,low,F,-0.5,0.5357420962466906,1
10813,D,Road,-0.5,3,-0.9146341463414634,0.0,low,F,0.0,0.3270518610808285,1
10814,F,Road,0.0,3,-0.08536585365853659,0.0,medium,F,-0.3333333333333333,0.21741161812801743,1
10815,A,Road,0.5,1,-0.4878048780487805,2.0,medium,F,-0.16666666666666666,0.16446036442921663,0
10816,B,Road,-0.5,2,0.024390243902439025,-1.0,low,F,-1.0,0.0626070705497586,1
10817,C,Road,-0.5,3,-0.4634146341463415,0.0,medium,M,0.3333333333333333,0.4441675751440586,0
10818,F,Road,0.0,3,0.10975609756097561,-1.0,low,F,-0.6666666666666666,0.5033483881015418,1
10819,D,Flight,0.0,1,-0.9634146341463414,1.0,low,F,-0.3333333333333333,0.5559881638374085,0
10820,F,Flight,0.0,4,0.4268292682926829,0.0,medium,F,-0.5,0.5170534184706432,1
10821,A,Flight,0.0,1,-0.6951219512195121,2.0,low,M,0.5,0.2248870892384364,0
10822,B,Flight,-0.5,1,-1.3658536585365855,0.0,medium,M,0.3333333333333333,0.09655816850957795,1
10823,C,Flight,-0.5,3,-0.2073170731707317,0.0,medium,M,0.16666666666666666,0.13050926646939728,0
10824,F,Flight,0.5,5,-0.13414634146341464,-1.0,low,M,0.5,0.19965737424077246,1
10825,D,Flight,0.5,1,0.36585365853658536,-1.0,medium,M,-0.16666666666666666,0.3326584644136427,0
10826,F,Flight,0.0,4,0.5365853658536586,0.0,medium,M,0.16666666666666666,0.36598660644759384,1
10827,A,Flight,0.0,5,-0.573170731707317,-1.0,low,F,0.5,0.28593676997352435,0
10828,B,Flight,1.0,5,0.13414634146341464,0.0,medium,M,0.5,0.25634636349478274,0
10829,C,Flight,-0.5,3,-0.2682926829268293,0.0,high,F,-0.5,0.05918081295748326,1
10830,F,Flight,0.0,4,-0.18292682926829268,1.0,high,M,-1.0,0.004360691481077714,1
10831,D,Flight,0.5,5,-0.8780487804878049,1.0,low,M,-0.3333333333333333,0.49836474069459585,0
10832,F,Flight,0.5,4,-0.8414634146341463,-1.0,low,M,-0.8333333333333334,0.18813268961220994,0
10833,A,Flight,-0.5,1,-0.8048780487804879,1.0,low,M,0.3333333333333333,0.4320199345896278,0
10834,B,Flight,1.0,5,0.5365853658536586,2.0,low,F,-1.0,0.3821834605201682,0
10835,C,Flight,-1.0,4,-1.2195121951219512,2.0,high,M,-0.6666666666666666,0.08534496184394955,0
10836,F,Flight,0.5,4,-0.8658536585365854,-1.0,low,F,0.16666666666666666,0.3557078336707678,0
10837,D,Flight,1.0,4,-0.34146341463414637,-1.0,low,M,-0.3333333333333333,0.21865752997975393,1
10838,F,Flight,-0.5,4,-0.024390243902439025,-1.0,low,M,0.0,0.18470643201993459,0
10839,A,Flight,0.0,2,-0.8414634146341463,0.0,medium,M,-1.0,0.3896589316305871,0
10840,B,Flight,0.0,3,-0.8048780487804879,0.0,medium,M,0.16666666666666666,0.02834449462700514,1
10841,C,Ship,-0.5,1,-0.9146341463414634,-1.0,medium,M,-0.8333333333333334,0.11991901572963713,0
10842,F,Ship,-0.5,5,-0.5487804878048781,-1.0,medium,F,-0.5,0.0987385142501168,1
10843,D,Ship,0.5,5,0.45121951219512196,-1.0,medium,F,-0.3333333333333333,0.320510823859212,1
10844,F,Ship,0.0,1,-0.7317073170731707,-1.0,low,M,-1.0,0.4451020090328609,0
10845,A,Ship,0.5,2,-0.7804878048780488,0.0,medium,F,0.0,0.5703161501323781,0
10846,B,Ship,0.0,5,0.7073170731707317,1.0,medium,F,0.3333333333333333,0.2756579971966983,1
10847,C,Ship,0.0,4,-0.2073170731707317,-1.0,low,F,0.0,0.16664071016975548,0
10848,F,Ship,0.0,1,-0.5487804878048781,-1.0,low,M,-0.8333333333333334,0.4837252764366921,1
10849,D,Ship,-0.5,2,-0.15853658536585366,1.0,medium,M,0.5,0.4410527955147173,0
10850,F,Ship,-0.5,4,-0.5609756097560976,0.0,medium,F,-0.6666666666666666,0.35944556922597726,1
10851,A,Ship,0.0,1,-0.14634146341463414,0.0,low,M,0.0,0.19903441831490423,0
10852,B,Ship,0.5,1,0.32926829268292684,1.0,medium,M,0.0,0.4267248092197477,1
10853,C,Ship,0.5,5,-0.7560975609756098,1.0,low,F,0.5,0.549447126615792,1
10854,F,Ship,0.5,3,-0.9146341463414634,-1.0,medium,F,-0.6666666666666666,0.34636349478274414,0
10855,D,Ship,0.5,5,-0.12195121951219512,2.0,medium,F,0.5,0.03177075221928049,0
10856,F,Ship,-0.5,3,-0.1951219512195122,-1.0,low,M,0.0,0.2638218346052017,1
10857,A,Ship,1.0,5,-0.0975609756097561,-1.0,low,F,-0.16666666666666666,0.46628251051238123,1
10858,B,Ship,-0.5,4,0.2073170731707317,2.5,medium,F,-0.6666666666666666,0.5485126927269895,1
10859,C,Ship,-0.5,1,-0.5853658536585366,0.0,medium,M,-0.5,0.1766080049836474,0
10860,F,Ship,-0.5,1,-1.0853658536585367,0.0,medium,M,0.3333333333333333,0.41738047033172404,0
10861,D,Ship,0.5,3,0.2804878048780488,0.0,high,M,0.0,0.018377199813113223,1
10862,F,Ship,0.0,1,-0.8414634146341463,0.0,medium,F,0.0,0.07382027721538702,1
10863,A,Ship,1.0,4,0.34146341463414637,0.0,medium,M,0.3333333333333333,0.5516274723563308,0
10864,B,Ship,0.0,2,0.573170731707317,0.0,low,M,-0.5,0.37252764366921043,1
10865,C,Ship,0.5,3,-0.8048780487804879,0.0,low,M,0.0,0.17598504905777917,0
10866,F,Ship,-0.5,3,-0.8048780487804879,1.0,low,F,-0.8333333333333334,0.43856097181124437,0
10867,D,Ship,0.0,3,-0.35365853658536583,-1.0,low,M,-0.6666666666666666,0.549758604578726,1
10868,F,Ship,0.0,3,-0.23170731707317074,0.0,low,M,0.0,0.23859211960753776,1
10869,A,Ship,0.0,4,0.06097560975609756,0.0,medium,M,0.5,0.24855941442142968,0
10870,B,Ship,0.0,2,-0.8292682926829268,0.0,medium,M,0.0,0.0722628874007164,1
10871,C,Ship,0.0,3,-1.0853658536585367,1.0,medium,M,0.0,0.01681980999844261,1
10872,F,Ship,-0.5,5,-0.10975609756097561,1.0,low,F,0.3333333333333333,0.20869023516586202,1
10873,D,Ship,-0.5,4,-0.45121951219512196,-1.0,medium,M,-0.6666666666666666,0.02834449462700514,1
10874,F,Ship,0.5,1,-0.2926829268292683,-1.0,low,M,0.3333333333333333,0.33546176608004985,0
10875,A,Ship,-0.5,3,-0.9390243902439024,1.0,low,M,-0.16666666666666666,0.20370658775891606,1
10876,B,Ship,-0.5,2,0.5,0.0,medium,F,0.16666666666666666,0.10029590406478742,0
10877,C,Ship,-0.5,3,-0.8902439024390244,-1.0,low,M,-0.8333333333333334,0.5525619062451331,0
10878,F,Ship,0.0,4,-0.7682926829268293,-1.0,low,M,0.16666666666666666,0.4905777916212428,0
10879,D,Ship,-0.5,5,0.7073170731707317,-1.0,medium,M,-0.16666666666666666,0.15667341535586357,0
10880,F,Ship,0.5,3,0.6219512195121951,-1.0,low,F,-0.5,0.15324715776358822,1
10881,A,Ship,-0.5,4,-0.8048780487804879,0.0,low,M,-1.0,0.07413175517832113,0
10882,B,Ship,-0.5,2,-1.1097560975609757,1.0,low,F,0.5,0.5425946114312412,0
10883,C,Ship,0.5,2,0.36585365853658536,-1.0,medium,F,-0.5,0.2625759227534652,1
10884,F,Ship,-0.5,4,-0.4024390243902439,1.0,medium,F,-0.6666666666666666,0.31583865441520015,1
10885,D,Ship,0.0,4,0.08536585365853659,0.0,medium,M,-0.3333333333333333,-0.0389347453667653,0
10886,F,Ship,0.0,4,-0.45121951219512196,2.0,medium,M,0.0,-0.02460675907179567,1
10887,A,Ship,0.0,2,0.14634146341463414,-1.0,low,F,-0.8333333333333334,0.0570004672169444,0
10888,B,Ship,0.0,1,0.7439024390243902,0.0,medium,F,0.0,0.3840523282977729,1
10889,C,Ship,0.0,4,-0.2682926829268293,-1.0,low,M,-1.0,0.08721382962155427,0
10890,F,Ship,0.5,5,0.35365853658536583,-1.0,medium,F,-0.3333333333333333,0.17442765924310855,0
10891,D,Ship,0.0,3,-0.3170731707317073,1.0,medium,M,0.0,-0.0389347453667653,1
10892,F,Ship,-0.5,3,-0.7926829268292683,-1.0,medium,F,-0.8333333333333334,0.36193739292945026,0
10893,A,Ship,0.0,5,-0.573170731707317,-1.0,low,F,0.0,0.514250116804236,0
10894,B,Ship,0.0,2,-0.036585365853658534,0.0,low,M,-0.5,0.5731194517987852,0
10895,C,Ship,-0.5,2,0.4146341463414634,0.0,medium,M,0.16666666666666666,0.3183304781186731,0
10896,F,Ship,1.0,3,0.36585365853658536,0.0,medium,M,-0.5,0.3513471421896901,1
10897,D,Ship,0.0,1,-0.9878048780487805,1.0,low,F,0.5,0.34542906089394176,0
10898,F,Ship,0.0,3,0.34146341463414637,-1.0,low,M,0.3333333333333333,0.226444479053107,0
10899,A,Ship,0.0,1,0.0975609756097561,-1.0,high,M,-0.6666666666666666,0.47220059180812957,1
10900,B,Ship,-1.0,1,0.18292682926829268,0.0,medium,M,0.3333333333333333,0.28842859367699736,0
10901,C,Ship,0.5,5,-0.21951219512195122,1.0,medium,M,0.16666666666666666,0.1417224731350257,1
10902,F,Ship,0.0,4,-0.15853658536585366,-1.0,medium,M,0.0,0.05326273166173493,0
10903,D,Ship,0.5,3,-0.04878048780487805,0.0,medium,M,0.3333333333333333,0.5491356486528578,0
10904,F,Ship,-0.5,5,0.32926829268292684,1.0,low,F,0.3333333333333333,0.4289051549602866,1
10905,A,Ship,0.0,2,0.04878048780487805,-1.0,low,M,-0.5,0.04672169444011836,1
10906,B,Ship,-1.0,2,-0.04878048780487805,0.0,medium,F,0.5,0.05450864351347142,1
10907,C,Ship,0.0,1,0.573170731707317,0.0,low,F,-0.6666666666666666,0.16321445257748016,1
10908,F,Ship,-1.0,1,-1.0853658536585367,1.0,low,M,-1.0,-0.016196854072574367,1
10909,D,Ship,0.0,1,-0.2682926829268293,1.0,high,M,0.5,0.13113222239526554,1
10910,F,Ship,0.0,2,0.18292682926829268,1.0,low,M,0.16666666666666666,0.3849867621865753,0
10911,A,Ship,0.5,5,0.6097560975609756,2.5,high,F,0.5,0.5014795203239371,1
10912,B,Ship,0.0,5,0.15853658536585366,2.5,low,M,0.0,0.07911540258526709,0
10913,C,Ship,0.0,2,0.5365853658536586,0.0,medium,F,0.3333333333333333,0.25790375330945337,1
10914,F,Ship,-0.5,2,-0.6097560975609756,1.0,medium,F,0.5,0.1280174427659243,1
10915,D,Ship,0.0,1,0.573170731707317,1.0,medium,F,-0.16666666666666666,0.23018221460831645,0
10916,F,Ship,0.0,4,0.07317073170731707,2.5,medium,F,0.0,0.13985360535742097,0
10917,A,Ship,0.5,1,0.12195121951219512,2.0,low,M,-1.0,-0.793957327519078,0
10918,B,Ship,0.0,1,0.13414634146341464,2.0,low,M,-0.6666666666666666,-0.8288428593676997,0
10919,C,Ship,0.5,3,0.3902439024390244,2.0,low,M,-0.8333333333333334,-0.9232206821367388,0
10920,F,Ship,0.5,1,0.08536585365853659,2.5,medium,F,0.0,-0.7188911384519545,1
10921,D,Ship,0.0,4,0.524390243902439,2.0,medium,F,0.3333333333333333,-0.7101697554897991,1
10922,F,Ship,0.5,1,0.24390243902439024,2.0,medium,F,0.3333333333333333,-0.6905466438249493,1
10923,A,Ship,0.0,4,0.024390243902439025,2.5,low,M,0.5,-0.9014172247313502,0
10924,B,Ship,0.5,5,0.08536585365853659,2.0,low,F,-0.6666666666666666,-0.9123189534340446,0
10925,C,Ship,0.0,2,0.4268292682926829,2.0,low,M,-1.0,-0.918548512692727,0
10926,F,Ship,0.5,1,0.3170731707317073,2.0,low,M,0.5,-0.8646628251051238,1
10927,D,Ship,0.5,3,0.06097560975609756,2.0,low,F,-0.16666666666666666,-0.8085967917769817,0
10928,F,Ship,0.5,3,0.06097560975609756,2.0,low,M,0.0,-0.671546488085968,1
10929,A,Ship,-0.5,5,0.7804878048780488,1.0,medium,F,0.16666666666666666,-0.7363339043762653,0
10930,B,Ship,0.5,4,0.21951219512195122,2.0,medium,M,-0.3333333333333333,-0.8758760317707522,0
10931,C,Ship,0.0,4,0.47560975609756095,2.0,low,F,-0.8333333333333334,-0.7600062295592587,0
10932,F,Ship,0.0,3,0.47560975609756095,2.0,low,M,-0.16666666666666666,-0.8668431708456626,1
10933,D,Ship,0.0,2,0.573170731707317,2.0,low,F,0.16666666666666666,-0.9076467839900327,1
10934,F,Road,0.5,1,0.45121951219512196,2.5,low,F,-0.6666666666666666,-0.8057934901105747,0
10935,A,Road,0.5,4,0.7439024390243902,2.0,low,M,-0.5,-0.8182526086279396,1
10936,B,Road,0.0,2,0.18292682926829268,2.5,medium,F,-0.3333333333333333,-0.7662357888179411,0
10937,C,Road,0.5,3,0.524390243902439,2.0,medium,M,0.16666666666666666,-0.6752842236411774,1
10938,F,Road,0.5,3,0.18292682926829268,2.0,low,F,0.5,-0.684628562529201,0
10939,D,Road,0.0,2,0.5,2.0,medium,M,-0.8333333333333334,-0.9229092041738047,1
10940,F,Road,0.5,4,0.34146341463414637,2.0,low,F,0.5,-0.8671546488085968,0
10941,A,Road,0.0,1,-0.2682926829268293,1.0,low,M,-0.6666666666666666,-0.7662357888179411,0
10942,B,Road,0.5,1,0.04878048780487805,2.0,medium,M,0.16666666666666666,-0.7780719514094377,1
10943,C,Road,0.5,1,0.06097560975609756,2.5,low,F,-0.8333333333333334,-0.7783834293723719,1
10944,F,Road,0.5,3,0.573170731707317,2.0,medium,M,0.5,-0.8456626693661423,1
10945,D,Road,0.5,4,0.2682926829268293,2.0,medium,F,-0.5,-0.6855629964180034,0
10946,F,Road,0.5,2,0.524390243902439,2.5,low,M,-0.6666666666666666,-0.8627939573275191,1
10947,A,Road,0.0,2,0.4634146341463415,2.0,medium,M,0.0,-0.939106058246379,1
10948,B,Road,0.0,1,0.21951219512195122,2.0,medium,M,0.3333333333333333,-0.9356798006541037,0
10949,C,Road,0.5,4,0.18292682926829268,2.0,low,F,-0.6666666666666666,-0.7126615791932721,1
10950,F,Road,-0.5,4,-0.14634146341463414,0.0,medium,M,0.0,-0.6861859523438717,0
10951,D,Road,0.0,3,0.17073170731707318,2.0,medium,M,0.16666666666666666,-0.7463011991901572,1
10952,F,Road,0.5,2,0.36585365853658536,2.5,low,M,-1.0,-0.9188599906556612,0
10953,A,Road,0.5,1,0.5609756097560976,2.0,low,F,-0.6666666666666666,-0.7612521414109952,0
10954,B,Road,0.0,1,0.3780487804878049,2.0,low,M,-0.6666666666666666,-0.8263510356642267,1
10955,C,Road,0.0,1,0.573170731707317,0.0,low,F,0.16666666666666666,0.3292322068213674,1
10956,F,Flight,-1.0,5,-1.0853658536585367,1.0,low,M,-0.3333333333333333,0.5348076623578881,0
10957,D,Flight,0.0,3,-0.2682926829268293,1.0,high,M,0.0,0.24918237034729793,0
10958,F,Flight,0.0,3,0.18292682926829268,1.0,low,F,0.0,0.21180501479520325,0
10959,A,Flight,0.5,2,0.6097560975609756,2.5,high,M,-0.8333333333333334,0.343560193116337,1
10960,B,Flight,0.0,2,0.15853658536585366,2.5,low,F,0.5,0.14639464257903753,0
10961,C,Flight,0.0,4,0.5365853658536586,0.0,medium,M,-0.5,0.1336240460987385,0
10962,F,Flight,-0.5,2,-0.6097560975609756,1.0,medium,M,-0.16666666666666666,0.5021024762498053,0
10963,D,Flight,0.0,1,0.573170731707317,1.0,medium,F,0.0,0.4519545242174116,1
10964,F,Flight,0.0,5,0.07317073170731707,2.5,medium,M,0.16666666666666666,-0.015262420183771998,1
10965,A,Flight,0.5,3,0.12195121951219512,2.0,low,M,-0.3333333333333333,-0.7185796604890204,0
10966,B,Flight,0.0,3,0.13414634146341464,2.0,low,M,-1.0,-0.745678243264289,0
10967,C,Flight,0.5,5,0.3902439024390244,2.0,low,F,-0.16666666666666666,-0.8874007163993147,0
10968,F,Flight,0.5,4,0.08536585365853659,2.5,medium,M,-0.3333333333333333,-0.68680890826974,0
10969,D,Flight,0.0,4,0.524390243902439,2.0,medium,F,-0.5,-0.7727768260395577,0
10970,F,Flight,0.5,2,0.24390243902439024,2.0,medium,M,0.0,-0.8176296527020713,0
10971,A,Flight,0.0,4,0.024390243902439025,2.5,low,M,-0.3333333333333333,-0.8961220993614701,0
10972,B,Flight,0.5,5,0.08536585365853659,2.0,low,M,0.16666666666666666,-0.7572029278928516,0
10973,C,Flight,0.0,1,0.4268292682926829,2.0,low,F,0.5,-0.7434978975237502,1
10974,F,Flight,0.5,2,0.3170731707317073,2.0,low,F,0.0,-0.6933499454913565,0
10975,D,Flight,0.5,2,0.06097560975609756,2.0,low,F,0.3333333333333333,-0.8235477339978197,0
10976,F,Flight,0.5,2,0.06097560975609756,2.0,low,M,0.5,-0.8948761875097336,0
10977,A,Flight,-0.5,2,0.7804878048780488,1.0,medium,M,0.3333333333333333,-0.7843015106681203,0
10978,B,Ship,0.5,4,0.21951219512195122,2.0,medium,F,-0.5,-0.8061049680735088,0
10979,C,Ship,0.0,1,0.47560975609756095,2.0,low,F,-0.8333333333333334,-0.8680890826973992,0
10980,F,Ship,0.0,2,0.47560975609756095,2.0,low,F,-0.6666666666666666,-0.954057000467217,1
10981,D,Ship,0.0,4,0.573170731707317,2.0,low,F,-0.5,-0.778694907335306,1
10982,F,Ship,0.5,2,0.45121951219512196,2.5,low,M,0.5,-0.9197944245444635,0
10983,A,Ship,0.5,1,0.7439024390243902,2.0,low,M,0.0,-0.7867933343715932,1
10984,B,Ship,0.0,3,0.18292682926829268,2.5,medium,M,-1.0,-0.9076467839900327,1
10985,C,Ship,0.5,1,0.524390243902439,2.0,medium,M,-1.0,-0.949073353060271,1
10986,F,Ship,0.5,1,0.18292682926829268,2.0,low,F,0.5,-0.9683849867621865,1
10987,D,Ship,0.0,5,0.5,2.0,medium,M,-0.3333333333333333,-0.8381871982557234,1
10988,F,Ship,0.5,3,0.34146341463414637,2.0,low,F,0.5,-0.7173337486372839,1
10989,A,Ship,0.0,3,-0.2682926829268293,1.0,low,F,-0.8333333333333334,-0.7223173960442298,0
10990,B,Ship,0.5,1,0.04878048780487805,2.0,medium,F,0.3333333333333333,-0.7930228936302757,0
10991,C,Ship,0.5,4,0.06097560975609756,2.5,low,M,-0.6666666666666666,-0.9503192649120075,0
10992,F,Ship,0.5,2,0.573170731707317,2.0,medium,M,0.3333333333333333,-0.9101386076935056,1
10993,D,Ship,0.5,1,0.2682926829268293,2.0,medium,M,-0.6666666666666666,-0.6986450708612366,0
10994,F,Ship,0.5,1,0.524390243902439,2.5,low,F,-1.0,-0.9341224108394331,0
10995,A,Ship,0.0,1,0.4634146341463415,2.0,medium,F,-1.0,-0.8132689612209936,1
10996,B,Ship,0.0,1,0.21951219512195122,2.0,medium,F,-0.16666666666666666,-0.9039090484348232,0
10997,C,Ship,0.5,4,0.34146341463414637,2.0,low,F,-0.5,-0.9325650210247625,0
10998,F,Ship,0.5,2,0.10975609756097561,2.5,medium,M,-0.8333333333333334,-0.9154337330633857,0
10999,D,Ship,-1.0,5,-0.7195121951219512,2.0,low,F,-0.16666666666666666,-0.7818096869646473,0
